{"type": "FeatureCollection", "features": [{"type": "Feature", "properties": {"nome": "L675_004900", "codice": "12", "vertici": 590}, "geometry": {"type": "Polygon", "coordinates": [[[-30088.509, -11457.763], [-30092.713, -11455.324], [-30095.79, -11455.388], [-30100.343, -11452.437], [-30111.728, -11443.661], [-30119.795, -11434.247], [-30129.573, -11427.541], [-30134.985, -11424.939], [-30152.137, -11420.815], [-30168.957, -11411.593], [-30173.932, -11407.122], [-30175.328, -11402.052], [-30178.216, -11396.186], [-30180.803, -11394.001], [-30197.56, -11386.522], [-30199.518, -11388.743], [-30206.68, -11394.445], [-30208.443, -11395.411], [-30212.223, -11397.625], [-30232.563, -11407.471], [-30236.53, -11410.168], [-30237.244, -11410.574], [-30239.491, -11412.836], [-30241.882, -11413.827], [-30257.622, -11409.42], [-30264.392, -11411.342], [-30268.864, -11418.781], [-30273.548, -11423.304], [-30280.819, -11432.479], [-30282.662, -11432.696], [-30283.341, -11435.086], [-30290.604, -11443.051], [-30304.047, -11454.724], [-30308.431, -11457.117], [-30309.534, -11457.719], [-30315.988, -11464.025], [-30323.506, -11468.668], [-30326.166, -11466.188], [-30333.018, -11461.763], [-30335.613, -11464.061], [-30343.019, -11471.254], [-30348.062, -11468.209], [-30361.476, -11457.604], [-30370.677, -11447.95], [-30376.325, -11441.114], [-30399.353, -11424.457], [-30404.776, -11419.273], [-30408.839, -11417.3], [-30416.74, -11418.819], [-30419.98, -11418.107], [-30424.953, -11419.753], [-30442.237, -11418.189], [-30446.431, -11419.417], [-30474.425, -11416.663], [-30482.183, -11417.273], [-30488.343, -11419.706], [-30496.574, -11424.104], [-30500.585, -11425.765], [-30508.373, -11427.052], [-30512.451, -11425.265], [-30554.578, -11404.314], [-30557.886, -11401.328], [-30573.579, -11391.202], [-30575.606, -11392.793], [-30574.72, -11395.128], [-30574.374, -11401.97], [-30594.548, -11408.42], [-30633.038, -11425.843], [-30634.426, -11428.801], [-30632.255, -11434.763], [-30639.725, -11433.705], [-30645.216, -11429.631], [-30648.731, -11425.815], [-30649.573, -11424.484], [-30668.151, -11408.317], [-30670.852, -11406.58], [-30673.822, -11403.751], [-30682.257, -11398.859], [-30691.017, -11388.005], [-30690.532, -11385.857], [-30692.765, -11377.63], [-30694.014, -11375.455], [-30698.367, -11371.13], [-30699.389, -11371.76], [-30709.254, -11362.0], [-30716.182, -11376.588], [-30736.673, -11367.554], [-30736.466, -11378.691], [-30740.536, -11391.637], [-30741.326, -11395.599], [-30738.989, -11403.524], [-30736.973, -11414.365], [-30737.123, -11424.437], [-30733.645, -11430.985], [-30727.224, -11452.799], [-30730.018, -11459.287], [-30728.299, -11466.091], [-30731.722, -11472.541], [-30742.548, -11472.851], [-30746.4, -11473.613], [-30750.893, -11473.084], [-30755.741, -11469.79], [-30758.039, -11471.816], [-30760.764, -11475.254], [-30767.272, -11474.471], [-30772.341, -11476.861], [-30777.855, -11477.155], [-30784.0, -11479.746], [-30787.237, -11478.95], [-30795.085, -11478.768], [-30796.163, -11479.703], [-30803.288, -11478.125], [-30808.216, -11476.09], [-30820.949, -11473.299], [-30825.272, -11471.254], [-30826.763, -11474.254], [-30838.527, -11468.254], [-30845.619, -11474.581], [-30847.395, -11469.892], [-30848.584, -11462.912], [-30849.586, -11460.077], [-30852.998, -11453.855], [-30854.173, -11449.27], [-30856.222, -11447.215], [-30871.912, -11439.674], [-30879.653, -11437.835], [-30882.629, -11436.081], [-30884.458, -11433.782], [-30887.16, -11430.391], [-30890.926, -11425.653], [-30896.279, -11422.061], [-30899.156, -11428.984], [-30903.626, -11437.878], [-30906.511, -11436.487], [-30905.916, -11435.298], [-30911.437, -11431.455], [-30911.822, -11432.231], [-30916.42, -11430.057], [-30922.492, -11426.006], [-30924.082, -11425.368], [-30927.147, -11430.235], [-30930.041, -11431.406], [-30940.753, -11431.945], [-30945.584, -11434.735], [-30949.076, -11436.908], [-30953.512, -11439.117], [-30957.851, -11444.406], [-30970.187, -11452.143], [-30975.517, -11450.48], [-30984.59, -11441.984], [-30996.475, -11434.539], [-31003.044, -11431.873], [-31008.565, -11431.362], [-31016.091, -11435.629], [-31019.659, -11438.97], [-31021.048, -11439.71], [-31027.693, -11440.867], [-31038.459, -11441.682], [-31044.356, -11440.054], [-31051.503, -11440.089], [-31055.455, -11439.373], [-31066.601, -11439.03], [-31078.335, -11437.741], [-31085.98, -11433.016], [-31094.233, -11424.051], [-31098.27, -11421.448], [-31100.084, -11419.257], [-31102.462, -11413.739], [-31110.003, -11401.802], [-31117.411, -11392.686], [-31128.089, -11382.316], [-31129.902, -11381.031], [-31130.908, -11382.266], [-31136.909, -11388.41], [-31155.529, -11404.061], [-31169.079, -11406.022], [-31176.609, -11408.853], [-31191.648, -11418.91], [-31195.577, -11422.71], [-31196.865, -11424.691], [-31202.048, -11427.449], [-31204.668, -11428.57], [-31204.447, -11430.291], [-31196.764, -11435.767], [-31193.483, -11435.144], [-31180.299, -11443.901], [-31175.257, -11448.364], [-31175.003, -11455.311], [-31169.147, -11468.351], [-31163.681, -11476.957], [-31154.215, -11492.912], [-31150.631, -11501.84], [-31148.945, -11510.477], [-31151.542, -11521.628], [-31151.209, -11525.009], [-31148.785, -11529.092], [-31143.836, -11546.454], [-31132.379, -11560.888], [-31128.274, -11564.476], [-31121.034, -11572.216], [-31117.77, -11576.147], [-31118.73, -11585.549], [-31117.262, -11590.97], [-31110.955, -11599.639], [-31100.525, -11609.526], [-31075.143, -11597.919], [-31050.904, -11597.316], [-31038.456, -11613.572], [-31036.841, -11630.291], [-31029.999, -11637.143], [-31016.845, -11648.352], [-30999.358, -11655.547], [-30996.336, -11656.686], [-30991.746, -11660.944], [-30987.033, -11671.595], [-30982.041, -11674.176], [-30969.015, -11678.591], [-30962.167, -11686.667], [-30953.244, -11690.454], [-30943.82, -11692.984], [-30920.511, -11705.312], [-30905.836, -11709.068], [-30888.31, -11706.646], [-30884.026, -11707.482], [-30880.492, -11707.25], [-30857.47, -11714.15], [-30850.099, -11714.161], [-30838.44, -11709.893], [-30823.903, -11712.131], [-30806.825, -11717.47], [-30802.507, -11717.512], [-30798.855, -11715.441], [-30778.957, -11715.685], [-30771.533, -11712.791], [-30766.299, -11708.01], [-30754.303, -11684.793], [-30743.59, -11679.137], [-30724.619, -11671.936], [-30716.336, -11677.119], [-30711.73, -11681.56], [-30702.62, -11687.605], [-30685.788, -11696.355], [-30679.983, -11700.224], [-30657.356, -11707.532], [-30651.55, -11706.644], [-30636.752, -11708.483], [-30625.871, -11708.745], [-30605.311, -11710.538], [-30591.965, -11709.309], [-30587.311, -11711.334], [-30580.374, -11719.947], [-30577.056, -11731.185], [-30578.097, -11735.718], [-30561.791, -11760.0], [-30557.174, -11764.244], [-30549.546, -11766.633], [-30537.921, -11770.964], [-30524.469, -11773.562], [-30506.243, -11780.243], [-30500.569, -11783.441], [-30495.426, -11787.103], [-30491.922, -11788.038], [-30484.643, -11783.779], [-30482.415, -11780.562], [-30481.13, -11775.385], [-30476.023, -11770.837], [-30469.928, -11768.952], [-30458.616, -11769.243], [-30452.958, -11776.388], [-30449.668, -11785.652], [-30435.191, -11784.202], [-30421.925, -11786.926], [-30412.298, -11786.274], [-30398.336, -11788.028], [-30391.242, -11788.012], [-30385.017, -11791.394], [-30380.122, -11794.801], [-30368.127, -11801.837], [-30352.496, -11809.878], [-30344.306, -11814.526], [-30335.295, -11813.45], [-30323.724, -11807.414], [-30318.75, -11803.131], [-30310.371, -11801.035], [-30304.954, -11804.103], [-30294.101, -11808.036], [-30283.896, -11817.045], [-30260.235, -11832.737], [-30255.329, -11836.772], [-30250.851, -11845.631], [-30242.87, -11852.357], [-30236.451, -11859.269], [-30232.793, -11868.594], [-30223.462, -11872.953], [-30208.634, -11880.798], [-30201.992, -11886.592], [-30193.026, -11897.38], [-30190.639, -11903.53], [-30190.413, -11922.111], [-30185.574, -11937.47], [-30185.448, -11943.273], [-30198.397, -11975.373], [-30196.7, -11985.942], [-30193.444, -11990.883], [-30187.267, -12008.335], [-30182.804, -12014.007], [-30180.235, -12032.033], [-30177.127, -12041.226], [-30169.048, -12051.017], [-30161.394, -12056.322], [-30157.788, -12059.786], [-30157.148, -12067.616], [-30154.549, -12085.457], [-30153.545, -12092.109], [-30157.271, -12113.885], [-30158.911, -12118.606], [-30158.651, -12122.824], [-30153.811, -12128.46], [-30150.487, -12136.931], [-30160.629, -12151.951], [-30163.349, -12160.74], [-30163.387, -12169.101], [-30161.281, -12176.8], [-30158.147, -12185.056], [-30155.73, -12190.393], [-30151.946, -12196.627], [-30150.414, -12198.537], [-30147.413, -12201.186], [-30143.188, -12200.696], [-30142.215, -12201.58], [-30138.246, -12201.621], [-30131.297, -12197.813], [-30123.819, -12194.994], [-30099.028, -12199.462], [-30082.675, -12206.742], [-30051.825, -12221.919], [-30024.76, -12233.628], [-30017.239, -12240.955], [-30013.551, -12248.196], [-30012.233, -12252.436], [-30009.441, -12255.886], [-30006.775, -12261.022], [-30008.106, -12280.4], [-30009.273, -12290.731], [-30009.985, -12293.399], [-30006.561, -12308.588], [-30001.99, -12314.869], [-29990.29, -12328.977], [-29976.276, -12346.385], [-29954.034, -12362.795], [-29949.058, -12369.179], [-29941.417, -12389.819], [-29942.003, -12404.351], [-29941.038, -12405.793], [-29942.044, -12422.561], [-29940.083, -12426.281], [-29930.135, -12427.853], [-29926.967, -12430.696], [-29924.743, -12431.254], [-29918.954, -12441.61], [-29901.745, -12463.053], [-29899.68, -12468.959], [-29898.511, -12467.138], [-29900.602, -12461.984], [-29916.927, -12441.345], [-29924.138, -12428.087], [-29925.653, -12425.91], [-29919.171, -12424.081], [-29915.053, -12416.056], [-29914.728, -12411.829], [-29915.832, -12407.826], [-29917.252, -12402.324], [-29921.299, -12391.16], [-29922.13, -12385.845], [-29921.975, -12384.011], [-29921.211, -12374.987], [-29918.139, -12346.906], [-29930.038, -12345.312], [-29933.557, -12367.413], [-29948.562, -12337.357], [-29957.292, -12325.057], [-29967.942, -12312.222], [-29972.248, -12314.708], [-29981.899, -12300.944], [-29985.848, -12289.627], [-29990.999, -12277.657], [-29993.705, -12272.152], [-29998.393, -12264.492], [-30005.628, -12258.725], [-30006.322, -12253.509], [-30012.094, -12247.749], [-30016.629, -12239.421], [-30023.599, -12232.473], [-30033.681, -12227.942], [-30011.291, -12188.097], [-30004.799, -12192.149], [-29998.702, -12193.194], [-29988.005, -12198.412], [-29979.378, -12203.246], [-29962.466, -12203.687], [-29949.841, -12212.539], [-29946.204, -12214.103], [-29944.984, -12213.501], [-29915.614, -12258.004], [-29871.119, -12324.601], [-29862.88, -12337.065], [-29867.273, -12341.702], [-29857.567, -12352.016], [-29861.167, -12357.106], [-29854.326, -12365.051], [-29849.585, -12356.147], [-29826.049, -12389.327], [-29823.141, -12374.998], [-29810.215, -12365.957], [-29796.243, -12353.316], [-29785.859, -12344.263], [-29777.714, -12338.096], [-29796.746, -12320.018], [-29784.03, -12305.485], [-29818.781, -12275.473], [-29828.016, -12267.561], [-29828.942, -12266.807], [-29864.473, -12237.552], [-29836.255, -12194.86], [-29842.545, -12190.789], [-29848.708, -12190.566], [-29852.637, -12186.979], [-29851.773, -12180.166], [-29854.333, -12179.282], [-29855.75, -12183.599], [-29862.336, -12175.449], [-29858.733, -12168.465], [-29861.106, -12166.525], [-29863.752, -12162.02], [-29865.944, -12155.774], [-29869.96, -12154.061], [-29871.891, -12154.448], [-29878.686, -12163.004], [-29867.409, -12121.527], [-29862.975, -12122.171], [-29863.857, -12085.832], [-29880.033, -12086.391], [-29882.872, -12086.431], [-29895.485, -12058.87], [-29902.576, -12046.568], [-29904.753, -12042.605], [-29915.792, -12032.771], [-29922.222, -12033.633], [-29924.955, -12036.884], [-29926.762, -12038.866], [-29926.31, -12048.37], [-29932.085, -12030.256], [-29923.769, -12025.776], [-29919.32, -12025.059], [-29917.823, -12026.904], [-29901.301, -12023.397], [-29886.127, -12017.312], [-29875.777, -12014.601], [-29899.277, -11973.565], [-29912.117, -11958.745], [-29904.383, -11951.258], [-29902.921, -11950.401], [-29903.71, -11943.667], [-29904.122, -11941.382], [-29909.953, -11928.657], [-29912.079, -11922.871], [-29909.904, -11921.258], [-29908.768, -11916.211], [-29908.523, -11914.008], [-29888.634, -11891.855], [-29888.265, -11887.176], [-29884.807, -11867.36], [-29890.981, -11865.87], [-29893.701, -11863.257], [-29888.67, -11857.439], [-29865.997, -11844.114], [-29864.464, -11829.29], [-29868.937, -11826.369], [-29886.376, -11815.599], [-29882.286, -11811.425], [-29899.117, -11798.623], [-29929.231, -11781.296], [-29936.509, -11791.113], [-29937.023, -11790.806], [-29933.752, -11783.824], [-29932.478, -11778.184], [-29917.133, -11752.304], [-29915.073, -11749.17], [-29897.951, -11728.238], [-29880.362, -11712.031], [-29868.146, -11701.107], [-29857.947, -11692.108], [-29852.61, -11687.399], [-29850.038, -11685.423], [-29844.0, -11692.018], [-29840.551, -11689.288], [-29824.879, -11707.464], [-29819.11, -11714.079], [-29810.74, -11716.285], [-29797.902, -11692.148], [-29795.085, -11686.759], [-29783.113, -11665.095], [-29777.388, -11666.835], [-29772.765, -11669.388], [-29767.808, -11673.353], [-29767.328, -11673.983], [-29764.766, -11671.181], [-29737.965, -11628.723], [-29730.742, -11634.465], [-29698.599, -11659.016], [-29686.786, -11646.674], [-29686.755, -11647.083], [-29676.04, -11635.482], [-29670.352, -11629.757], [-29643.145, -11606.112], [-29641.789, -11604.976], [-29636.088, -11601.532], [-29636.26, -11599.674], [-29638.65, -11579.306], [-29640.211, -11570.928], [-29641.362, -11562.23], [-29641.856, -11558.784], [-29642.984, -11553.509], [-29667.793, -11547.353], [-29668.604, -11548.849], [-29672.311, -11546.418], [-29670.211, -11543.059], [-29675.036, -11542.478], [-29671.847, -11538.034], [-29676.598, -11533.244], [-29662.129, -11513.946], [-29662.904, -11513.509], [-29626.027, -11466.572], [-29622.524, -11462.113], [-29617.439, -11457.041], [-29582.322, -11422.027], [-29549.48, -11389.415], [-29548.385, -11388.108], [-29547.583, -11385.1], [-29547.817, -11381.578], [-29548.688, -11379.56], [-29552.029, -11376.144], [-29567.944, -11359.879], [-29617.222, -11404.438], [-29633.938, -11419.925], [-29645.312, -11433.802], [-29754.829, -11531.722], [-29760.342, -11530.618], [-29768.686, -11523.784], [-29776.124, -11516.156], [-29779.833, -11514.094], [-29798.904, -11507.208], [-29810.79, -11507.068], [-29816.807, -11505.762], [-29818.136, -11508.971], [-29838.216, -11506.819], [-29868.281, -11506.29], [-29875.945, -11501.455], [-29882.065, -11496.555], [-29887.125, -11492.31], [-29893.624, -11482.386], [-29895.692, -11481.648], [-29903.304, -11479.803], [-29910.73, -11479.493], [-29914.694, -11475.368], [-29919.525, -11477.2], [-29920.739, -11475.706], [-29923.442, -11477.267], [-29926.654, -11476.186], [-29941.459, -11467.083], [-29957.716, -11455.252], [-29971.86, -11445.446], [-29992.839, -11431.503], [-30013.273, -11416.926], [-30024.227, -11410.538], [-30035.249, -11406.465], [-30052.881, -11401.727], [-30063.564, -11397.695], [-30071.319, -11400.088], [-30073.799, -11407.945], [-30073.857, -11411.869], [-30075.204, -11415.356], [-30075.562, -11416.283], [-30076.258, -11419.711], [-30077.065, -11425.937], [-30078.419, -11430.425], [-30079.862, -11435.207], [-30082.044, -11442.436], [-30084.936, -11450.199], [-30088.509, -11457.763]]]}}, {"type": "Feature", "properties": {"nome": "ACQUA", "codice": "12", "vertici": 32}, "geometry": {"type": "Polygon", "coordinates": [[[-30148.0, -11724.526], [-30125.607, -11730.039], [-30120.162, -11734.243], [-30107.525, -11737.392], [-30096.746, -11736.0], [-30091.394, -11735.579], [-30087.661, -11743.454], [-30083.0, -11748.509], [-30077.217, -11750.078], [-30074.723, -11753.885], [-30070.948, -11766.384], [-30067.378, -11773.854], [-30063.195, -11780.132], [-30058.508, -11783.595], [-30046.272, -11791.0], [-30045.782, -11787.508], [-30055.46, -11781.952], [-30059.541, -11778.855], [-30060.571, -11777.932], [-30065.225, -11772.649], [-30068.854, -11765.207], [-30072.245, -11755.455], [-30072.831, -11752.801], [-30076.764, -11747.018], [-30082.805, -11746.184], [-30086.667, -11740.554], [-30090.583, -11734.19], [-30095.679, -11734.5], [-30107.288, -11735.885], [-30118.659, -11733.186], [-30125.454, -11729.063], [-30148.0, -11724.526]]]}}, {"type": "Feature", "properties": {"nome": "ACQUA", "codice": "12", "vertici": 446}, "geometry": {"type": "Polygon", "coordinates": [[[-31204.668, -11428.57], [-31204.447, -11430.291], [-31196.764, -11435.767], [-31193.483, -11435.144], [-31180.299, -11443.901], [-31175.257, -11448.364], [-31175.003, -11455.311], [-31169.147, -11468.351], [-31163.681, -11476.957], [-31154.215, -11492.912], [-31150.631, -11501.84], [-31148.945, -11510.477], [-31151.542, -11521.628], [-31151.209, -11525.009], [-31148.785, -11529.092], [-31143.836, -11546.454], [-31132.379, -11560.888], [-31128.274, -11564.476], [-31121.034, -11572.216], [-31117.77, -11576.147], [-31118.73, -11585.549], [-31117.262, -11590.97], [-31110.955, -11599.639], [-31100.525, -11609.526], [-31075.143, -11597.919], [-31050.904, -11597.316], [-31038.456, -11613.572], [-31036.841, -11630.291], [-31029.999, -11637.143], [-31016.845, -11648.352], [-30999.358, -11655.547], [-30996.336, -11656.686], [-30991.746, -11660.944], [-30987.033, -11671.595], [-30982.041, -11674.176], [-30969.015, -11678.591], [-30962.167, -11686.667], [-30953.244, -11690.454], [-30943.82, -11692.984], [-30920.511, -11705.312], [-30905.836, -11709.068], [-30888.31, -11706.646], [-30884.026, -11707.482], [-30880.492, -11707.25], [-30857.47, -11714.15], [-30850.099, -11714.161], [-30838.44, -11709.893], [-30823.903, -11712.131], [-30806.825, -11717.47], [-30802.507, -11717.512], [-30798.855, -11715.441], [-30778.957, -11715.685], [-30771.533, -11712.791], [-30766.299, -11708.01], [-30754.303, -11684.793], [-30743.59, -11679.137], [-30724.619, -11671.936], [-30716.336, -11677.119], [-30711.73, -11681.56], [-30702.62, -11687.605], [-30685.788, -11696.355], [-30679.983, -11700.224], [-30657.356, -11707.532], [-30651.55, -11706.644], [-30636.752, -11708.483], [-30625.871, -11708.745], [-30605.311, -11710.538], [-30591.965, -11709.309], [-30587.311, -11711.334], [-30580.374, -11719.947], [-30577.056, -11731.185], [-30578.097, -11735.718], [-30561.791, -11760.0], [-30557.174, -11764.244], [-30549.546, -11766.633], [-30537.921, -11770.964], [-30524.469, -11773.562], [-30506.243, -11780.243], [-30500.569, -11783.441], [-30495.426, -11787.103], [-30491.922, -11788.038], [-30484.643, -11783.779], [-30482.415, -11780.562], [-30481.13, -11775.385], [-30476.023, -11770.837], [-30469.928, -11768.952], [-30458.616, -11769.243], [-30452.958, -11776.388], [-30449.668, -11785.652], [-30435.191, -11784.202], [-30421.925, -11786.926], [-30412.298, -11786.274], [-30398.336, -11788.028], [-30391.242, -11788.012], [-30385.017, -11791.394], [-30380.122, -11794.801], [-30368.127, -11801.837], [-30352.496, -11809.878], [-30344.306, -11814.526], [-30335.295, -11813.45], [-30323.724, -11807.414], [-30318.75, -11803.131], [-30310.371, -11801.035], [-30304.954, -11804.103], [-30294.101, -11808.036], [-30283.896, -11817.045], [-30260.235, -11832.737], [-30255.329, -11836.772], [-30250.851, -11845.631], [-30242.87, -11852.357], [-30236.451, -11859.269], [-30232.793, -11868.594], [-30223.462, -11872.953], [-30208.634, -11880.798], [-30201.992, -11886.592], [-30193.026, -11897.38], [-30190.639, -11903.53], [-30190.413, -11922.111], [-30185.574, -11937.47], [-30185.448, -11943.273], [-30198.397, -11975.373], [-30196.7, -11985.942], [-30193.444, -11990.883], [-30187.267, -12008.335], [-30182.804, -12014.007], [-30180.235, -12032.033], [-30177.127, -12041.226], [-30169.048, -12051.017], [-30161.394, -12056.322], [-30157.788, -12059.786], [-30157.148, -12067.616], [-30154.549, -12085.457], [-30153.545, -12092.109], [-30157.271, -12113.885], [-30158.911, -12118.606], [-30158.651, -12122.824], [-30153.811, -12128.46], [-30150.487, -12136.931], [-30160.629, -12151.951], [-30163.349, -12160.74], [-30163.387, -12169.101], [-30161.281, -12176.8], [-30158.147, -12185.056], [-30155.73, -12190.393], [-30151.946, -12196.627], [-30150.414, -12198.537], [-30147.413, -12201.186], [-30143.188, -12200.696], [-30142.215, -12201.58], [-30138.246, -12201.621], [-30131.297, -12197.813], [-30123.819, -12194.994], [-30099.028, -12199.462], [-30082.675, -12206.742], [-30051.825, -12221.919], [-30024.76, -12233.628], [-30017.239, -12240.955], [-30013.551, -12248.196], [-30012.233, -12252.436], [-30009.441, -12255.886], [-30006.775, -12261.022], [-30008.106, -12280.4], [-30009.273, -12290.731], [-30009.985, -12293.399], [-30006.561, -12308.588], [-30001.99, -12314.869], [-29990.29, -12328.977], [-29976.276, -12346.385], [-29954.034, -12362.795], [-29949.058, -12369.179], [-29941.417, -12389.819], [-29942.003, -12404.351], [-29941.038, -12405.793], [-29942.044, -12422.561], [-29940.083, -12426.281], [-29930.135, -12427.853], [-29926.967, -12430.696], [-29924.743, -12431.254], [-29918.954, -12441.61], [-29901.745, -12463.053], [-29899.68, -12468.959], [-29898.511, -12467.138], [-29900.602, -12461.984], [-29916.927, -12441.345], [-29924.138, -12428.087], [-29925.653, -12425.91], [-29927.37, -12425.967], [-29929.379, -12425.755], [-29936.901, -12424.955], [-29940.846, -12420.708], [-29938.532, -12404.099], [-29940.907, -12402.865], [-29939.696, -12389.455], [-29948.664, -12365.477], [-29968.249, -12350.505], [-29975.075, -12345.391], [-30005.775, -12307.25], [-30007.543, -12295.733], [-30007.52, -12285.896], [-30006.446, -12266.166], [-30005.073, -12262.577], [-30005.628, -12258.725], [-30006.322, -12253.509], [-30012.094, -12247.749], [-30016.629, -12239.421], [-30023.599, -12232.473], [-30033.681, -12227.942], [-30051.929, -12221.021], [-30073.797, -12209.296], [-30100.032, -12197.556], [-30110.916, -12195.469], [-30123.627, -12193.495], [-30133.018, -12195.254], [-30138.765, -12200.257], [-30141.078, -12200.114], [-30143.702, -12197.619], [-30147.254, -12200.255], [-30150.165, -12197.128], [-30155.295, -12188.889], [-30161.259, -12174.162], [-30162.43, -12168.565], [-30161.635, -12160.228], [-30161.639, -12158.064], [-30159.728, -12152.91], [-30150.158, -12139.167], [-30148.559, -12136.002], [-30151.717, -12128.804], [-30157.254, -12118.746], [-30155.712, -12114.887], [-30151.707, -12092.547], [-30152.254, -12088.0], [-30156.586, -12059.369], [-30166.768, -12049.176], [-30174.603, -12040.825], [-30178.795, -12031.061], [-30180.062, -12022.141], [-30181.157, -12014.152], [-30186.558, -12007.751], [-30187.875, -12002.493], [-30197.216, -11976.07], [-30185.345, -11947.6], [-30183.833, -11944.397], [-30183.801, -11936.516], [-30187.894, -11922.24], [-30187.974, -11907.588], [-30188.126, -11903.325], [-30190.224, -11899.169], [-30192.92, -11894.919], [-30199.283, -11886.419], [-30207.854, -11876.846], [-30226.317, -11867.778], [-30244.743, -11847.426], [-30254.548, -11835.866], [-30260.306, -11830.703], [-30274.074, -11822.062], [-30282.795, -11816.24], [-30292.939, -11807.661], [-30304.614, -11803.107], [-30310.272, -11800.197], [-30316.908, -11799.328], [-30321.283, -11803.273], [-30325.446, -11806.221], [-30333.264, -11809.847], [-30344.365, -11812.982], [-30369.856, -11800.037], [-30383.93, -11790.109], [-30390.81, -11787.071], [-30398.883, -11787.298], [-30411.145, -11784.632], [-30422.374, -11785.644], [-30434.238, -11782.396], [-30448.526, -11784.664], [-30450.141, -11777.572], [-30450.902, -11774.33], [-30457.313, -11768.549], [-30458.425, -11768.136], [-30468.254, -11768.018], [-30470.98, -11768.67], [-30476.433, -11770.174], [-30482.369, -11775.797], [-30485.021, -11782.441], [-30491.763, -11786.019], [-30496.177, -11785.079], [-30498.582, -11782.702], [-30504.348, -11779.294], [-30506.951, -11778.182], [-30523.574, -11772.32], [-30536.774, -11770.067], [-30556.687, -11763.199], [-30562.222, -11757.848], [-30576.772, -11734.669], [-30574.973, -11731.18], [-30579.079, -11718.927], [-30580.955, -11714.686], [-30582.509, -11711.763], [-30592.215, -11707.893], [-30604.702, -11709.472], [-30625.286, -11706.485], [-30637.303, -11707.299], [-30650.553, -11705.076], [-30654.687, -11705.267], [-30656.833, -11705.713], [-30678.802, -11698.846], [-30682.51, -11696.777], [-30681.244, -11693.081], [-30679.421, -11684.811], [-30675.932, -11676.192], [-30673.722, -11667.586], [-30678.118, -11658.15], [-30685.482, -11654.184], [-30688.819, -11650.721], [-30696.951, -11645.996], [-30695.763, -11636.527], [-30687.657, -11620.857], [-30684.508, -11607.096], [-30693.557, -11592.288], [-30697.439, -11590.412], [-30703.968, -11581.5], [-30705.534, -11576.371], [-30705.962, -11562.911], [-30707.509, -11558.509], [-30709.751, -11552.621], [-30713.022, -11547.76], [-30717.146, -11538.658], [-30717.573, -11534.811], [-30721.398, -11525.065], [-30720.855, -11516.024], [-30722.502, -11507.167], [-30720.042, -11495.233], [-30720.301, -11490.093], [-30729.173, -11473.748], [-30726.483, -11467.016], [-30728.306, -11459.039], [-30723.685, -11453.719], [-30731.724, -11429.253], [-30734.536, -11424.926], [-30734.075, -11413.61], [-30739.437, -11395.598], [-30734.021, -11379.816], [-30736.673, -11367.554], [-30736.466, -11378.691], [-30740.536, -11391.637], [-30741.326, -11395.599], [-30738.989, -11403.524], [-30736.973, -11414.365], [-30737.123, -11424.437], [-30733.645, -11430.985], [-30727.224, -11452.799], [-30730.018, -11459.287], [-30728.299, -11466.091], [-30731.722, -11472.541], [-30742.548, -11472.851], [-30746.4, -11473.613], [-30750.893, -11473.084], [-30755.741, -11469.79], [-30758.039, -11471.816], [-30746.95, -11476.058], [-30743.439, -11475.014], [-30731.267, -11474.712], [-30722.495, -11490.225], [-30721.577, -11493.709], [-30725.41, -11507.822], [-30724.284, -11515.137], [-30724.287, -11524.695], [-30720.213, -11537.706], [-30714.854, -11547.31], [-30710.809, -11553.707], [-30708.385, -11564.275], [-30706.874, -11582.849], [-30698.999, -11592.018], [-30694.108, -11593.326], [-30686.595, -11607.32], [-30688.372, -11616.142], [-30696.952, -11634.338], [-30698.258, -11637.001], [-30698.969, -11642.246], [-30700.091, -11646.001], [-30694.022, -11653.195], [-30679.69, -11660.14], [-30676.893, -11666.814], [-30678.135, -11674.177], [-30682.018, -11684.763], [-30684.368, -11696.0], [-30714.763, -11676.272], [-30724.81, -11670.93], [-30758.209, -11683.195], [-30771.396, -11711.425], [-30780.254, -11714.51], [-30798.346, -11714.25], [-30803.509, -11716.763], [-30806.216, -11716.649], [-30815.435, -11713.357], [-30824.477, -11710.301], [-30833.705, -11709.022], [-30838.254, -11708.272], [-30851.134, -11713.101], [-30856.482, -11713.548], [-30870.336, -11708.455], [-30879.937, -11705.93], [-30883.715, -11706.348], [-30889.745, -11704.781], [-30905.746, -11707.527], [-30914.254, -11705.272], [-30919.419, -11704.186], [-30942.655, -11691.678], [-30957.859, -11686.446], [-30961.018, -11685.254], [-30966.908, -11678.207], [-30979.679, -11673.964], [-30985.536, -11671.017], [-30989.886, -11660.105], [-30996.452, -11654.758], [-31016.485, -11646.41], [-31028.539, -11636.385], [-31035.356, -11628.566], [-31036.926, -11612.04], [-31050.197, -11594.549], [-31074.278, -11595.844], [-31100.144, -11607.817], [-31105.764, -11602.509], [-31109.492, -11599.223], [-31112.017, -11595.834], [-31113.144, -11594.383], [-31115.528, -11590.054], [-31117.399, -11585.174], [-31116.763, -11582.018], [-31116.238, -11575.986], [-31119.025, -11569.954], [-31127.624, -11562.603], [-31141.972, -11545.519], [-31145.83, -11529.326], [-31149.249, -11525.399], [-31149.675, -11520.349], [-31146.539, -11511.079], [-31149.068, -11500.894], [-31152.651, -11491.787], [-31160.016, -11480.476], [-31166.248, -11468.532], [-31173.282, -11454.528], [-31172.782, -11447.048], [-31183.568, -11438.753], [-31193.404, -11433.368], [-31198.254, -11433.254], [-31201.546, -11430.536], [-31202.048, -11427.449], [-31204.668, -11428.57]]]}}, {"type": "Feature", "properties": {"nome": "ACQUA", "codice": "12", "vertici": 9}, "geometry": {"type": "Polygon", "coordinates": [[[-30226.849, -11603.809], [-30227.164, -11605.048], [-30226.119, -11606.683], [-30224.891, -11606.839], [-30220.88, -11604.0], [-30220.569, -11602.799], [-30221.648, -11601.136], [-30222.879, -11601.007], [-30226.849, -11603.809]]]}}, {"type": "Feature", "properties": {"nome": "ACQUA", "codice": "12", "vertici": 15}, "geometry": {"type": "Polygon", "coordinates": [[[-29810.79, -11507.068], [-29809.001, -11508.747], [-29800.681, -11508.353], [-29781.211, -11515.212], [-29777.223, -11516.902], [-29769.074, -11524.945], [-29761.539, -11531.367], [-29755.797, -11532.504], [-29754.829, -11531.722], [-29760.342, -11530.618], [-29768.686, -11523.784], [-29776.124, -11516.156], [-29779.833, -11514.094], [-29798.904, -11507.208], [-29810.79, -11507.068]]]}}, {"type": "Feature", "properties": {"nome": "ACQUA", "codice": "12", "vertici": 134}, "geometry": {"type": "Polygon", "coordinates": [[[-30197.56, -11386.522], [-30199.518, -11388.743], [-30190.835, -11392.704], [-30183.377, -11395.4], [-30180.699, -11397.369], [-30176.535, -11410.279], [-30171.376, -11413.893], [-30162.161, -11419.819], [-30155.643, -11422.737], [-30143.455, -11425.692], [-30132.095, -11430.062], [-30122.686, -11437.171], [-30114.435, -11444.859], [-30105.254, -11452.49], [-30101.997, -11454.684], [-30094.804, -11458.213], [-30092.965, -11458.676], [-30086.723, -11464.799], [-30080.228, -11469.886], [-30073.05, -11471.04], [-30060.255, -11476.0], [-30050.939, -11475.93], [-30046.326, -11476.513], [-30035.053, -11479.744], [-30025.254, -11484.509], [-30015.784, -11489.106], [-30006.509, -11495.763], [-30004.103, -11497.618], [-29995.509, -11503.508], [-29993.398, -11507.434], [-29992.474, -11509.162], [-29993.156, -11520.677], [-29989.809, -11526.227], [-29985.102, -11534.077], [-29983.929, -11535.95], [-29975.711, -11544.791], [-29969.722, -11548.874], [-29966.774, -11551.082], [-29961.967, -11556.685], [-29956.288, -11566.593], [-29954.373, -11577.24], [-29950.622, -11588.388], [-29948.811, -11597.159], [-29948.425, -11599.035], [-29945.025, -11604.869], [-29941.494, -11610.929], [-29938.433, -11617.635], [-29933.527, -11623.51], [-29926.509, -11624.018], [-29921.349, -11620.058], [-29919.893, -11617.3], [-29918.18, -11614.117], [-29914.601, -11611.193], [-29914.186, -11610.67], [-29911.595, -11610.472], [-29910.38, -11611.821], [-29906.953, -11615.672], [-29906.214, -11616.511], [-29905.625, -11617.178], [-29905.078, -11624.563], [-29902.411, -11630.057], [-29901.762, -11631.356], [-29901.46, -11631.962], [-29902.0, -11638.018], [-29899.255, -11645.018], [-29897.682, -11647.768], [-29896.019, -11648.302], [-29894.542, -11650.517], [-29890.017, -11653.272], [-29886.877, -11654.713], [-29882.916, -11651.814], [-29885.89, -11651.694], [-29890.028, -11650.853], [-29892.345, -11649.212], [-29894.156, -11646.491], [-29895.689, -11644.689], [-29894.505, -11643.697], [-29898.763, -11637.272], [-29898.718, -11633.605], [-29898.171, -11629.52], [-29899.067, -11627.811], [-29901.137, -11623.857], [-29903.181, -11614.808], [-29903.96, -11614.034], [-29907.762, -11610.255], [-29910.509, -11607.526], [-29914.763, -11606.272], [-29921.018, -11611.018], [-29923.614, -11617.121], [-29927.796, -11620.943], [-29931.706, -11620.366], [-29937.394, -11616.177], [-29939.581, -11610.246], [-29945.278, -11599.226], [-29946.241, -11594.099], [-29947.308, -11588.42], [-29951.372, -11576.569], [-29953.509, -11565.018], [-29958.664, -11555.117], [-29959.232, -11554.227], [-29963.75, -11550.242], [-29971.927, -11541.514], [-29979.317, -11533.009], [-29985.028, -11524.953], [-29988.89, -11519.463], [-29988.306, -11506.913], [-29990.866, -11502.629], [-29992.47, -11500.606], [-30002.218, -11495.0], [-30009.131, -11490.049], [-30015.116, -11485.908], [-30022.854, -11482.381], [-30034.754, -11476.923], [-30043.272, -11474.509], [-30050.987, -11472.425], [-30059.598, -11471.744], [-30072.305, -11468.234], [-30087.348, -11460.088], [-30086.788, -11458.818], [-30088.509, -11457.763], [-30092.713, -11455.324], [-30095.79, -11455.388], [-30100.343, -11452.437], [-30111.728, -11443.661], [-30119.795, -11434.247], [-30129.573, -11427.541], [-30134.985, -11424.939], [-30152.137, -11420.815], [-30168.957, -11411.593], [-30173.932, -11407.122], [-30175.328, -11402.052], [-30178.216, -11396.186], [-30180.803, -11394.001], [-30197.56, -11386.522]]]}}, {"type": "Feature", "properties": {"nome": "STRADA", "codice": "12", "vertici": 11}, "geometry": {"type": "Polygon", "coordinates": [[[-29894.505, -11643.697], [-29895.689, -11644.689], [-29894.156, -11646.491], [-29892.345, -11649.212], [-29890.028, -11650.853], [-29885.89, -11651.694], [-29882.916, -11651.814], [-29880.894, -11649.968], [-29888.0, -11649.526], [-29892.143, -11646.518], [-29894.505, -11643.697]]]}}, {"type": "Feature", "properties": {"nome": "STRADA", "codice": "12", "vertici": 91}, "geometry": {"type": "Polygon", "coordinates": [[[-30063.564, -11397.695], [-30071.319, -11400.088], [-30055.415, -11406.31], [-30038.939, -11411.637], [-30033.148, -11413.443], [-30020.254, -11419.017], [-30013.89, -11422.138], [-30007.293, -11426.747], [-29997.19, -11434.762], [-29978.261, -11447.277], [-29963.9, -11456.938], [-29959.637, -11459.83], [-29943.078, -11472.449], [-29936.338, -11476.89], [-29926.962, -11482.565], [-29924.856, -11483.188], [-29920.203, -11483.369], [-29914.169, -11481.585], [-29913.185, -11480.587], [-29910.0, -11481.509], [-29902.605, -11481.657], [-29900.727, -11482.498], [-29895.12, -11484.08], [-29888.998, -11492.59], [-29888.337, -11494.169], [-29896.222, -11501.802], [-29901.52, -11504.726], [-29902.725, -11505.261], [-29907.509, -11506.237], [-29910.217, -11505.464], [-29912.509, -11505.746], [-29915.356, -11505.04], [-29918.131, -11504.199], [-29918.565, -11505.317], [-29914.977, -11506.622], [-29912.628, -11507.399], [-29909.714, -11507.283], [-29909.167, -11508.818], [-29907.04, -11508.403], [-29900.44, -11506.091], [-29894.362, -11502.903], [-29887.509, -11495.746], [-29876.804, -11502.567], [-29872.0, -11508.0], [-29866.416, -11508.817], [-29851.069, -11508.946], [-29847.257, -11508.976], [-29839.785, -11508.944], [-29828.937, -11510.075], [-29822.701, -11510.834], [-29811.931, -11512.195], [-29800.187, -11511.475], [-29791.654, -11514.841], [-29787.228, -11516.348], [-29781.614, -11517.722], [-29776.853, -11521.246], [-29762.772, -11533.998], [-29758.498, -11534.914], [-29755.797, -11532.504], [-29761.539, -11531.367], [-29769.074, -11524.945], [-29777.223, -11516.902], [-29781.211, -11515.212], [-29800.681, -11508.353], [-29809.001, -11508.747], [-29810.79, -11507.068], [-29816.807, -11505.762], [-29818.136, -11508.971], [-29838.216, -11506.819], [-29868.281, -11506.29], [-29875.945, -11501.455], [-29882.065, -11496.555], [-29887.125, -11492.31], [-29893.624, -11482.386], [-29895.692, -11481.648], [-29903.304, -11479.803], [-29910.73, -11479.493], [-29914.694, -11475.368], [-29919.525, -11477.2], [-29920.739, -11475.706], [-29923.442, -11477.267], [-29926.654, -11476.186], [-29941.459, -11467.083], [-29957.716, -11455.252], [-29971.86, -11445.446], [-29992.839, -11431.503], [-30013.273, -11416.926], [-30024.227, -11410.538], [-30035.249, -11406.465], [-30052.881, -11401.727], [-30063.564, -11397.695]]]}}, {"type": "Feature", "properties": {"nome": "STRADA", "codice": "12", "vertici": 563}, "geometry": {"type": "LineString", "coordinates": [[-30639.397, -11641.426], [-30640.542, -11645.516], [-30638.911, -11647.95], [-30640.514, -11659.753], [-30638.345, -11664.264], [-30635.545, -11664.842], [-30634.268, -11667.531], [-30635.166, -11674.925], [-30633.417, -11677.557], [-30629.998, -11677.729], [-30630.626, -11680.295], [-30629.102, -11685.664], [-30628.773, -11690.353], [-30628.553, -11691.03], [-30629.62, -11693.114], [-30626.996, -11694.682], [-30625.651, -11697.63], [-30624.525, -11697.516], [-30625.496, -11695.855], [-30626.464, -11693.861], [-30628.334, -11692.286], [-30627.491, -11691.465], [-30627.76, -11685.179], [-30629.252, -11679.995], [-30628.861, -11676.417], [-30632.311, -11676.16], [-30633.62, -11674.714], [-30632.762, -11667.018], [-30634.509, -11664.018], [-30637.509, -11663.018], [-30639.103, -11659.324], [-30638.921, -11658.961], [-30637.6, -11647.608], [-30638.392, -11645.029], [-30637.564, -11642.051], [-30638.413, -11625.134], [-30637.615, -11617.453], [-30637.683, -11612.504], [-30637.254, -11604.782], [-30637.836, -11601.976], [-30637.244, -11587.681], [-30634.713, -11575.179], [-30634.367, -11567.747], [-30634.77, -11563.037], [-30635.55, -11556.337], [-30635.022, -11553.479], [-30634.137, -11544.866], [-30631.333, -11531.296], [-30631.255, -11521.801], [-30631.84, -11519.487], [-30630.565, -11505.569], [-30629.968, -11501.438], [-30629.023, -11498.297], [-30625.257, -11490.063], [-30622.216, -11479.305], [-30623.254, -11462.197], [-30622.944, -11454.567], [-30624.56, -11446.02], [-30631.061, -11434.682], [-30632.96, -11428.709], [-30632.368, -11427.417], [-30615.907, -11421.282], [-30593.496, -11409.228], [-30581.559, -11405.375], [-30572.746, -11403.746], [-30572.763, -11394.509], [-30569.501, -11395.75], [-30559.534, -11403.04], [-30556.142, -11405.984], [-30541.961, -11415.174], [-30541.411, -11414.107], [-30534.734, -11415.82], [-30518.9, -11424.684], [-30511.509, -11429.509], [-30510.254, -11432.018], [-30510.616, -11436.777], [-30510.767, -11444.961], [-30508.494, -11452.993], [-30505.918, -11457.464], [-30501.272, -11462.254], [-30499.493, -11469.1], [-30498.556, -11474.539], [-30498.302, -11477.711], [-30497.463, -11479.875], [-30495.795, -11485.916], [-30484.232, -11503.066], [-30478.95, -11510.003], [-30471.806, -11519.131], [-30463.616, -11527.848], [-30458.42, -11529.878], [-30453.987, -11533.381], [-30450.435, -11535.18], [-30448.381, -11537.856], [-30447.765, -11541.212], [-30444.329, -11548.029], [-30435.05, -11561.731], [-30429.374, -11571.152], [-30428.293, -11574.7], [-30426.147, -11584.601], [-30422.403, -11596.342], [-30421.907, -11599.248], [-30421.221, -11602.05], [-30420.253, -11605.066], [-30414.528, -11619.617], [-30406.617, -11636.519], [-30397.971, -11647.083], [-30396.31, -11651.319], [-30394.06, -11654.4], [-30389.777, -11659.757], [-30386.996, -11664.272], [-30385.776, -11666.972], [-30375.211, -11679.663], [-30363.865, -11699.303], [-30353.543, -11710.016], [-30352.423, -11711.21], [-30350.984, -11712.092], [-30340.097, -11720.638], [-30330.093, -11728.28], [-30320.848, -11735.202], [-30313.024, -11739.22], [-30305.172, -11739.829], [-30302.149, -11740.319], [-30296.896, -11741.402], [-30292.353, -11743.891], [-30285.914, -11746.654], [-30279.793, -11750.874], [-30277.023, -11750.849], [-30262.26, -11757.121], [-30255.506, -11759.836], [-30247.624, -11763.925], [-30237.402, -11768.656], [-30231.384, -11769.626], [-30245.579, -11761.884], [-30255.777, -11756.378], [-30257.592, -11756.088], [-30261.509, -11755.509], [-30268.069, -11752.715], [-30276.334, -11749.285], [-30279.579, -11749.086], [-30286.403, -11744.122], [-30295.83, -11739.777], [-30313.565, -11737.146], [-30320.498, -11734.264], [-30326.509, -11727.509], [-30322.835, -11721.135], [-30321.502, -11713.773], [-30321.32, -11705.743], [-30322.793, -11693.615], [-30321.026, -11679.095], [-30318.628, -11671.348], [-30308.921, -11658.676], [-30305.0, -11656.509], [-30302.478, -11656.714], [-30291.067, -11662.277], [-30283.255, -11668.509], [-30272.501, -11674.283], [-30249.652, -11675.292], [-30236.115, -11672.637], [-30232.737, -11672.365], [-30227.202, -11670.776], [-30210.712, -11660.261], [-30210.174, -11659.66], [-30202.746, -11655.746], [-30191.805, -11657.317], [-30180.234, -11659.903], [-30174.508, -11659.951], [-30155.801, -11652.457], [-30152.509, -11650.254], [-30151.328, -11645.823], [-30150.0, -11642.509], [-30146.356, -11639.703], [-30143.509, -11636.254], [-30139.17, -11632.901], [-30132.109, -11629.999], [-30125.253, -11628.509], [-30121.786, -11627.585], [-30114.0, -11627.763], [-30095.304, -11625.942], [-30089.433, -11629.264], [-30088.01, -11627.224], [-30091.461, -11625.218], [-30084.754, -11622.364], [-30081.362, -11620.869], [-30078.074, -11621.847], [-30063.218, -11630.227], [-30060.182, -11632.022], [-30058.621, -11642.464], [-30058.628, -11646.281], [-30059.647, -11651.134], [-30065.391, -11642.143], [-30067.695, -11639.873], [-30068.814, -11642.559], [-30067.142, -11644.414], [-30061.307, -11654.033], [-30058.302, -11654.406], [-30056.587, -11650.666], [-30055.552, -11645.563], [-30056.67, -11634.391], [-30052.921, -11636.408], [-30044.518, -11642.049], [-30027.923, -11658.348], [-30026.628, -11659.305], [-30022.743, -11653.676], [-30020.166, -11649.179], [-30018.265, -11648.802], [-30013.254, -11652.018], [-30008.904, -11650.809], [-30006.668, -11650.886], [-30003.81, -11650.965], [-30000.018, -11651.763], [-29996.577, -11657.607], [-29992.297, -11663.708], [-29987.528, -11668.763], [-29976.608, -11669.185], [-29966.71, -11671.692], [-29961.946, -11671.528], [-29958.355, -11671.059], [-29946.477, -11668.768], [-29939.298, -11665.998], [-29937.508, -11665.017], [-29931.695, -11660.597], [-29925.169, -11654.659], [-29919.109, -11652.437], [-29909.508, -11651.781], [-29902.113, -11648.981], [-29897.682, -11647.768], [-29899.255, -11645.018], [-29909.818, -11649.828], [-29919.548, -11650.395], [-29922.167, -11651.214], [-29922.585, -11651.387], [-29926.933, -11653.181], [-29927.876, -11654.103], [-29929.798, -11655.187], [-29930.295, -11655.467], [-29933.753, -11658.121], [-29938.666, -11661.576], [-29939.665, -11662.304], [-29947.627, -11666.355], [-29955.381, -11667.8], [-29961.652, -11669.192], [-29964.977, -11668.98], [-29967.107, -11668.846], [-29976.085, -11666.346], [-29981.203, -11665.392], [-29982.318, -11664.973], [-29982.958, -11664.731], [-29985.254, -11665.763], [-29992.181, -11660.017], [-29998.679, -11648.897], [-30006.308, -11647.652], [-30007.331, -11647.473], [-30012.763, -11650.018], [-30017.508, -11645.509], [-30021.018, -11647.254], [-30023.45, -11650.878], [-30027.763, -11654.508], [-30037.428, -11644.444], [-30043.262, -11639.191], [-30051.019, -11634.51], [-30062.142, -11627.98], [-30078.43, -11618.496], [-30082.0, -11618.509], [-30087.224, -11620.594], [-30091.757, -11622.639], [-30096.898, -11623.605], [-30100.391, -11624.233], [-30111.821, -11625.274], [-30115.0, -11625.254], [-30122.133, -11624.985], [-30140.728, -11630.679], [-30145.516, -11633.363], [-30149.02, -11637.597], [-30151.747, -11639.746], [-30154.815, -11640.144], [-30156.05, -11628.846], [-30157.905, -11618.177], [-30159.325, -11597.219], [-30160.637, -11589.705], [-30164.254, -11581.0], [-30168.0, -11578.254], [-30171.802, -11576.996], [-30190.308, -11564.592], [-30199.132, -11551.294], [-30199.735, -11547.893], [-30200.051, -11546.106], [-30198.837, -11537.886], [-30199.664, -11530.191], [-30199.527, -11522.817], [-30193.502, -11504.253], [-30193.73, -11498.476], [-30200.763, -11486.237], [-30222.288, -11478.166], [-30233.173, -11467.603], [-30238.435, -11460.386], [-30243.58, -11456.788], [-30247.02, -11455.488], [-30250.173, -11454.576], [-30265.117, -11452.499], [-30269.472, -11450.833], [-30274.747, -11445.654], [-30281.501, -11434.739], [-30280.819, -11432.479], [-30282.662, -11432.696], [-30283.341, -11435.086], [-30275.565, -11447.051], [-30270.254, -11452.509], [-30265.703, -11453.925], [-30250.889, -11455.714], [-30244.938, -11457.433], [-30239.021, -11461.376], [-30234.313, -11468.504], [-30223.324, -11479.476], [-30202.608, -11487.738], [-30195.179, -11499.062], [-30195.454, -11504.838], [-30201.016, -11522.898], [-30201.057, -11526.814], [-30201.093, -11530.112], [-30200.544, -11537.316], [-30201.409, -11546.245], [-30200.472, -11551.433], [-30191.254, -11565.982], [-30173.662, -11577.513], [-30172.556, -11578.179], [-30169.983, -11579.273], [-30168.351, -11579.978], [-30165.142, -11582.444], [-30161.759, -11590.57], [-30160.567, -11597.95], [-30159.655, -11616.584], [-30156.108, -11639.725], [-30163.296, -11637.988], [-30167.358, -11635.887], [-30172.262, -11632.467], [-30189.463, -11618.057], [-30198.254, -11613.508], [-30200.284, -11612.493], [-30203.42, -11609.922], [-30203.718, -11609.602], [-30209.981, -11602.855], [-30216.124, -11596.236], [-30227.967, -11583.476], [-30232.583, -11578.523], [-30241.0, -11569.491], [-30249.253, -11561.269], [-30252.494, -11557.302], [-30257.337, -11543.302], [-30258.449, -11542.14], [-30267.693, -11532.321], [-30269.004, -11530.924], [-30282.315, -11521.316], [-30291.554, -11514.26], [-30299.836, -11508.614], [-30323.405, -11487.099], [-30324.235, -11486.542], [-30328.018, -11482.746], [-30332.968, -11479.274], [-30342.198, -11472.361], [-30343.019, -11471.254], [-30348.062, -11468.209], [-30361.476, -11457.604], [-30370.677, -11447.95], [-30376.325, -11441.114], [-30399.353, -11424.457], [-30404.776, -11419.273], [-30408.839, -11417.3], [-30416.74, -11418.819], [-30419.98, -11418.107], [-30424.953, -11419.753], [-30442.237, -11418.189], [-30446.431, -11419.417], [-30474.425, -11416.663], [-30482.183, -11417.273], [-30488.343, -11419.706], [-30496.574, -11424.104], [-30500.585, -11425.765], [-30508.373, -11427.052], [-30512.451, -11425.265], [-30554.578, -11404.314], [-30557.886, -11401.328], [-30573.579, -11391.202], [-30575.606, -11392.793], [-30574.72, -11395.128], [-30574.374, -11401.97], [-30594.548, -11408.42], [-30633.038, -11425.843], [-30634.426, -11428.801], [-30632.255, -11434.763], [-30625.765, -11446.879], [-30624.285, -11456.285], [-30624.315, -11464.529], [-30623.546, -11480.402], [-30623.965, -11481.609], [-30626.39, -11488.109], [-30627.509, -11490.746], [-30630.24, -11497.107], [-30631.898, -11502.563], [-30632.795, -11512.15], [-30633.43, -11519.95], [-30632.626, -11522.556], [-30632.954, -11532.05], [-30633.742, -11536.434], [-30636.006, -11545.772], [-30637.108, -11556.759], [-30635.362, -11569.067], [-30635.859, -11575.765], [-30638.767, -11589.031], [-30639.514, -11602.234], [-30639.071, -11604.886], [-30639.581, -11617.389], [-30640.219, -11623.289], [-30639.397, -11641.426], [-30509.534, -11443.418], [-30508.763, -11429.272], [-30499.399, -11428.189], [-30491.542, -11424.225], [-30489.307, -11423.074], [-30482.166, -11420.182], [-30475.548, -11419.284], [-30471.321, -11419.404], [-30453.425, -11421.888], [-30446.717, -11422.812], [-30441.398, -11421.529], [-30425.036, -11422.509], [-30419.695, -11421.022], [-30415.527, -11421.508], [-30410.234, -11420.545], [-30406.493, -11421.45], [-30401.717, -11425.974], [-30394.522, -11431.09], [-30385.437, -11437.459], [-30379.67, -11441.708], [-30373.733, -11448.607], [-30365.975, -11457.353], [-30349.818, -11469.995], [-30345.507, -11472.006], [-30344.324, -11472.83], [-30334.317, -11481.328], [-30326.019, -11487.509], [-30328.069, -11489.922], [-30340.151, -11504.138], [-30348.176, -11514.062], [-30354.546, -11517.409], [-30356.453, -11517.747], [-30367.537, -11530.149], [-30370.215, -11533.694], [-30384.35, -11548.191], [-30387.546, -11559.964], [-30389.535, -11564.959], [-30389.683, -11576.274], [-30390.468, -11580.575], [-30392.641, -11583.927], [-30418.271, -11605.018], [-30420.088, -11599.831], [-30420.828, -11595.722], [-30423.763, -11587.959], [-30424.782, -11584.311], [-30425.962, -11577.063], [-30428.053, -11571.626], [-30434.384, -11559.783], [-30438.626, -11553.9], [-30442.074, -11548.844], [-30442.665, -11544.673], [-30442.805, -11542.341], [-30446.891, -11532.76], [-30453.0, -11532.254], [-30458.254, -11527.509], [-30462.763, -11526.254], [-30471.573, -11516.769], [-30478.279, -11508.53], [-30479.976, -11506.695], [-30492.455, -11488.898], [-30494.574, -11485.779], [-30496.797, -11477.634], [-30497.254, -11474.272], [-30497.636, -11470.705], [-30500.589, -11460.387], [-30501.689, -11459.146], [-30506.077, -11454.331], [-30509.534, -11443.418], [-30413.401, -11618.933], [-30417.883, -11606.705], [-30394.809, -11586.999], [-30391.504, -11584.545], [-30388.927, -11581.281], [-30388.235, -11576.71], [-30388.284, -11565.214], [-30385.888, -11559.846], [-30383.438, -11548.908], [-30369.31, -11535.145], [-30365.822, -11530.304], [-30360.397, -11524.782], [-30355.765, -11519.258], [-30353.837, -11519.453], [-30346.598, -11514.745], [-30336.401, -11501.439], [-30327.428, -11491.335], [-30324.823, -11488.4], [-30312.654, -11499.586], [-30300.447, -11509.912], [-30293.529, -11515.763], [-30289.838, -11518.612], [-30270.45, -11533.58], [-30263.51, -11540.254], [-30259.899, -11543.881], [-30255.435, -11557.798], [-30252.092, -11563.205], [-30246.526, -11567.744], [-30232.708, -11581.857], [-30213.251, -11603.861], [-30204.07, -11614.035], [-30198.254, -11617.0], [-30190.147, -11621.466], [-30177.21, -11632.842], [-30174.435, -11635.159], [-30169.524, -11639.124], [-30163.374, -11641.088], [-30157.434, -11642.955], [-30154.746, -11644.763], [-30153.0, -11647.254], [-30155.91, -11650.638], [-30174.438, -11657.855], [-30181.165, -11657.987], [-30186.491, -11656.763], [-30190.312, -11655.561], [-30202.695, -11654.694], [-30211.242, -11658.433], [-30212.547, -11659.417], [-30228.311, -11669.013], [-30233.138, -11671.035], [-30237.914, -11671.126], [-30244.84, -11673.186], [-30252.433, -11673.726], [-30269.997, -11673.16], [-30282.503, -11667.689], [-30290.254, -11660.762], [-30306.415, -11653.119], [-30311.241, -11657.216], [-30320.586, -11671.034], [-30322.824, -11677.908], [-30324.521, -11693.527], [-30322.995, -11707.264], [-30322.937, -11713.092], [-30324.255, -11720.904], [-30329.174, -11726.376], [-30329.481, -11725.971], [-30346.643, -11713.745], [-30352.203, -11709.543], [-30355.116, -11706.16], [-30365.428, -11694.465], [-30366.029, -11693.432], [-30374.623, -11678.688], [-30379.375, -11672.549], [-30383.359, -11667.78], [-30384.745, -11666.12], [-30388.688, -11659.004], [-30391.716, -11655.343], [-30392.969, -11653.827], [-30395.25, -11651.198], [-30396.943, -11645.989], [-30405.508, -11634.987], [-30413.401, -11618.933]]}}, {"type": "Feature", "properties": {"nome": "STRADA", "codice": "12", "vertici": 25}, "geometry": {"type": "Polygon", "coordinates": [[[-29796.894, -11685.11], [-29795.085, -11686.759], [-29783.113, -11665.095], [-29777.388, -11666.835], [-29772.765, -11669.388], [-29767.808, -11673.353], [-29767.328, -11673.983], [-29764.766, -11671.181], [-29765.757, -11670.316], [-29766.439, -11670.008], [-29766.463, -11670.042], [-29776.227, -11665.652], [-29777.035, -11664.855], [-29780.926, -11661.013], [-29780.852, -11660.865], [-29780.943, -11660.776], [-29774.397, -11649.474], [-29777.194, -11646.655], [-29777.867, -11647.815], [-29785.143, -11660.343], [-29787.503, -11663.722], [-29785.668, -11664.69], [-29792.147, -11676.782], [-29795.163, -11682.07], [-29796.894, -11685.11]]]}}, {"type": "Feature", "properties": {"nome": "STRADA", "codice": "12", "vertici": 135}, "geometry": {"type": "Polygon", "coordinates": [[[-31129.902, -11381.031], [-31130.908, -11382.266], [-31125.427, -11386.812], [-31117.913, -11394.543], [-31107.191, -11409.538], [-31102.22, -11419.052], [-31100.278, -11421.902], [-31093.926, -11427.446], [-31087.253, -11434.018], [-31078.34, -11438.996], [-31066.328, -11440.978], [-31055.745, -11440.763], [-31051.627, -11441.574], [-31043.783, -11441.714], [-31038.026, -11443.399], [-31030.441, -11442.87], [-31020.255, -11441.0], [-31015.024, -11437.333], [-31007.995, -11432.853], [-31003.254, -11433.254], [-30993.111, -11438.783], [-30985.622, -11442.943], [-30984.764, -11444.254], [-30977.077, -11451.71], [-30977.003, -11452.086], [-30970.011, -11454.282], [-30969.167, -11459.915], [-30966.191, -11475.705], [-30965.403, -11479.88], [-30964.803, -11483.028], [-30963.813, -11490.323], [-30962.376, -11497.27], [-30960.74, -11502.499], [-30959.915, -11513.465], [-30957.552, -11521.836], [-30959.31, -11522.729], [-30968.763, -11521.0], [-30971.744, -11521.721], [-30976.668, -11520.998], [-30995.478, -11512.576], [-31003.394, -11510.182], [-31006.255, -11510.254], [-31009.002, -11511.017], [-31017.169, -11518.84], [-31025.503, -11529.975], [-31036.61, -11537.505], [-31044.762, -11540.797], [-31054.562, -11542.878], [-31073.273, -11553.649], [-31078.778, -11559.41], [-31082.692, -11561.817], [-31085.584, -11572.22], [-31087.68, -11575.445], [-31092.434, -11578.601], [-31092.266, -11582.585], [-31095.669, -11585.911], [-31098.227, -11589.695], [-31109.719, -11594.511], [-31113.144, -11594.383], [-31112.017, -11595.834], [-31109.56, -11595.862], [-31097.082, -11591.673], [-31095.144, -11587.029], [-31090.472, -11583.727], [-31090.629, -11579.13], [-31086.272, -11576.763], [-31084.106, -11573.965], [-31079.325, -11562.358], [-31074.726, -11559.918], [-31071.438, -11554.742], [-31059.472, -11548.324], [-31053.122, -11544.161], [-31045.319, -11542.68], [-31036.267, -11539.692], [-31029.747, -11534.817], [-31022.157, -11528.308], [-31014.701, -11518.989], [-31008.371, -11512.676], [-31003.255, -11512.0], [-30976.374, -11522.783], [-30973.154, -11523.214], [-30968.629, -11522.412], [-30958.0, -11524.237], [-30955.629, -11522.058], [-30958.234, -11514.267], [-30958.538, -11509.413], [-30958.726, -11506.411], [-30959.698, -11502.705], [-30961.095, -11495.52], [-30962.304, -11489.72], [-30963.398, -11483.637], [-30964.966, -11474.828], [-30968.504, -11453.516], [-30963.164, -11449.778], [-30960.182, -11447.306], [-30959.774, -11448.022], [-30952.245, -11441.87], [-30953.001, -11440.77], [-30940.061, -11433.479], [-30931.486, -11432.724], [-30926.399, -11432.608], [-30922.492, -11426.006], [-30924.082, -11425.368], [-30927.147, -11430.235], [-30930.041, -11431.406], [-30940.753, -11431.945], [-30945.584, -11434.735], [-30949.076, -11436.908], [-30953.512, -11439.117], [-30957.851, -11444.406], [-30970.187, -11452.143], [-30975.517, -11450.48], [-30984.59, -11441.984], [-30996.475, -11434.539], [-31003.044, -11431.873], [-31008.565, -11431.362], [-31016.091, -11435.629], [-31019.659, -11438.97], [-31021.048, -11439.71], [-31027.693, -11440.867], [-31038.459, -11441.682], [-31044.356, -11440.054], [-31051.503, -11440.089], [-31055.455, -11439.373], [-31066.601, -11439.03], [-31078.335, -11437.741], [-31085.98, -11433.016], [-31094.233, -11424.051], [-31098.27, -11421.448], [-31100.084, -11419.257], [-31102.462, -11413.739], [-31110.003, -11401.802], [-31117.411, -11392.686], [-31128.089, -11382.316], [-31129.902, -11381.031]]]}}, {"type": "Feature", "properties": {"nome": "STRADA", "codice": "12", "vertici": 13}, "geometry": {"type": "Polygon", "coordinates": [[[-29888.67, -11857.439], [-29865.997, -11844.114], [-29864.464, -11829.29], [-29868.937, -11826.369], [-29886.376, -11815.599], [-29889.087, -11814.222], [-29891.273, -11828.726], [-29888.098, -11829.201], [-29888.509, -11832.763], [-29891.798, -11832.389], [-29895.883, -11861.17], [-29893.701, -11863.257], [-29888.67, -11857.439]]]}}, {"type": "Feature", "properties": {"nome": "STRADA", "codice": "12", "vertici": 7}, "geometry": {"type": "Polygon", "coordinates": [[[-29765.757, -11670.316], [-29764.766, -11671.181], [-29737.965, -11628.723], [-29738.869, -11628.005], [-29748.339, -11644.009], [-29756.914, -11657.839], [-29765.757, -11670.316]]]}}, {"type": "Feature", "properties": {"nome": "STRADA", "codice": "12", "vertici": 226}, "geometry": {"type": "LineString", "coordinates": [[-29992.972, -11855.436], [-29995.763, -11855.018], [-29995.922, -11857.282], [-29993.18, -11860.891], [-29989.764, -11865.272], [-29984.311, -11873.946], [-29981.56, -11877.671], [-29980.477, -11882.774], [-29977.072, -11892.399], [-29974.944, -11896.786], [-29973.159, -11904.018], [-29974.114, -11911.151], [-29972.319, -11928.473], [-29970.172, -11938.412], [-29968.127, -11946.67], [-29964.318, -11960.384], [-29958.815, -11974.956], [-29956.298, -11983.247], [-29952.495, -11993.508], [-29950.226, -12004.663], [-29949.249, -12006.44], [-29943.15, -12015.933], [-29942.264, -12017.312], [-29936.191, -12029.757], [-29935.225, -12031.958], [-29934.447, -12033.699], [-29930.899, -12052.835], [-29927.17, -12073.785], [-29924.466, -12088.947], [-29925.314, -12098.691], [-29927.544, -12105.314], [-29933.163, -12114.588], [-29937.008, -12118.829], [-29939.625, -12120.306], [-29941.424, -12121.73], [-29946.427, -12124.113], [-29949.56, -12125.669], [-29953.32, -12127.585], [-29961.459, -12131.751], [-29973.548, -12138.167], [-29979.81, -12141.793], [-29983.452, -12143.189], [-29989.923, -12143.972], [-29992.222, -12142.823], [-29997.535, -12138.11], [-29999.534, -12135.355], [-30005.292, -12128.042], [-30011.318, -12119.433], [-30020.579, -12106.335], [-30025.745, -12098.629], [-30027.269, -12096.221], [-30027.753, -12093.995], [-30032.992, -12077.789], [-30040.823, -12056.116], [-30049.745, -12031.756], [-30055.026, -12017.663], [-30064.518, -11994.946], [-30072.831, -11974.292], [-30074.354, -11970.584], [-30078.929, -11960.203], [-30082.177, -11951.506], [-30082.345, -11948.978], [-30087.704, -11929.079], [-30088.596, -11924.636], [-30092.823, -11907.807], [-30096.191, -11894.855], [-30100.832, -11885.223], [-30101.824, -11883.16], [-30109.387, -11870.926], [-30120.544, -11849.44], [-30126.259, -11841.79], [-30127.338, -11839.812], [-30138.611, -11829.576], [-30142.605, -11825.908], [-30164.121, -11808.233], [-30166.462, -11807.105], [-30188.638, -11794.448], [-30204.373, -11783.995], [-30205.97, -11786.508], [-30203.011, -11788.018], [-30202.582, -11788.268], [-30198.097, -11791.002], [-30196.501, -11792.037], [-30189.493, -11796.555], [-30167.289, -11808.506], [-30164.711, -11809.794], [-30147.207, -11823.802], [-30134.017, -11835.756], [-30127.858, -11840.746], [-30113.881, -11868.221], [-30104.427, -11885.103], [-30099.574, -11895.639], [-30096.587, -11907.197], [-30095.503, -11910.963], [-30092.044, -11927.149], [-30087.763, -11945.018], [-30084.283, -11956.386], [-30083.691, -11958.187], [-30081.158, -11965.793], [-30077.898, -11975.388], [-30073.915, -11984.95], [-30071.969, -11990.642], [-30056.711, -12024.796], [-30049.942, -12043.031], [-30045.763, -12056.0], [-30042.785, -12064.703], [-30041.509, -12068.43], [-30033.115, -12091.438], [-30030.281, -12098.247], [-30028.846, -12101.0], [-30012.827, -12125.793], [-30005.104, -12135.338], [-29999.11, -12143.324], [-29996.297, -12145.894], [-29993.776, -12152.731], [-29991.883, -12154.656], [-29989.729, -12156.512], [-29989.161, -12156.85], [-29982.667, -12159.504], [-29982.578, -12160.305], [-29981.343, -12165.213], [-29973.373, -12174.732], [-29972.2, -12178.489], [-29964.426, -12186.773], [-29953.949, -12196.882], [-29945.634, -12206.598], [-29946.656, -12209.47], [-29948.818, -12209.717], [-29960.382, -12200.972], [-29974.368, -12200.806], [-29977.407, -12199.902], [-29988.297, -12194.483], [-30003.666, -12189.48], [-30009.841, -12185.696], [-30023.19, -12173.478], [-30031.0, -12168.237], [-30049.906, -12166.379], [-30069.235, -12171.703], [-30078.687, -12175.627], [-30086.619, -12176.999], [-30097.492, -12178.637], [-30137.764, -12175.491], [-30144.894, -12171.015], [-30153.093, -12160.935], [-30161.639, -12158.064], [-30161.635, -12160.228], [-30153.747, -12162.722], [-30147.509, -12173.237], [-30137.301, -12177.803], [-30116.922, -12179.6], [-30110.258, -12181.249], [-30099.879, -12181.302], [-30091.746, -12180.237], [-30077.372, -12177.934], [-30069.61, -12175.321], [-30058.824, -12171.039], [-30049.107, -12169.62], [-30032.002, -12171.518], [-30025.092, -12175.084], [-30011.291, -12188.097], [-30004.799, -12192.149], [-29998.702, -12193.194], [-29988.005, -12198.412], [-29979.378, -12203.246], [-29962.466, -12203.687], [-29949.841, -12212.539], [-29946.204, -12214.103], [-29944.984, -12213.501], [-29942.837, -12212.242], [-29941.992, -12209.874], [-29942.887, -12204.968], [-29953.739, -12193.206], [-29968.764, -12178.237], [-29970.509, -12172.981], [-29972.656, -12170.41], [-29978.261, -12163.701], [-29979.609, -12162.089], [-29979.682, -12160.023], [-29970.759, -12147.063], [-29965.522, -12140.225], [-29961.77, -12137.015], [-29955.255, -12133.363], [-29952.654, -12132.797], [-29943.254, -12129.254], [-29940.358, -12128.276], [-29927.183, -12118.557], [-29926.277, -12117.727], [-29923.461, -12111.196], [-29921.155, -12097.973], [-29920.296, -12087.539], [-29921.239, -12083.736], [-29925.412, -12060.248], [-29924.926, -12053.742], [-29926.31, -12048.37], [-29932.085, -12030.256], [-29937.816, -12020.05], [-29946.976, -12003.464], [-29950.99, -11993.051], [-29956.279, -11974.379], [-29961.933, -11959.316], [-29965.899, -11946.686], [-29966.721, -11937.442], [-29968.554, -11930.93], [-29970.213, -11928.18], [-29971.608, -11913.276], [-29970.657, -11905.888], [-29970.509, -11903.018], [-29977.454, -11885.654], [-29978.499, -11882.021], [-29979.157, -11877.687], [-29983.018, -11871.509], [-29991.816, -11857.3], [-29991.299, -11856.885], [-29983.751, -11858.07], [-29975.279, -11861.156], [-29961.368, -11862.943], [-29961.127, -11860.086], [-29992.972, -11855.436], [-29990.846, -12152.465], [-29992.062, -12148.813], [-29988.635, -12149.408], [-29984.323, -12148.795], [-29970.358, -12141.77], [-29980.503, -12156.888], [-29982.254, -12158.236], [-29990.846, -12152.465]]}}, {"type": "Feature", "properties": {"nome": "1", "codice": "18", "vertici": 20}, "geometry": {"type": "Polygon", "coordinates": [[[-31202.048, -11427.449], [-31201.546, -11430.536], [-31198.254, -11433.254], [-31193.404, -11433.368], [-31183.568, -11438.753], [-31172.782, -11447.048], [-31173.282, -11454.528], [-31166.248, -11468.532], [-31107.191, -11409.538], [-31117.913, -11394.543], [-31125.427, -11386.812], [-31130.908, -11382.266], [-31136.909, -11388.41], [-31155.529, -11404.061], [-31169.079, -11406.022], [-31176.609, -11408.853], [-31191.648, -11418.91], [-31195.577, -11422.71], [-31196.865, -11424.691], [-31202.048, -11427.449]]]}}, {"type": "Feature", "properties": {"nome": "1015", "codice": "18", "vertici": 21}, "geometry": {"type": "Polygon", "coordinates": [[[-30201.409, -11546.245], [-30200.544, -11537.316], [-30201.093, -11530.112], [-30201.057, -11526.814], [-30212.641, -11525.964], [-30213.836, -11525.725], [-30215.964, -11539.292], [-30217.347, -11550.466], [-30209.608, -11569.804], [-30204.519, -11578.468], [-30202.274, -11580.959], [-30186.473, -11597.814], [-30183.436, -11594.358], [-30177.219, -11588.324], [-30176.583, -11586.239], [-30169.983, -11579.273], [-30172.556, -11578.179], [-30173.662, -11577.513], [-30191.254, -11565.982], [-30200.472, -11551.433], [-30201.409, -11546.245]]]}}, {"type": "Feature", "properties": {"nome": "1016", "codice": "18", "vertici": 28}, "geometry": {"type": "Polygon", "coordinates": [[[-30227.967, -11583.476], [-30216.124, -11596.236], [-30211.608, -11589.807], [-30211.94, -11589.137], [-30210.338, -11587.782], [-30202.274, -11580.959], [-30204.519, -11578.468], [-30209.608, -11569.804], [-30217.347, -11550.466], [-30215.964, -11539.292], [-30213.836, -11525.725], [-30220.53, -11524.268], [-30221.952, -11531.762], [-30223.91, -11542.279], [-30227.307, -11541.779], [-30227.708, -11541.616], [-30228.688, -11547.885], [-30227.177, -11548.189], [-30227.667, -11550.314], [-30229.177, -11549.981], [-30229.651, -11553.273], [-30232.506, -11563.711], [-30229.48, -11565.306], [-30223.201, -11563.256], [-30219.845, -11562.143], [-30216.469, -11573.119], [-30232.583, -11578.523], [-30227.967, -11583.476]]]}}, {"type": "Feature", "properties": {"nome": "1018", "codice": "12", "vertici": 6}, "geometry": {"type": "Polygon", "coordinates": [[[-30189.415, -11601.161], [-30186.473, -11597.814], [-30202.274, -11580.959], [-30210.338, -11587.782], [-30192.534, -11605.195], [-30189.415, -11601.161]]]}}, {"type": "Feature", "properties": {"nome": "1019", "codice": "18", "vertici": 46}, "geometry": {"type": "LineString", "coordinates": [[-30098.84, -11517.604], [-30098.139, -11507.562], [-30094.804, -11502.678], [-30091.635, -11499.399], [-30090.205, -11493.79], [-30085.251, -11489.575], [-30083.702, -11483.787], [-30083.734, -11482.092], [-30080.228, -11469.886], [-30086.723, -11464.799], [-30092.965, -11458.676], [-30094.804, -11458.213], [-30101.997, -11454.684], [-30105.254, -11452.49], [-30112.174, -11462.145], [-30152.766, -11490.893], [-30153.165, -11495.443], [-30158.905, -11512.648], [-30159.731, -11517.154], [-30160.502, -11524.091], [-30160.991, -11529.307], [-30160.813, -11531.423], [-30159.738, -11538.555], [-30199.735, -11547.893], [-30199.132, -11551.294], [-30190.308, -11564.592], [-30171.802, -11576.996], [-30168.0, -11578.254], [-30157.741, -11569.011], [-30156.7, -11564.476], [-30146.964, -11552.888], [-30144.68, -11547.64], [-30144.615, -11545.051], [-30137.991, -11536.523], [-30127.16, -11534.044], [-30119.522, -11535.154], [-30108.046, -11533.131], [-30101.349, -11527.396], [-30098.84, -11517.604], [-30149.1, -11549.813], [-30150.444, -11551.427], [-30152.746, -11554.237], [-30155.084, -11551.999], [-30152.733, -11549.482], [-30151.239, -11547.86], [-30149.1, -11549.813]]}}, {"type": "Feature", "properties": {"nome": "102", "codice": "18", "vertici": 26}, "geometry": {"type": "Polygon", "coordinates": [[[-30443.416, -11463.425], [-30441.876, -11470.028], [-30441.976, -11478.127], [-30440.95, -11485.785], [-30436.451, -11500.296], [-30435.694, -11502.839], [-30424.965, -11525.927], [-30422.101, -11523.355], [-30420.494, -11518.39], [-30417.403, -11518.482], [-30417.82, -11509.126], [-30421.993, -11478.859], [-30423.783, -11454.723], [-30423.205, -11449.493], [-30419.616, -11435.127], [-30415.309, -11423.676], [-30415.398, -11422.161], [-30415.527, -11421.508], [-30419.695, -11421.022], [-30425.036, -11422.509], [-30428.002, -11430.989], [-30429.782, -11438.655], [-30430.672, -11451.911], [-30442.018, -11452.0], [-30441.483, -11454.352], [-30443.416, -11463.425]]]}}, {"type": "Feature", "properties": {"nome": "1020", "codice": "18", "vertici": 28}, "geometry": {"type": "Polygon", "coordinates": [[[-30200.051, -11546.106], [-30199.735, -11547.893], [-30159.738, -11538.555], [-30160.813, -11531.423], [-30160.991, -11529.307], [-30160.502, -11524.091], [-30159.731, -11517.154], [-30158.905, -11512.648], [-30153.165, -11495.443], [-30152.766, -11490.893], [-30157.509, -11494.253], [-30159.608, -11499.88], [-30162.836, -11508.465], [-30167.386, -11506.349], [-30169.001, -11505.663], [-30166.775, -11500.034], [-30165.864, -11496.66], [-30162.509, -11491.0], [-30173.336, -11463.547], [-30179.083, -11470.39], [-30195.437, -11483.106], [-30200.763, -11486.237], [-30193.73, -11498.476], [-30193.502, -11504.253], [-30199.527, -11522.817], [-30199.664, -11530.191], [-30198.837, -11537.886], [-30200.051, -11546.106]]]}}, {"type": "Feature", "properties": {"nome": "1022", "codice": "18", "vertici": 7}, "geometry": {"type": "Polygon", "coordinates": [[[-30952.196, -11511.036], [-30950.509, -11512.746], [-30946.241, -11516.483], [-30943.458, -11512.276], [-30947.255, -11508.746], [-30948.993, -11507.316], [-30952.196, -11511.036]]]}}, {"type": "Feature", "properties": {"nome": "1023", "codice": "18", "vertici": 7}, "geometry": {"type": "Polygon", "coordinates": [[[-30146.255, -11905.017], [-30144.254, -11907.763], [-30143.416, -11909.702], [-30140.691, -11908.759], [-30141.609, -11907.026], [-30143.0, -11904.018], [-30146.255, -11905.017]]]}}, {"type": "Feature", "properties": {"nome": "1025", "codice": "12", "vertici": 5}, "geometry": {"type": "Polygon", "coordinates": [[[-30986.232, -11558.599], [-30982.059, -11562.058], [-30979.796, -11559.287], [-30983.97, -11555.827], [-30986.232, -11558.599]]]}}, {"type": "Feature", "properties": {"nome": "1026", "codice": "18", "vertici": 25}, "geometry": {"type": "LineString", "coordinates": [[-30006.743, -11911.869], [-30017.928, -11921.18], [-29997.688, -11959.561], [-29996.23, -11957.938], [-29995.859, -11957.014], [-29984.539, -11952.621], [-29976.209, -11947.733], [-29970.722, -11947.864], [-29969.44, -11947.257], [-29973.095, -11934.409], [-29974.283, -11931.324], [-29974.924, -11915.8], [-29975.445, -11904.718], [-29979.354, -11893.946], [-29988.542, -11900.858], [-29993.344, -11902.957], [-29993.049, -11904.168], [-30006.743, -11911.869], [-29979.155, -11911.02], [-29983.253, -11912.763], [-29985.162, -11908.368], [-29981.268, -11906.707], [-29979.546, -11905.855], [-29977.552, -11910.502], [-29979.155, -11911.02]]}}, {"type": "Feature", "properties": {"nome": "1027", "codice": "18", "vertici": 11}, "geometry": {"type": "Polygon", "coordinates": [[[-30020.351, -11924.68], [-30029.488, -11931.569], [-30032.847, -11933.716], [-30028.9, -11938.244], [-30016.0, -11967.746], [-30006.844, -11964.986], [-29998.514, -11960.48], [-29997.688, -11959.561], [-30017.928, -11921.18], [-30019.352, -11922.362], [-30020.351, -11924.68]]]}}, {"type": "Feature", "properties": {"nome": "1028", "codice": "18", "vertici": 12}, "geometry": {"type": "Polygon", "coordinates": [[[-30027.378, -11900.31], [-30028.312, -11901.735], [-30017.928, -11921.18], [-30006.743, -11911.869], [-29993.049, -11904.168], [-29993.344, -11902.957], [-29988.542, -11900.858], [-29979.354, -11893.946], [-29984.643, -11878.844], [-30002.514, -11874.084], [-30020.105, -11893.211], [-30027.378, -11900.31]]]}}, {"type": "Feature", "properties": {"nome": "1029", "codice": "18", "vertici": 8}, "geometry": {"type": "Polygon", "coordinates": [[[-30028.312, -11901.735], [-30030.203, -11904.627], [-30039.56, -11915.353], [-30029.488, -11931.569], [-30020.351, -11924.68], [-30019.352, -11922.362], [-30017.928, -11921.18], [-30028.312, -11901.735]]]}}, {"type": "Feature", "properties": {"nome": "103", "codice": "18", "vertici": 19}, "geometry": {"type": "Polygon", "coordinates": [[[-30423.205, -11449.493], [-30423.783, -11454.723], [-30421.993, -11478.859], [-30417.82, -11509.126], [-30417.403, -11518.482], [-30411.465, -11520.747], [-30404.994, -11521.755], [-30405.539, -11511.585], [-30406.995, -11489.446], [-30407.245, -11484.793], [-30413.588, -11485.202], [-30412.927, -11453.236], [-30407.89, -11435.979], [-30404.813, -11426.683], [-30407.968, -11423.127], [-30415.398, -11422.161], [-30415.309, -11423.676], [-30419.616, -11435.127], [-30423.205, -11449.493]]]}}, {"type": "Feature", "properties": {"nome": "1031", "codice": "12", "vertici": 15}, "geometry": {"type": "Polygon", "coordinates": [[[-30201.939, -11642.183], [-30200.463, -11643.493], [-30191.367, -11650.902], [-30186.491, -11656.763], [-30181.165, -11657.987], [-30174.438, -11657.855], [-30155.91, -11650.638], [-30153.0, -11647.254], [-30154.746, -11644.763], [-30157.434, -11642.955], [-30163.374, -11641.088], [-30180.778, -11650.294], [-30183.82, -11643.125], [-30193.149, -11642.603], [-30201.939, -11642.183]]]}}, {"type": "Feature", "properties": {"nome": "1038", "codice": "18", "vertici": 25}, "geometry": {"type": "Polygon", "coordinates": [[[-29738.869, -11628.005], [-29737.965, -11628.723], [-29730.742, -11634.465], [-29698.599, -11659.016], [-29686.786, -11646.674], [-29686.755, -11647.083], [-29676.04, -11635.482], [-29670.352, -11629.757], [-29643.145, -11606.112], [-29641.789, -11604.976], [-29642.685, -11600.34], [-29643.445, -11587.748], [-29646.136, -11580.731], [-29646.364, -11580.435], [-29649.747, -11581.275], [-29670.917, -11552.731], [-29680.362, -11549.647], [-29691.448, -11566.314], [-29695.138, -11569.604], [-29718.503, -11601.792], [-29720.094, -11600.845], [-29721.104, -11602.138], [-29725.892, -11608.261], [-29736.793, -11624.338], [-29738.869, -11628.005]]]}}, {"type": "Feature", "properties": {"nome": "1039", "codice": "18", "vertici": 18}, "geometry": {"type": "Polygon", "coordinates": [[[-29678.988, -11547.535], [-29680.362, -11549.647], [-29670.917, -11552.731], [-29649.747, -11581.275], [-29646.364, -11580.435], [-29655.279, -11568.827], [-29656.509, -11567.017], [-29659.315, -11563.502], [-29661.206, -11561.225], [-29661.459, -11560.859], [-29668.945, -11550.039], [-29668.604, -11548.849], [-29672.311, -11546.418], [-29674.843, -11550.519], [-29677.671, -11548.529], [-29676.549, -11546.1], [-29677.327, -11545.393], [-29678.988, -11547.535]]]}}, {"type": "Feature", "properties": {"nome": "104", "codice": "18", "vertici": 17}, "geometry": {"type": "Polygon", "coordinates": [[[-30408.546, -11464.407], [-30408.447, -11467.488], [-30408.333, -11471.943], [-30407.245, -11484.793], [-30402.627, -11484.613], [-30403.545, -11477.54], [-30397.761, -11475.723], [-30399.265, -11464.859], [-30392.207, -11448.361], [-30387.44, -11440.715], [-30393.438, -11436.588], [-30394.176, -11432.954], [-30395.621, -11431.988], [-30396.242, -11433.516], [-30399.322, -11441.998], [-30401.699, -11446.887], [-30408.546, -11464.407]]]}}, {"type": "Feature", "properties": {"nome": "1041", "codice": "18", "vertici": 46}, "geometry": {"type": "LineString", "coordinates": [[-30213.836, -11525.725], [-30212.641, -11525.964], [-30201.057, -11526.814], [-30201.016, -11522.898], [-30195.454, -11504.838], [-30195.179, -11499.062], [-30202.608, -11487.738], [-30211.751, -11496.681], [-30215.241, -11498.278], [-30216.041, -11500.553], [-30221.502, -11502.698], [-30239.669, -11512.673], [-30251.632, -11519.239], [-30257.177, -11523.964], [-30264.275, -11527.293], [-30267.355, -11529.962], [-30269.004, -11530.924], [-30267.693, -11532.321], [-30262.312, -11532.429], [-30257.879, -11537.849], [-30258.449, -11542.14], [-30257.337, -11543.302], [-30252.494, -11557.302], [-30249.253, -11561.269], [-30241.0, -11569.491], [-30230.541, -11565.651], [-30229.48, -11565.306], [-30232.506, -11563.711], [-30229.651, -11553.273], [-30229.177, -11549.981], [-30228.688, -11547.885], [-30227.708, -11541.616], [-30225.43, -11529.897], [-30223.443, -11519.08], [-30221.663, -11507.071], [-30221.169, -11506.407], [-30217.583, -11506.166], [-30219.676, -11519.696], [-30220.53, -11524.268], [-30213.836, -11525.725], [-30241.473, -11552.668], [-30246.198, -11552.893], [-30249.685, -11550.634], [-30249.199, -11544.262], [-30239.884, -11542.975], [-30241.473, -11552.668]]}}, {"type": "Feature", "properties": {"nome": "1042", "codice": "18", "vertici": 6}, "geometry": {"type": "Polygon", "coordinates": [[[-30246.198, -11552.893], [-30241.473, -11552.668], [-30239.884, -11542.975], [-30249.199, -11544.262], [-30249.685, -11550.634], [-30246.198, -11552.893]]]}}, {"type": "Feature", "properties": {"nome": "1043", "codice": "18", "vertici": 14}, "geometry": {"type": "Polygon", "coordinates": [[[-30211.608, -11589.807], [-30216.124, -11596.236], [-30209.981, -11602.855], [-30206.618, -11599.045], [-30200.462, -11605.546], [-30203.718, -11609.602], [-30203.42, -11609.922], [-30200.284, -11612.493], [-30198.254, -11613.508], [-30194.478, -11607.709], [-30192.534, -11605.195], [-30210.338, -11587.782], [-30211.94, -11589.137], [-30211.608, -11589.807]]]}}, {"type": "Feature", "properties": {"nome": "1044", "codice": "18", "vertici": 5}, "geometry": {"type": "Polygon", "coordinates": [[[-30209.981, -11602.855], [-30203.718, -11609.602], [-30200.462, -11605.546], [-30206.618, -11599.045], [-30209.981, -11602.855]]]}}, {"type": "Feature", "properties": {"nome": "1048", "codice": "18", "vertici": 5}, "geometry": {"type": "Polygon", "coordinates": [[[-29984.63, -12126.395], [-29982.466, -12125.157], [-29986.599, -12118.334], [-29988.764, -12119.571], [-29984.63, -12126.395]]]}}, {"type": "Feature", "properties": {"nome": "1049", "codice": "18", "vertici": 8}, "geometry": {"type": "Polygon", "coordinates": [[[-30330.093, -11728.28], [-30340.097, -11720.638], [-30340.738, -11721.569], [-30343.867, -11726.24], [-30339.304, -11729.937], [-30332.509, -11732.527], [-30330.938, -11729.729], [-30330.093, -11728.28]]]}}, {"type": "Feature", "properties": {"nome": "1055", "codice": "18", "vertici": 27}, "geometry": {"type": "Polygon", "coordinates": [[[-30960.74, -11502.499], [-30962.376, -11497.27], [-30963.813, -11490.323], [-30964.803, -11483.028], [-30965.403, -11479.88], [-30970.941, -11476.465], [-30975.04, -11473.204], [-30978.684, -11470.01], [-30984.269, -11464.93], [-30990.195, -11458.605], [-30992.715, -11458.351], [-30994.535, -11461.459], [-31000.822, -11458.676], [-31005.927, -11458.035], [-31012.0, -11459.342], [-31027.706, -11468.723], [-31018.935, -11490.865], [-31006.255, -11510.254], [-31003.394, -11510.182], [-30995.478, -11512.576], [-30976.668, -11520.998], [-30971.744, -11521.721], [-30968.763, -11521.0], [-30959.31, -11522.729], [-30957.552, -11521.836], [-30959.915, -11513.465], [-30960.74, -11502.499]]]}}, {"type": "Feature", "properties": {"nome": "1056", "codice": "18", "vertici": 21}, "geometry": {"type": "Polygon", "coordinates": [[[-30990.697, -11455.094], [-30991.445, -11456.236], [-30990.195, -11458.605], [-30984.269, -11464.93], [-30978.684, -11470.01], [-30975.04, -11473.204], [-30970.941, -11476.465], [-30965.403, -11479.88], [-30966.191, -11475.705], [-30967.906, -11474.667], [-30974.134, -11470.181], [-30977.249, -11467.236], [-30978.424, -11466.062], [-30981.48, -11462.884], [-30985.07, -11459.098], [-30985.445, -11459.633], [-30987.926, -11457.644], [-30988.685, -11459.106], [-30990.201, -11458.412], [-30989.289, -11456.628], [-30990.697, -11455.094]]]}}, {"type": "Feature", "properties": {"nome": "1057", "codice": "18", "vertici": 17}, "geometry": {"type": "LineString", "coordinates": [[-30983.759, -11457.231], [-30985.07, -11459.098], [-30981.48, -11462.884], [-30978.424, -11466.062], [-30977.249, -11467.236], [-30974.134, -11470.181], [-30967.906, -11474.667], [-30966.191, -11475.705], [-30969.167, -11459.915], [-30979.762, -11456.254], [-30982.063, -11454.538], [-30983.759, -11457.231], [-30976.594, -11465.755], [-30975.687, -11460.365], [-30969.195, -11461.462], [-30970.137, -11467.144], [-30976.594, -11465.755]]}}, {"type": "Feature", "properties": {"nome": "1058", "codice": "18", "vertici": 4}, "geometry": {"type": "Polygon", "coordinates": [[[-30991.445, -11456.236], [-30992.715, -11458.351], [-30990.195, -11458.605], [-30991.445, -11456.236]]]}}, {"type": "Feature", "properties": {"nome": "1059", "codice": "18", "vertici": 24}, "geometry": {"type": "LineString", "coordinates": [[-31008.548, -11447.182], [-31016.841, -11451.807], [-31032.366, -11457.687], [-31027.706, -11468.723], [-31012.0, -11459.342], [-31005.927, -11458.035], [-31000.822, -11458.676], [-30994.535, -11461.459], [-30992.715, -11458.351], [-30991.445, -11456.236], [-30991.712, -11455.688], [-30992.654, -11453.391], [-30994.073, -11452.686], [-30996.311, -11449.313], [-31004.008, -11447.389], [-31005.356, -11447.048], [-31008.548, -11447.182], [-31000.955, -11450.639], [-31001.763, -11457.0], [-31006.254, -11456.254], [-31006.078, -11450.241], [-31005.778, -11448.66], [-31000.733, -11449.273], [-31000.955, -11450.639]]}}, {"type": "Feature", "properties": {"nome": "1061", "codice": "18", "vertici": 10}, "geometry": {"type": "Polygon", "coordinates": [[[-30990.201, -11458.412], [-30988.685, -11459.106], [-30987.926, -11457.644], [-30985.445, -11459.633], [-30985.07, -11459.098], [-30986.466, -11457.638], [-30988.617, -11453.981], [-30990.697, -11455.094], [-30989.289, -11456.628], [-30990.201, -11458.412]]]}}, {"type": "Feature", "properties": {"nome": "1063", "codice": "18", "vertici": 21}, "geometry": {"type": "Polygon", "coordinates": [[[-30472.106, -11453.484], [-30470.936, -11453.625], [-30471.27, -11452.401], [-30471.984, -11448.696], [-30473.295, -11441.64], [-30478.025, -11442.556], [-30480.196, -11433.343], [-30481.484, -11427.996], [-30484.184, -11427.464], [-30487.103, -11426.839], [-30490.664, -11426.124], [-30491.542, -11424.225], [-30499.399, -11428.189], [-30508.763, -11429.272], [-30509.534, -11443.418], [-30506.077, -11454.331], [-30501.689, -11459.146], [-30485.776, -11454.707], [-30480.706, -11453.02], [-30480.019, -11455.393], [-30472.106, -11453.484]]]}}, {"type": "Feature", "properties": {"nome": "1064", "codice": "18", "vertici": 20}, "geometry": {"type": "Polygon", "coordinates": [[[-30475.548, -11419.284], [-30482.166, -11420.182], [-30489.307, -11423.074], [-30491.542, -11424.225], [-30490.664, -11426.124], [-30487.103, -11426.839], [-30484.184, -11427.464], [-30481.484, -11427.996], [-30480.196, -11433.343], [-30478.025, -11442.556], [-30473.295, -11441.64], [-30471.984, -11448.696], [-30471.27, -11452.401], [-30470.936, -11453.625], [-30458.208, -11455.15], [-30457.583, -11440.973], [-30452.257, -11440.917], [-30453.425, -11421.888], [-30471.321, -11419.404], [-30475.548, -11419.284]]]}}, {"type": "Feature", "properties": {"nome": "107", "codice": "18", "vertici": 13}, "geometry": {"type": "Polygon", "coordinates": [[[-30482.88, -11486.718], [-30487.426, -11472.22], [-30488.211, -11472.4], [-30491.131, -11473.077], [-30495.244, -11473.879], [-30497.254, -11474.272], [-30496.797, -11477.634], [-30494.574, -11485.779], [-30492.455, -11488.898], [-30491.456, -11488.6], [-30487.011, -11487.678], [-30485.062, -11487.228], [-30482.88, -11486.718]]]}}, {"type": "Feature", "properties": {"nome": "1078", "codice": "18", "vertici": 40}, "geometry": {"type": "Polygon", "coordinates": [[[-30322.282, -11601.832], [-30320.472, -11607.176], [-30316.509, -11612.763], [-30312.388, -11611.791], [-30302.343, -11613.412], [-30280.188, -11630.152], [-30278.355, -11631.476], [-30273.449, -11634.174], [-30267.296, -11635.696], [-30258.322, -11635.686], [-30253.838, -11634.411], [-30253.09, -11632.594], [-30258.839, -11626.688], [-30270.283, -11614.934], [-30273.195, -11611.269], [-30293.179, -11585.919], [-30295.177, -11585.393], [-30299.266, -11585.464], [-30312.59, -11587.417], [-30321.14, -11589.563], [-30327.547, -11591.786], [-30329.155, -11592.609], [-30340.013, -11600.411], [-30346.14, -11606.92], [-30352.011, -11613.77], [-30365.323, -11630.386], [-30373.997, -11642.13], [-30379.432, -11649.44], [-30382.446, -11654.582], [-30384.425, -11658.634], [-30376.064, -11655.062], [-30375.473, -11653.626], [-30370.599, -11647.345], [-30368.231, -11642.353], [-30362.177, -11633.457], [-30355.361, -11625.281], [-30341.868, -11610.34], [-30339.724, -11606.77], [-30324.668, -11602.534], [-30322.282, -11601.832]]]}}, {"type": "Feature", "properties": {"nome": "1079", "codice": "18", "vertici": 27}, "geometry": {"type": "Polygon", "coordinates": [[[-29944.344, -12016.823], [-29943.15, -12015.933], [-29949.249, -12006.44], [-29950.226, -12004.663], [-29954.188, -11995.456], [-29958.022, -11984.288], [-29973.337, -11995.036], [-29958.255, -12026.004], [-29952.979, -12036.145], [-29940.72, -12033.333], [-29937.989, -12030.964], [-29948.528, -12018.388], [-29957.144, -12022.405], [-29968.012, -12004.676], [-29965.776, -12003.586], [-29968.411, -11998.877], [-29963.526, -11996.134], [-29960.861, -12000.821], [-29956.444, -11998.442], [-29953.921, -11997.893], [-29952.907, -12000.238], [-29954.851, -12002.785], [-29953.254, -12006.132], [-29951.068, -12005.65], [-29947.646, -12012.76], [-29947.036, -12014.318], [-29944.344, -12016.823]]]}}, {"type": "Feature", "properties": {"nome": "108", "codice": "12", "vertici": 16}, "geometry": {"type": "Polygon", "coordinates": [[[-30454.943, -11455.454], [-30451.402, -11485.663], [-30446.874, -11485.523], [-30443.138, -11498.565], [-30441.906, -11501.33], [-30440.734, -11501.108], [-30436.451, -11500.296], [-30440.95, -11485.785], [-30441.976, -11478.127], [-30441.876, -11470.028], [-30443.416, -11463.425], [-30441.483, -11454.352], [-30442.018, -11452.0], [-30447.099, -11453.057], [-30449.305, -11453.201], [-30454.943, -11455.454]]]}}, {"type": "Feature", "properties": {"nome": "1082", "codice": "18", "vertici": 8}, "geometry": {"type": "Polygon", "coordinates": [[[-29817.846, -11642.272], [-29854.484, -11671.779], [-29846.345, -11682.223], [-29823.611, -11663.12], [-29819.508, -11659.763], [-29810.536, -11651.582], [-29810.445, -11651.5], [-29817.846, -11642.272]]]}}, {"type": "Feature", "properties": {"nome": "1083", "codice": "18", "vertici": 8}, "geometry": {"type": "Polygon", "coordinates": [[[-29820.667, -11639.247], [-29817.846, -11642.272], [-29810.445, -11651.5], [-29801.169, -11643.331], [-29802.565, -11641.745], [-29803.419, -11640.774], [-29810.767, -11632.43], [-29820.667, -11639.247]]]}}, {"type": "Feature", "properties": {"nome": "11", "codice": "12", "vertici": 53}, "geometry": {"type": "LineString", "coordinates": [[-30952.245, -11441.87], [-30959.774, -11448.022], [-30960.182, -11447.306], [-30963.164, -11449.778], [-30959.04, -11453.463], [-30956.308, -11451.247], [-30955.207, -11450.354], [-30953.717, -11451.832], [-30949.666, -11456.15], [-30949.297, -11456.472], [-30951.436, -11459.254], [-30947.996, -11463.782], [-30945.388, -11467.764], [-30951.318, -11472.401], [-30949.56, -11474.659], [-30939.868, -11470.538], [-30936.24, -11468.936], [-30934.912, -11467.985], [-30931.287, -11465.759], [-30913.774, -11456.71], [-30904.655, -11451.268], [-30895.966, -11445.145], [-30892.479, -11441.946], [-30887.772, -11435.299], [-30887.261, -11432.383], [-30887.16, -11430.391], [-30890.926, -11425.653], [-30896.279, -11422.061], [-30899.156, -11428.984], [-30903.626, -11437.878], [-30906.511, -11436.487], [-30905.916, -11435.298], [-30911.437, -11431.455], [-30911.822, -11432.231], [-30916.42, -11430.057], [-30922.492, -11426.006], [-30926.399, -11432.608], [-30931.486, -11432.724], [-30940.061, -11433.479], [-30953.001, -11440.77], [-30952.245, -11441.87], [-30937.25, -11459.136], [-30933.509, -11463.763], [-30937.12, -11466.829], [-30940.825, -11462.289], [-30942.055, -11460.8], [-30938.437, -11457.763], [-30937.25, -11459.136], [-30932.428, -11457.006], [-30934.996, -11458.925], [-30936.213, -11457.214], [-30933.793, -11455.267], [-30932.428, -11457.006]]}}, {"type": "Feature", "properties": {"nome": "110", "codice": "12", "vertici": 10}, "geometry": {"type": "Polygon", "coordinates": [[[-30491.456, -11488.6], [-30492.455, -11488.898], [-30479.976, -11506.695], [-30478.279, -11508.53], [-30476.238, -11507.837], [-30480.566, -11494.107], [-30482.88, -11486.718], [-30485.062, -11487.228], [-30487.011, -11487.678], [-30491.456, -11488.6]]]}}, {"type": "Feature", "properties": {"nome": "111", "codice": "18", "vertici": 55}, "geometry": {"type": "LineString", "coordinates": [[-30381.048, -11529.969], [-30379.053, -11519.387], [-30379.852, -11488.351], [-30383.826, -11488.069], [-30384.174, -11483.546], [-30402.627, -11484.613], [-30407.245, -11484.793], [-30406.995, -11489.446], [-30405.539, -11511.585], [-30404.994, -11521.755], [-30411.465, -11520.747], [-30417.403, -11518.482], [-30420.494, -11518.39], [-30422.101, -11523.355], [-30424.965, -11525.927], [-30427.113, -11533.121], [-30428.968, -11537.011], [-30431.829, -11536.356], [-30431.616, -11541.029], [-30432.843, -11547.874], [-30438.626, -11553.9], [-30434.384, -11559.783], [-30428.053, -11571.626], [-30425.962, -11577.063], [-30412.619, -11566.548], [-30409.001, -11562.117], [-30407.534, -11560.017], [-30406.551, -11560.803], [-30401.075, -11554.714], [-30397.482, -11552.414], [-30390.443, -11544.919], [-30384.35, -11548.191], [-30370.215, -11533.694], [-30373.237, -11530.7], [-30375.465, -11532.769], [-30381.048, -11529.969], [-30382.242, -11524.601], [-30388.615, -11539.322], [-30398.755, -11533.951], [-30398.271, -11532.861], [-30400.077, -11531.731], [-30398.316, -11528.277], [-30399.555, -11527.7], [-30397.604, -11524.014], [-30396.318, -11524.651], [-30394.921, -11525.34], [-30394.084, -11523.46], [-30392.104, -11522.766], [-30391.534, -11516.485], [-30390.478, -11516.708], [-30390.28, -11513.307], [-30386.998, -11513.308], [-30387.061, -11516.74], [-30382.432, -11516.994], [-30382.242, -11524.601]]}}, {"type": "Feature", "properties": {"nome": "1116", "codice": "18", "vertici": 8}, "geometry": {"type": "Polygon", "coordinates": [[[-29898.688, -11534.783], [-29916.259, -11533.689], [-29916.347, -11538.009], [-29914.753, -11536.942], [-29912.4, -11536.946], [-29908.92, -11536.904], [-29902.651, -11536.328], [-29898.688, -11534.783]]]}}, {"type": "Feature", "properties": {"nome": "1117", "codice": "18", "vertici": 20}, "geometry": {"type": "Polygon", "coordinates": [[[-29898.657, -11534.785], [-29898.688, -11534.783], [-29902.651, -11536.328], [-29908.92, -11536.904], [-29912.4, -11536.946], [-29914.753, -11536.942], [-29916.347, -11538.009], [-29916.46, -11543.569], [-29910.148, -11543.551], [-29908.248, -11543.289], [-29904.953, -11543.403], [-29904.749, -11542.305], [-29901.807, -11542.378], [-29901.531, -11539.803], [-29897.373, -11539.819], [-29891.315, -11536.78], [-29892.509, -11534.745], [-29893.813, -11532.738], [-29898.187, -11534.589], [-29898.657, -11534.785]]]}}, {"type": "Feature", "properties": {"nome": "1118", "codice": "18", "vertici": 5}, "geometry": {"type": "Polygon", "coordinates": [[[-29908.13, -11548.683], [-29908.248, -11543.289], [-29910.148, -11543.551], [-29910.52, -11549.762], [-29908.13, -11548.683]]]}}, {"type": "Feature", "properties": {"nome": "1119", "codice": "18", "vertici": 28}, "geometry": {"type": "Polygon", "coordinates": [[[-29883.501, -11568.165], [-29873.223, -11576.578], [-29873.962, -11575.838], [-29874.728, -11574.822], [-29875.618, -11573.468], [-29876.726, -11571.954], [-29878.057, -11570.3], [-29879.159, -11569.07], [-29880.372, -11567.74], [-29881.542, -11566.633], [-29882.804, -11565.64], [-29883.81, -11564.707], [-29885.153, -11563.624], [-29886.391, -11562.828], [-29887.35, -11562.364], [-29889.539, -11561.172], [-29889.403, -11557.075], [-29890.62, -11557.074], [-29899.287, -11556.908], [-29907.954, -11556.731], [-29908.13, -11548.683], [-29910.52, -11549.762], [-29910.148, -11543.551], [-29916.46, -11543.569], [-29916.509, -11546.018], [-29917.208, -11562.558], [-29891.675, -11561.893], [-29883.501, -11568.165]]]}}, {"type": "Feature", "properties": {"nome": "112", "codice": "18", "vertici": 9}, "geometry": {"type": "Polygon", "coordinates": [[[-30350.054, -11494.445], [-30351.193, -11497.139], [-30340.151, -11504.138], [-30328.069, -11489.922], [-30334.231, -11484.793], [-30341.828, -11478.656], [-30345.149, -11475.799], [-30348.232, -11485.326], [-30350.054, -11494.445]]]}}, {"type": "Feature", "properties": {"nome": "1121", "codice": "18", "vertici": 22}, "geometry": {"type": "Polygon", "coordinates": [[[-29873.159, -11570.179], [-29878.508, -11559.746], [-29879.965, -11557.13], [-29879.997, -11557.074], [-29889.403, -11557.075], [-29889.539, -11561.172], [-29887.35, -11562.364], [-29886.391, -11562.828], [-29885.153, -11563.624], [-29883.81, -11564.707], [-29882.804, -11565.64], [-29881.542, -11566.633], [-29880.372, -11567.74], [-29879.159, -11569.07], [-29878.057, -11570.3], [-29876.726, -11571.954], [-29875.618, -11573.468], [-29874.728, -11574.822], [-29873.962, -11575.838], [-29873.223, -11576.578], [-29871.178, -11575.036], [-29873.159, -11570.179]]]}}, {"type": "Feature", "properties": {"nome": "1122", "codice": "18", "vertici": 5}, "geometry": {"type": "Polygon", "coordinates": [[[-29870.33, -11577.115], [-29871.178, -11575.036], [-29873.223, -11576.578], [-29869.208, -11579.866], [-29870.33, -11577.115]]]}}, {"type": "Feature", "properties": {"nome": "1123", "codice": "18", "vertici": 8}, "geometry": {"type": "Polygon", "coordinates": [[[-30353.264, -11520.017], [-30353.837, -11519.453], [-30355.765, -11519.258], [-30360.397, -11524.782], [-30354.016, -11529.549], [-30350.418, -11524.183], [-30349.238, -11522.733], [-30353.264, -11520.017]]]}}, {"type": "Feature", "properties": {"nome": "1124", "codice": "18", "vertici": 35}, "geometry": {"type": "Polygon", "coordinates": [[[-30304.35, -11565.052], [-30308.164, -11558.517], [-30308.236, -11558.741], [-30309.382, -11562.247], [-30310.562, -11565.593], [-30308.105, -11566.427], [-30309.389, -11570.101], [-30309.444, -11570.281], [-30309.951, -11570.125], [-30310.781, -11569.847], [-30311.582, -11568.609], [-30316.621, -11563.664], [-30323.298, -11561.624], [-30324.352, -11561.352], [-30334.119, -11559.894], [-30333.611, -11560.622], [-30333.486, -11561.067], [-30334.712, -11562.338], [-30335.174, -11562.455], [-30335.832, -11563.188], [-30336.99, -11564.172], [-30339.697, -11566.963], [-30342.402, -11569.751], [-30344.856, -11572.281], [-30347.84, -11575.336], [-30338.247, -11589.422], [-30336.737, -11591.512], [-30331.067, -11588.004], [-30330.061, -11587.568], [-30320.257, -11584.29], [-30312.26, -11582.061], [-30294.538, -11579.249], [-30291.055, -11578.309], [-30291.382, -11577.947], [-30304.35, -11565.052]]]}}, {"type": "Feature", "properties": {"nome": "1126", "codice": "18", "vertici": 23}, "geometry": {"type": "Polygon", "coordinates": [[[-30336.401, -11501.439], [-30346.598, -11514.745], [-30353.837, -11519.453], [-30353.264, -11520.017], [-30349.238, -11522.733], [-30348.59, -11523.165], [-30347.947, -11523.291], [-30347.048, -11522.447], [-30343.455, -11525.196], [-30340.731, -11527.251], [-30336.756, -11530.34], [-30335.917, -11530.852], [-30335.458, -11532.223], [-30335.467, -11532.925], [-30332.436, -11535.235], [-30318.673, -11520.971], [-30318.225, -11520.505], [-30314.885, -11517.803], [-30310.337, -11516.633], [-30303.474, -11512.951], [-30303.082, -11512.558], [-30327.428, -11491.335], [-30336.401, -11501.439]]]}}, {"type": "Feature", "properties": {"nome": "1128", "codice": "18", "vertici": 15}, "geometry": {"type": "Polygon", "coordinates": [[[-30314.885, -11517.803], [-30318.225, -11520.505], [-30318.673, -11520.971], [-30318.299, -11521.273], [-30318.044, -11521.453], [-30318.093, -11521.506], [-30311.181, -11528.061], [-30322.773, -11540.217], [-30324.182, -11541.705], [-30319.246, -11545.879], [-30291.407, -11520.845], [-30303.082, -11512.558], [-30303.474, -11512.951], [-30310.337, -11516.633], [-30314.885, -11517.803]]]}}, {"type": "Feature", "properties": {"nome": "1130", "codice": "18", "vertici": 20}, "geometry": {"type": "LineString", "coordinates": [[-30074.354, -11970.584], [-30072.831, -11974.292], [-30071.422, -11973.651], [-30064.952, -11970.7], [-30065.289, -11969.727], [-30057.827, -11966.406], [-30048.445, -11962.217], [-30054.013, -11952.765], [-30056.365, -11948.775], [-30059.139, -11950.421], [-30078.929, -11960.203], [-30074.354, -11970.584], [-30068.555, -11955.494], [-30067.76, -11955.97], [-30070.162, -11958.83], [-30072.03, -11961.024], [-30074.208, -11959.286], [-30072.283, -11957.594], [-30071.071, -11958.296], [-30068.555, -11955.494]]}}, {"type": "Feature", "properties": {"nome": "1131", "codice": "18", "vertici": 13}, "geometry": {"type": "Polygon", "coordinates": [[[-30064.518, -11994.946], [-30053.747, -11989.01], [-30056.18, -11983.831], [-30056.649, -11982.885], [-30062.373, -11985.254], [-30067.861, -11973.153], [-30056.951, -11968.334], [-30057.827, -11966.406], [-30065.289, -11969.727], [-30064.952, -11970.7], [-30071.422, -11973.651], [-30072.831, -11974.292], [-30064.518, -11994.946]]]}}, {"type": "Feature", "properties": {"nome": "1132", "codice": "18", "vertici": 11}, "geometry": {"type": "Polygon", "coordinates": [[[-30053.747, -11989.01], [-30037.555, -11980.085], [-30037.775, -11979.702], [-30048.445, -11962.217], [-30057.827, -11966.406], [-30056.951, -11968.334], [-30055.343, -11967.622], [-30049.827, -11980.065], [-30056.649, -11982.885], [-30056.18, -11983.831], [-30053.747, -11989.01]]]}}, {"type": "Feature", "properties": {"nome": "1133", "codice": "18", "vertici": 12}, "geometry": {"type": "Polygon", "coordinates": [[[-30029.872, -11975.851], [-30023.891, -11972.663], [-30016.0, -11967.746], [-30028.9, -11938.244], [-30032.847, -11933.716], [-30046.892, -11943.152], [-30056.365, -11948.775], [-30054.013, -11952.765], [-30048.445, -11962.217], [-30037.775, -11979.702], [-30037.555, -11980.085], [-30029.872, -11975.851]]]}}, {"type": "Feature", "properties": {"nome": "1134", "codice": "18", "vertici": 11}, "geometry": {"type": "Polygon", "coordinates": [[[-30062.373, -11985.254], [-30056.649, -11982.885], [-30056.854, -11982.472], [-30058.087, -11983.127], [-30058.626, -11982.14], [-30061.319, -11983.366], [-30065.707, -11973.675], [-30056.376, -11969.6], [-30056.951, -11968.334], [-30067.861, -11973.153], [-30062.373, -11985.254]]]}}, {"type": "Feature", "properties": {"nome": "1135", "codice": "18", "vertici": 10}, "geometry": {"type": "Polygon", "coordinates": [[[-30049.827, -11980.065], [-30055.343, -11967.622], [-30056.951, -11968.334], [-30056.376, -11969.6], [-30051.822, -11979.041], [-30058.626, -11982.14], [-30058.087, -11983.127], [-30056.854, -11982.472], [-30056.649, -11982.885], [-30049.827, -11980.065]]]}}, {"type": "Feature", "properties": {"nome": "114", "codice": "18", "vertici": 19}, "geometry": {"type": "Polygon", "coordinates": [[[-30397.604, -11524.014], [-30399.555, -11527.7], [-30398.316, -11528.277], [-30400.077, -11531.731], [-30398.271, -11532.861], [-30398.755, -11533.951], [-30388.615, -11539.322], [-30382.242, -11524.601], [-30382.432, -11516.994], [-30387.061, -11516.74], [-30386.998, -11513.308], [-30390.28, -11513.307], [-30390.478, -11516.708], [-30391.534, -11516.485], [-30392.104, -11522.766], [-30394.084, -11523.46], [-30394.921, -11525.34], [-30396.318, -11524.651], [-30397.604, -11524.014]]]}}, {"type": "Feature", "properties": {"nome": "1146", "codice": "18", "vertici": 24}, "geometry": {"type": "Polygon", "coordinates": [[[-30960.488, -11478.915], [-30963.395, -11477.561], [-30964.966, -11474.828], [-30963.398, -11483.637], [-30960.509, -11482.88], [-30955.468, -11481.548], [-30949.357, -11478.782], [-30946.363, -11477.362], [-30945.412, -11476.94], [-30934.971, -11468.326], [-30934.912, -11467.985], [-30936.24, -11468.936], [-30939.868, -11470.538], [-30949.56, -11474.659], [-30951.318, -11472.401], [-30953.565, -11474.159], [-30954.536, -11474.715], [-30955.759, -11475.407], [-30956.249, -11474.719], [-30957.39, -11475.418], [-30956.824, -11476.418], [-30957.465, -11476.862], [-30959.164, -11478.882], [-30960.488, -11478.915]]]}}, {"type": "Feature", "properties": {"nome": "1148", "codice": "18", "vertici": 7}, "geometry": {"type": "Polygon", "coordinates": [[[-30934.971, -11468.326], [-30945.412, -11476.94], [-30944.028, -11476.326], [-30941.455, -11475.056], [-30937.19, -11473.259], [-30933.951, -11469.938], [-30934.971, -11468.326]]]}}, {"type": "Feature", "properties": {"nome": "1149", "codice": "18", "vertici": 44}, "geometry": {"type": "LineString", "coordinates": [[-30886.944, -11696.249], [-30867.395, -11695.16], [-30893.762, -11543.746], [-30897.017, -11533.491], [-30907.331, -11512.093], [-30931.245, -11474.227], [-30931.408, -11473.968], [-30934.043, -11476.681], [-30938.376, -11481.149], [-30942.744, -11485.692], [-30938.089, -11491.648], [-30949.155, -11506.347], [-30958.538, -11509.413], [-30958.234, -11514.267], [-30955.629, -11522.058], [-31000.267, -11619.634], [-30992.519, -11621.039], [-30983.537, -11624.033], [-30980.767, -11626.304], [-30982.272, -11630.272], [-30972.779, -11634.816], [-30967.787, -11637.846], [-30949.975, -11641.574], [-30951.32, -11652.486], [-30950.533, -11659.836], [-30953.028, -11666.071], [-30954.009, -11673.127], [-30927.075, -11680.535], [-30926.578, -11664.575], [-30919.763, -11660.405], [-30912.216, -11657.288], [-30899.141, -11659.053], [-30885.991, -11665.857], [-30895.854, -11686.438], [-30894.486, -11689.168], [-30888.717, -11693.137], [-30886.944, -11696.249], [-30948.993, -11507.316], [-30947.255, -11508.746], [-30943.458, -11512.276], [-30946.241, -11516.483], [-30950.509, -11512.746], [-30952.196, -11511.036], [-30948.993, -11507.316]]}}, {"type": "Feature", "properties": {"nome": "1151", "codice": "18", "vertici": 7}, "geometry": {"type": "Polygon", "coordinates": [[[-29970.759, -12147.063], [-29979.682, -12160.023], [-29979.609, -12162.089], [-29978.261, -12163.701], [-29976.971, -12159.36], [-29965.522, -12140.225], [-29970.759, -12147.063]]]}}, {"type": "Feature", "properties": {"nome": "1152", "codice": "18", "vertici": 11}, "geometry": {"type": "Polygon", "coordinates": [[[-29947.432, -12151.726], [-29965.522, -12140.225], [-29976.971, -12159.36], [-29978.261, -12163.701], [-29972.656, -12170.41], [-29971.957, -12169.921], [-29971.534, -12169.53], [-29959.65, -12161.917], [-29951.04, -12155.098], [-29949.612, -12153.754], [-29947.432, -12151.726]]]}}, {"type": "Feature", "properties": {"nome": "1153", "codice": "18", "vertici": 18}, "geometry": {"type": "Polygon", "coordinates": [[[-29941.236, -12155.662], [-29947.432, -12151.726], [-29949.612, -12153.754], [-29951.04, -12155.098], [-29959.65, -12161.917], [-29971.534, -12169.53], [-29971.957, -12169.921], [-29972.656, -12170.41], [-29970.509, -12172.981], [-29939.413, -12205.446], [-29929.898, -12193.725], [-29930.901, -12193.049], [-29933.79, -12190.537], [-29931.795, -12188.327], [-29929.196, -12190.243], [-29928.192, -12191.169], [-29920.206, -12181.038], [-29941.236, -12155.662]]]}}, {"type": "Feature", "properties": {"nome": "1154", "codice": "18", "vertici": 7}, "geometry": {"type": "Polygon", "coordinates": [[[-29860.582, -11686.768], [-29860.609, -11686.791], [-29866.143, -11691.587], [-29872.068, -11696.783], [-29868.146, -11701.107], [-29857.947, -11692.108], [-29860.582, -11686.768]]]}}, {"type": "Feature", "properties": {"nome": "1155", "codice": "18", "vertici": 5}, "geometry": {"type": "Polygon", "coordinates": [[[-29856.313, -11683.087], [-29860.582, -11686.768], [-29857.947, -11692.108], [-29852.61, -11687.399], [-29856.313, -11683.087]]]}}, {"type": "Feature", "properties": {"nome": "1156", "codice": "18", "vertici": 7}, "geometry": {"type": "Polygon", "coordinates": [[[-29856.313, -11683.087], [-29862.571, -11675.652], [-29865.746, -11678.272], [-29863.184, -11683.5], [-29860.609, -11686.791], [-29860.582, -11686.768], [-29856.313, -11683.087]]]}}, {"type": "Feature", "properties": {"nome": "1157", "codice": "18", "vertici": 43}, "geometry": {"type": "Polygon", "coordinates": [[[-30484.344, -11458.598], [-30485.776, -11454.707], [-30501.689, -11459.146], [-30500.589, -11460.387], [-30497.636, -11470.705], [-30497.254, -11474.272], [-30495.244, -11473.879], [-30491.131, -11473.077], [-30488.211, -11472.4], [-30487.426, -11472.22], [-30482.88, -11486.718], [-30480.566, -11494.107], [-30476.238, -11507.837], [-30445.248, -11501.952], [-30441.906, -11501.33], [-30443.138, -11498.565], [-30446.874, -11485.523], [-30451.402, -11485.663], [-30454.943, -11455.454], [-30458.208, -11455.15], [-30458.278, -11456.271], [-30461.19, -11462.913], [-30465.5, -11468.455], [-30470.119, -11469.422], [-30469.847, -11470.776], [-30467.206, -11470.131], [-30465.891, -11475.558], [-30468.48, -11476.266], [-30468.985, -11474.11], [-30469.894, -11474.37], [-30469.254, -11476.763], [-30473.532, -11477.994], [-30475.713, -11468.584], [-30479.078, -11469.42], [-30479.509, -11467.509], [-30479.763, -11463.509], [-30474.047, -11462.493], [-30473.901, -11462.462], [-30473.314, -11462.334], [-30474.277, -11459.227], [-30479.601, -11460.357], [-30482.118, -11460.195], [-30484.344, -11458.598]]]}}, {"type": "Feature", "properties": {"nome": "116", "codice": "12", "vertici": 9}, "geometry": {"type": "Polygon", "coordinates": [[[-30407.511, -11560.921], [-30410.78, -11568.869], [-30405.398, -11571.384], [-30404.489, -11568.963], [-30401.379, -11570.382], [-30398.104, -11571.833], [-30395.349, -11566.679], [-30398.956, -11564.695], [-30407.511, -11560.921]]]}}, {"type": "Feature", "properties": {"nome": "1161", "codice": "18", "vertici": 82}, "geometry": {"type": "Polygon", "coordinates": [[[-30596.12, -11643.257], [-30600.974, -11648.437], [-30597.427, -11656.86], [-30605.602, -11658.826], [-30629.254, -11667.509], [-30628.202, -11672.586], [-30629.356, -11672.641], [-30628.861, -11676.417], [-30629.252, -11679.995], [-30627.76, -11685.179], [-30627.491, -11691.465], [-30628.334, -11692.286], [-30626.464, -11693.861], [-30625.496, -11695.855], [-30624.525, -11697.516], [-30623.338, -11699.787], [-30622.495, -11701.077], [-30617.707, -11701.248], [-30610.655, -11699.284], [-30601.279, -11698.828], [-30588.937, -11700.515], [-30583.994, -11698.321], [-30575.124, -11700.634], [-30574.624, -11704.986], [-30576.032, -11709.674], [-30566.884, -11726.548], [-30564.062, -11728.674], [-30554.877, -11733.931], [-30533.079, -11743.307], [-30503.346, -11754.716], [-30501.861, -11750.2], [-30501.928, -11747.78], [-30496.276, -11730.782], [-30496.667, -11724.893], [-30494.456, -11719.413], [-30491.378, -11708.676], [-30491.528, -11705.806], [-30489.168, -11701.585], [-30488.79, -11698.498], [-30492.494, -11698.072], [-30502.154, -11698.411], [-30514.255, -11700.563], [-30513.895, -11703.055], [-30513.254, -11709.509], [-30518.509, -11710.018], [-30519.343, -11703.757], [-30519.509, -11701.527], [-30521.266, -11702.321], [-30523.578, -11702.322], [-30526.486, -11701.985], [-30534.105, -11697.052], [-30534.258, -11697.182], [-30537.225, -11695.72], [-30537.138, -11695.542], [-30538.5, -11694.87], [-30538.84, -11695.576], [-30543.272, -11693.389], [-30544.216, -11692.043], [-30541.763, -11689.254], [-30537.554, -11692.924], [-30536.463, -11691.06], [-30535.506, -11691.552], [-30535.034, -11690.934], [-30533.425, -11688.387], [-30532.763, -11687.271], [-30534.834, -11686.142], [-30542.051, -11680.471], [-30559.97, -11670.211], [-30561.368, -11668.919], [-30570.101, -11677.713], [-30573.816, -11675.735], [-30573.17, -11668.409], [-30575.744, -11662.429], [-30576.487, -11655.384], [-30576.234, -11649.592], [-30580.092, -11644.755], [-30578.218, -11641.257], [-30578.307, -11637.058], [-30587.881, -11633.321], [-30590.675, -11632.452], [-30592.517, -11636.947], [-30596.12, -11643.257]]]}}, {"type": "Feature", "properties": {"nome": "1168", "codice": "12", "vertici": 16}, "geometry": {"type": "Polygon", "coordinates": [[[-29843.542, -11548.438], [-29841.974, -11554.399], [-29842.536, -11561.94], [-29842.027, -11564.362], [-29837.226, -11568.743], [-29835.587, -11569.647], [-29831.447, -11570.649], [-29827.239, -11570.578], [-29825.764, -11569.728], [-29823.169, -11568.077], [-29819.521, -11563.436], [-29808.227, -11543.316], [-29826.262, -11534.204], [-29829.798, -11532.389], [-29834.245, -11543.179], [-29843.542, -11548.438]]]}}, {"type": "Feature", "properties": {"nome": "117", "codice": "18", "vertici": 29}, "geometry": {"type": "LineString", "coordinates": [[-30425.962, -11577.063], [-30424.782, -11584.311], [-30423.763, -11587.959], [-30420.828, -11595.722], [-30420.088, -11599.831], [-30418.271, -11605.018], [-30392.641, -11583.927], [-30390.468, -11580.575], [-30389.683, -11576.274], [-30389.535, -11564.959], [-30387.546, -11559.964], [-30384.35, -11548.191], [-30390.443, -11544.919], [-30397.482, -11552.414], [-30401.075, -11554.714], [-30406.551, -11560.803], [-30407.534, -11560.017], [-30409.001, -11562.117], [-30412.619, -11566.548], [-30425.962, -11577.063], [-30410.78, -11568.869], [-30407.511, -11560.921], [-30398.956, -11564.695], [-30395.349, -11566.679], [-30398.104, -11571.833], [-30401.379, -11570.382], [-30404.489, -11568.963], [-30405.398, -11571.384], [-30410.78, -11568.869]]}}, {"type": "Feature", "properties": {"nome": "118", "codice": "18", "vertici": 56}, "geometry": {"type": "Polygon", "coordinates": [[[-30324.182, -11541.705], [-30322.773, -11540.217], [-30311.181, -11528.061], [-30318.093, -11521.506], [-30318.044, -11521.453], [-30318.299, -11521.273], [-30318.673, -11520.971], [-30332.436, -11535.235], [-30335.467, -11532.925], [-30335.458, -11532.223], [-30335.917, -11530.852], [-30336.756, -11530.34], [-30340.731, -11527.251], [-30343.455, -11525.196], [-30347.048, -11522.447], [-30347.947, -11523.291], [-30348.59, -11523.165], [-30349.238, -11522.733], [-30350.418, -11524.183], [-30354.016, -11529.549], [-30360.397, -11524.782], [-30365.822, -11530.304], [-30369.31, -11535.145], [-30383.438, -11548.908], [-30385.888, -11559.846], [-30364.062, -11589.314], [-30362.038, -11591.933], [-30348.355, -11574.578], [-30347.84, -11575.336], [-30344.856, -11572.281], [-30342.402, -11569.751], [-30339.697, -11566.963], [-30336.99, -11564.172], [-30335.832, -11563.188], [-30335.174, -11562.455], [-30334.712, -11562.338], [-30333.486, -11561.067], [-30333.611, -11560.622], [-30334.119, -11559.894], [-30324.352, -11561.352], [-30323.298, -11561.624], [-30316.621, -11563.664], [-30311.582, -11568.609], [-30310.781, -11569.847], [-30309.951, -11570.125], [-30309.444, -11570.281], [-30309.389, -11570.101], [-30308.105, -11566.427], [-30310.562, -11565.593], [-30309.382, -11562.247], [-30308.236, -11558.741], [-30308.164, -11558.517], [-30310.871, -11553.875], [-30315.014, -11549.438], [-30319.246, -11545.879], [-30324.182, -11541.705]]]}}, {"type": "Feature", "properties": {"nome": "119", "codice": "18", "vertici": 16}, "geometry": {"type": "Polygon", "coordinates": [[[-30319.246, -11545.879], [-30315.014, -11549.438], [-30310.871, -11553.875], [-30308.164, -11558.517], [-30304.35, -11565.052], [-30291.382, -11577.947], [-30291.055, -11578.309], [-30289.799, -11579.68], [-30286.075, -11577.709], [-30283.08, -11573.896], [-30277.658, -11570.802], [-30267.532, -11549.849], [-30268.611, -11543.78], [-30273.294, -11535.932], [-30291.407, -11520.845], [-30319.246, -11545.879]]]}}, {"type": "Feature", "properties": {"nome": "12", "codice": "18", "vertici": 27}, "geometry": {"type": "LineString", "coordinates": [[-31000.267, -11619.634], [-30955.629, -11522.058], [-30958.0, -11524.237], [-30968.629, -11522.412], [-30973.154, -11523.214], [-30976.374, -11522.783], [-30979.548, -11529.926], [-30988.952, -11531.482], [-31003.495, -11540.21], [-31005.558, -11537.094], [-31013.043, -11545.2], [-31017.14, -11553.472], [-31006.463, -11571.653], [-31013.884, -11575.251], [-31012.064, -11580.52], [-31015.88, -11584.507], [-31026.608, -11593.182], [-31021.748, -11598.333], [-31011.7, -11606.096], [-31015.529, -11614.097], [-31009.356, -11617.775], [-31000.267, -11619.634], [-30982.059, -11562.058], [-30986.232, -11558.599], [-30983.97, -11555.827], [-30979.796, -11559.287], [-30982.059, -11562.058]]}}, {"type": "Feature", "properties": {"nome": "121", "codice": "18", "vertici": 22}, "geometry": {"type": "Polygon", "coordinates": [[[-30312.388, -11611.791], [-30316.509, -11612.763], [-30311.66, -11623.018], [-30308.373, -11636.521], [-30308.158, -11645.255], [-30306.415, -11653.119], [-30290.254, -11660.762], [-30287.881, -11654.983], [-30285.894, -11652.779], [-30279.927, -11653.909], [-30274.54, -11653.698], [-30267.438, -11657.009], [-30264.145, -11657.655], [-30264.397, -11655.788], [-30264.824, -11647.815], [-30265.733, -11645.554], [-30272.007, -11644.369], [-30279.447, -11641.875], [-30286.267, -11636.15], [-30280.188, -11630.152], [-30302.343, -11613.412], [-30312.388, -11611.791]]]}}, {"type": "Feature", "properties": {"nome": "122", "codice": "18", "vertici": 35}, "geometry": {"type": "Polygon", "coordinates": [[[-30287.881, -11654.983], [-30290.254, -11660.762], [-30282.503, -11667.689], [-30269.997, -11673.16], [-30252.433, -11673.726], [-30244.84, -11673.186], [-30237.914, -11671.126], [-30233.138, -11671.035], [-30228.311, -11669.013], [-30212.547, -11659.417], [-30216.666, -11648.757], [-30225.209, -11636.034], [-30234.269, -11642.221], [-30240.026, -11644.87], [-30242.376, -11646.006], [-30246.535, -11647.949], [-30246.702, -11648.026], [-30253.838, -11634.411], [-30258.322, -11635.686], [-30267.296, -11635.696], [-30273.449, -11634.174], [-30278.355, -11631.476], [-30280.188, -11630.152], [-30286.267, -11636.15], [-30279.447, -11641.875], [-30272.007, -11644.369], [-30265.733, -11645.554], [-30264.824, -11647.815], [-30264.397, -11655.788], [-30264.145, -11657.655], [-30267.438, -11657.009], [-30274.54, -11653.698], [-30279.927, -11653.909], [-30285.894, -11652.779], [-30287.881, -11654.983]]]}}, {"type": "Feature", "properties": {"nome": "123", "codice": "18", "vertici": 18}, "geometry": {"type": "Polygon", "coordinates": [[[-30253.09, -11632.594], [-30253.838, -11634.411], [-30246.702, -11648.026], [-30246.535, -11647.949], [-30242.376, -11646.006], [-30240.026, -11644.87], [-30234.269, -11642.221], [-30225.209, -11636.034], [-30217.491, -11630.509], [-30209.324, -11623.802], [-30198.254, -11617.0], [-30204.07, -11614.035], [-30213.251, -11603.861], [-30216.174, -11606.48], [-30227.219, -11612.961], [-30240.784, -11621.646], [-30251.618, -11630.164], [-30253.09, -11632.594]]]}}, {"type": "Feature", "properties": {"nome": "124", "codice": "18", "vertici": 14}, "geometry": {"type": "Polygon", "coordinates": [[[-30217.491, -11630.509], [-30225.209, -11636.034], [-30216.666, -11648.757], [-30212.547, -11659.417], [-30211.242, -11658.433], [-30202.695, -11654.694], [-30190.312, -11655.561], [-30186.491, -11656.763], [-30191.367, -11650.902], [-30200.463, -11643.493], [-30201.939, -11642.183], [-30207.535, -11637.494], [-30210.091, -11635.352], [-30217.491, -11630.509]]]}}, {"type": "Feature", "properties": {"nome": "125", "codice": "18", "vertici": 10}, "geometry": {"type": "Polygon", "coordinates": [[[-30217.491, -11630.509], [-30210.091, -11635.352], [-30207.535, -11637.494], [-30193.356, -11637.548], [-30186.16, -11637.615], [-30177.21, -11632.842], [-30190.147, -11621.466], [-30198.254, -11617.0], [-30209.324, -11623.802], [-30217.491, -11630.509]]]}}, {"type": "Feature", "properties": {"nome": "126", "codice": "12", "vertici": 8}, "geometry": {"type": "Polygon", "coordinates": [[[-30186.16, -11637.615], [-30183.82, -11643.125], [-30180.778, -11650.294], [-30163.374, -11641.088], [-30169.524, -11639.124], [-30174.435, -11635.159], [-30177.21, -11632.842], [-30186.16, -11637.615]]]}}, {"type": "Feature", "properties": {"nome": "129", "codice": "12", "vertici": 38}, "geometry": {"type": "LineString", "coordinates": [[-30321.502, -11713.773], [-30322.835, -11721.135], [-30326.509, -11727.509], [-30320.498, -11734.264], [-30313.565, -11737.146], [-30295.83, -11739.777], [-30295.892, -11734.406], [-30293.008, -11731.93], [-30292.194, -11723.078], [-30291.986, -11719.277], [-30291.079, -11713.411], [-30298.943, -11699.341], [-30292.519, -11697.511], [-30292.011, -11689.594], [-30289.307, -11683.273], [-30280.793, -11687.436], [-30279.729, -11685.802], [-30280.358, -11678.933], [-30283.255, -11668.509], [-30291.067, -11662.277], [-30302.478, -11656.714], [-30305.0, -11656.509], [-30308.921, -11658.676], [-30318.628, -11671.348], [-30321.026, -11679.095], [-30322.793, -11693.615], [-30321.32, -11705.743], [-30321.502, -11713.773], [-30294.835, -11732.588], [-30302.982, -11728.425], [-30303.553, -11728.131], [-30303.927, -11728.975], [-30304.936, -11728.577], [-30303.143, -11723.38], [-30301.47, -11724.032], [-30301.869, -11725.135], [-30293.116, -11730.076], [-30294.835, -11732.588]]}}, {"type": "Feature", "properties": {"nome": "130", "codice": "18", "vertici": 22}, "geometry": {"type": "Polygon", "coordinates": [[[-30249.848, -11682.385], [-30250.807, -11689.05], [-30244.088, -11690.222], [-30227.518, -11686.683], [-30218.78, -11681.712], [-30210.0, -11675.763], [-30211.59, -11671.297], [-30208.677, -11669.675], [-30210.712, -11660.261], [-30227.202, -11670.776], [-30232.737, -11672.365], [-30236.115, -11672.637], [-30236.067, -11673.845], [-30233.84, -11673.644], [-30233.475, -11676.052], [-30235.958, -11676.413], [-30235.887, -11679.653], [-30244.033, -11681.332], [-30243.9, -11681.984], [-30248.219, -11683.244], [-30249.712, -11679.609], [-30249.848, -11682.385]]]}}, {"type": "Feature", "properties": {"nome": "131", "codice": "12", "vertici": 13}, "geometry": {"type": "Polygon", "coordinates": [[[-30244.033, -11681.332], [-30235.887, -11679.653], [-30235.958, -11676.413], [-30233.475, -11676.052], [-30233.84, -11673.644], [-30236.067, -11673.845], [-30236.115, -11672.637], [-30249.652, -11675.292], [-30249.58, -11675.931], [-30249.712, -11679.609], [-30248.219, -11683.244], [-30243.9, -11681.984], [-30244.033, -11681.332]]]}}, {"type": "Feature", "properties": {"nome": "132", "codice": "18", "vertici": 11}, "geometry": {"type": "Polygon", "coordinates": [[[-30211.59, -11671.297], [-30210.0, -11675.763], [-30206.952, -11673.385], [-30194.423, -11670.84], [-30192.759, -11667.854], [-30191.805, -11657.317], [-30202.746, -11655.746], [-30210.174, -11659.66], [-30210.712, -11660.261], [-30208.677, -11669.675], [-30211.59, -11671.297]]]}}, {"type": "Feature", "properties": {"nome": "133", "codice": "18", "vertici": 66}, "geometry": {"type": "LineString", "coordinates": [[-30274.751, -11694.519], [-30277.019, -11696.509], [-30257.861, -11707.43], [-30252.7, -11710.972], [-30247.272, -11712.424], [-30240.763, -11718.272], [-30232.273, -11722.272], [-30226.087, -11721.089], [-30221.143, -11721.975], [-30193.561, -11717.27], [-30177.38, -11719.909], [-30175.364, -11716.465], [-30161.562, -11707.662], [-30150.25, -11702.163], [-30144.344, -11675.773], [-30146.109, -11673.01], [-30145.396, -11669.95], [-30148.795, -11659.202], [-30152.509, -11650.254], [-30155.801, -11652.457], [-30174.508, -11659.951], [-30180.234, -11659.903], [-30191.805, -11657.317], [-30192.759, -11667.854], [-30194.423, -11670.84], [-30206.952, -11673.385], [-30210.0, -11675.763], [-30218.78, -11681.712], [-30227.518, -11686.683], [-30244.088, -11690.222], [-30250.807, -11689.05], [-30258.004, -11687.691], [-30262.228, -11688.763], [-30269.284, -11688.343], [-30274.751, -11694.519], [-30254.48, -11701.035], [-30253.655, -11697.127], [-30248.298, -11697.97], [-30246.28, -11698.302], [-30246.882, -11702.212], [-30248.648, -11702.042], [-30254.48, -11701.035], [-30227.06, -11703.386], [-30216.114, -11698.958], [-30211.161, -11697.2], [-30208.139, -11705.262], [-30213.537, -11707.293], [-30221.509, -11710.254], [-30223.034, -11706.002], [-30225.767, -11707.128], [-30227.06, -11703.386], [-30217.482, -11693.617], [-30214.786, -11692.042], [-30213.778, -11693.948], [-30216.497, -11695.433], [-30217.482, -11693.617], [-30207.378, -11689.032], [-30204.671, -11687.166], [-30203.433, -11688.974], [-30206.11, -11690.862], [-30207.378, -11689.032], [-30201.607, -11686.178], [-30198.54, -11683.066], [-30196.878, -11684.593], [-30199.932, -11687.813], [-30201.607, -11686.178]]}}, {"type": "Feature", "properties": {"nome": "134", "codice": "18", "vertici": 15}, "geometry": {"type": "Polygon", "coordinates": [[[-30151.328, -11645.823], [-30152.509, -11650.254], [-30148.795, -11659.202], [-30145.396, -11669.95], [-30146.109, -11673.01], [-30144.344, -11675.773], [-30139.19, -11666.579], [-30138.527, -11660.217], [-30129.926, -11645.847], [-30135.362, -11641.641], [-30139.742, -11639.523], [-30143.509, -11636.254], [-30146.356, -11639.703], [-30150.0, -11642.509], [-30151.328, -11645.823]]]}}, {"type": "Feature", "properties": {"nome": "135", "codice": "18", "vertici": 20}, "geometry": {"type": "Polygon", "coordinates": [[[-30292.519, -11697.511], [-30298.943, -11699.341], [-30291.079, -11713.411], [-30291.986, -11719.277], [-30292.194, -11723.078], [-30249.409, -11739.859], [-30239.781, -11730.053], [-30242.826, -11727.914], [-30240.763, -11718.272], [-30247.272, -11712.424], [-30252.7, -11710.972], [-30257.861, -11707.43], [-30265.122, -11707.633], [-30274.603, -11702.586], [-30277.019, -11696.509], [-30281.369, -11693.32], [-30280.793, -11687.436], [-30289.307, -11683.273], [-30292.011, -11689.594], [-30292.519, -11697.511]]]}}, {"type": "Feature", "properties": {"nome": "136", "codice": "18", "vertici": 7}, "geometry": {"type": "Polygon", "coordinates": [[[-30253.655, -11697.127], [-30254.48, -11701.035], [-30248.648, -11702.042], [-30246.882, -11702.212], [-30246.28, -11698.302], [-30248.298, -11697.97], [-30253.655, -11697.127]]]}}, {"type": "Feature", "properties": {"nome": "137", "codice": "12", "vertici": 9}, "geometry": {"type": "Polygon", "coordinates": [[[-30227.06, -11703.386], [-30225.767, -11707.128], [-30223.034, -11706.002], [-30221.509, -11710.254], [-30213.537, -11707.293], [-30208.139, -11705.262], [-30211.161, -11697.2], [-30216.114, -11698.958], [-30227.06, -11703.386]]]}}, {"type": "Feature", "properties": {"nome": "138", "codice": "18", "vertici": 9}, "geometry": {"type": "Polygon", "coordinates": [[[-30232.273, -11722.272], [-30227.659, -11730.665], [-30221.714, -11732.967], [-30186.661, -11736.505], [-30177.38, -11719.909], [-30193.561, -11717.27], [-30221.143, -11721.975], [-30226.087, -11721.089], [-30232.273, -11722.272]]]}}, {"type": "Feature", "properties": {"nome": "139", "codice": "12", "vertici": 12}, "geometry": {"type": "Polygon", "coordinates": [[[-30279.579, -11749.086], [-30276.334, -11749.285], [-30268.069, -11752.715], [-30261.509, -11755.509], [-30258.788, -11751.338], [-30259.698, -11750.617], [-30258.173, -11747.565], [-30260.677, -11745.776], [-30262.555, -11744.433], [-30264.947, -11742.751], [-30275.203, -11740.739], [-30279.579, -11749.086]]]}}, {"type": "Feature", "properties": {"nome": "14", "codice": "12", "vertici": 5}, "geometry": {"type": "Polygon", "coordinates": [[[-30936.213, -11457.214], [-30934.996, -11458.925], [-30932.428, -11457.006], [-30933.793, -11455.267], [-30936.213, -11457.214]]]}}, {"type": "Feature", "properties": {"nome": "140", "codice": "18", "vertici": 17}, "geometry": {"type": "Polygon", "coordinates": [[[-30172.911, -11774.744], [-30188.638, -11794.448], [-30166.462, -11807.105], [-30162.6, -11797.073], [-30158.831, -11788.117], [-30125.393, -11770.161], [-30115.496, -11764.735], [-30096.746, -11736.0], [-30107.525, -11737.392], [-30120.162, -11734.243], [-30125.607, -11730.039], [-30148.0, -11724.526], [-30150.859, -11724.134], [-30159.226, -11722.814], [-30170.087, -11740.441], [-30172.094, -11743.764], [-30172.911, -11774.744]]]}}, {"type": "Feature", "properties": {"nome": "141", "codice": "12", "vertici": 8}, "geometry": {"type": "Polygon", "coordinates": [[[-30098.769, -11727.789], [-30094.963, -11733.118], [-30095.679, -11734.5], [-30090.583, -11734.19], [-30086.667, -11740.554], [-30085.937, -11724.781], [-30091.806, -11728.575], [-30098.769, -11727.789]]]}}, {"type": "Feature", "properties": {"nome": "142", "codice": "18", "vertici": 6}, "geometry": {"type": "Polygon", "coordinates": [[[-30125.483, -11833.34], [-30122.95, -11836.929], [-30120.283, -11834.598], [-30120.785, -11833.89], [-30122.763, -11831.272], [-30125.483, -11833.34]]]}}, {"type": "Feature", "properties": {"nome": "143", "codice": "12", "vertici": 11}, "geometry": {"type": "Polygon", "coordinates": [[[-30343.019, -11471.254], [-30342.198, -11472.361], [-30332.968, -11479.274], [-30328.018, -11482.746], [-30326.626, -11477.958], [-30322.976, -11474.198], [-30326.496, -11471.276], [-30329.93, -11468.697], [-30333.517, -11465.558], [-30335.613, -11464.061], [-30343.019, -11471.254]]]}}, {"type": "Feature", "properties": {"nome": "144", "codice": "18", "vertici": 18}, "geometry": {"type": "Polygon", "coordinates": [[[-30326.626, -11477.958], [-30328.018, -11482.746], [-30324.235, -11486.542], [-30323.405, -11487.099], [-30320.449, -11484.482], [-30318.226, -11482.415], [-30309.229, -11474.532], [-30298.423, -11484.88], [-30294.174, -11480.454], [-30300.509, -11474.019], [-30295.76, -11469.345], [-30308.431, -11457.117], [-30309.534, -11457.719], [-30315.988, -11464.025], [-30323.506, -11468.668], [-30326.496, -11471.276], [-30322.976, -11474.198], [-30326.626, -11477.958]]]}}, {"type": "Feature", "properties": {"nome": "145", "codice": "12", "vertici": 11}, "geometry": {"type": "Polygon", "coordinates": [[[-30304.047, -11454.724], [-30308.431, -11457.117], [-30295.76, -11469.345], [-30300.509, -11474.019], [-30294.174, -11480.454], [-30284.865, -11489.169], [-30279.88, -11482.651], [-30283.204, -11476.962], [-30288.265, -11472.551], [-30293.009, -11465.147], [-30304.047, -11454.724]]]}}, {"type": "Feature", "properties": {"nome": "146", "codice": "18", "vertici": 24}, "geometry": {"type": "Polygon", "coordinates": [[[-30202.608, -11487.738], [-30223.324, -11479.476], [-30234.313, -11468.504], [-30239.021, -11461.376], [-30244.938, -11457.433], [-30250.889, -11455.714], [-30265.703, -11453.925], [-30270.254, -11452.509], [-30275.565, -11447.051], [-30283.341, -11435.086], [-30290.604, -11443.051], [-30304.047, -11454.724], [-30293.009, -11465.147], [-30288.265, -11472.551], [-30283.204, -11476.962], [-30279.88, -11482.651], [-30256.25, -11497.937], [-30254.84, -11496.45], [-30239.669, -11512.673], [-30221.502, -11502.698], [-30216.041, -11500.553], [-30215.241, -11498.278], [-30211.751, -11496.681], [-30202.608, -11487.738]]]}}, {"type": "Feature", "properties": {"nome": "147", "codice": "18", "vertici": 32}, "geometry": {"type": "Polygon", "coordinates": [[[-30280.819, -11432.479], [-30281.501, -11434.739], [-30274.747, -11445.654], [-30269.472, -11450.833], [-30265.117, -11452.499], [-30250.173, -11454.576], [-30247.02, -11455.488], [-30243.58, -11456.788], [-30238.435, -11460.386], [-30233.173, -11467.603], [-30222.288, -11478.166], [-30200.763, -11486.237], [-30195.437, -11483.106], [-30179.083, -11470.39], [-30173.336, -11463.547], [-30175.146, -11461.509], [-30183.187, -11455.43], [-30192.779, -11453.255], [-30191.035, -11449.076], [-30197.393, -11443.312], [-30203.002, -11433.316], [-30217.784, -11423.299], [-30228.737, -11417.431], [-30236.53, -11410.168], [-30237.244, -11410.574], [-30239.491, -11412.836], [-30241.882, -11413.827], [-30257.622, -11409.42], [-30264.392, -11411.342], [-30268.864, -11418.781], [-30273.548, -11423.304], [-30280.819, -11432.479]]]}}, {"type": "Feature", "properties": {"nome": "148", "codice": "18", "vertici": 20}, "geometry": {"type": "Polygon", "coordinates": [[[-30232.563, -11407.471], [-30236.53, -11410.168], [-30228.737, -11417.431], [-30217.784, -11423.299], [-30203.002, -11433.316], [-30197.393, -11443.312], [-30191.035, -11449.076], [-30183.371, -11439.38], [-30181.285, -11434.975], [-30195.404, -11423.661], [-30199.743, -11418.597], [-30205.602, -11411.321], [-30208.022, -11407.883], [-30204.017, -11405.711], [-30204.793, -11402.806], [-30205.365, -11400.603], [-30206.68, -11394.445], [-30208.443, -11395.411], [-30212.223, -11397.625], [-30232.563, -11407.471]]]}}, {"type": "Feature", "properties": {"nome": "149", "codice": "12", "vertici": 13}, "geometry": {"type": "Polygon", "coordinates": [[[-30208.022, -11407.883], [-30205.602, -11411.321], [-30199.743, -11418.597], [-30195.404, -11423.661], [-30181.285, -11434.975], [-30178.145, -11428.249], [-30191.096, -11417.593], [-30195.803, -11411.64], [-30197.319, -11406.698], [-30199.986, -11401.626], [-30204.793, -11402.806], [-30204.017, -11405.711], [-30208.022, -11407.883]]]}}, {"type": "Feature", "properties": {"nome": "15", "codice": "12", "vertici": 7}, "geometry": {"type": "Polygon", "coordinates": [[[-30942.055, -11460.8], [-30940.825, -11462.289], [-30937.12, -11466.829], [-30933.509, -11463.763], [-30937.25, -11459.136], [-30938.437, -11457.763], [-30942.055, -11460.8]]]}}, {"type": "Feature", "properties": {"nome": "150", "codice": "18", "vertici": 15}, "geometry": {"type": "Polygon", "coordinates": [[[-30206.68, -11394.445], [-30205.365, -11400.603], [-30204.793, -11402.806], [-30199.986, -11401.626], [-30197.319, -11406.698], [-30195.803, -11411.64], [-30191.096, -11417.593], [-30178.145, -11428.249], [-30171.376, -11413.893], [-30176.535, -11410.279], [-30180.699, -11397.369], [-30183.377, -11395.4], [-30190.835, -11392.704], [-30199.518, -11388.743], [-30206.68, -11394.445]]]}}, {"type": "Feature", "properties": {"nome": "151", "codice": "18", "vertici": 11}, "geometry": {"type": "Polygon", "coordinates": [[[-30320.449, -11484.482], [-30323.405, -11487.099], [-30299.836, -11508.614], [-30293.373, -11499.598], [-30287.621, -11493.37], [-30284.865, -11489.169], [-30294.174, -11480.454], [-30298.423, -11484.88], [-30309.229, -11474.532], [-30318.226, -11482.415], [-30320.449, -11484.482]]]}}, {"type": "Feature", "properties": {"nome": "152", "codice": "18", "vertici": 23}, "geometry": {"type": "Polygon", "coordinates": [[[-30191.035, -11449.076], [-30192.779, -11453.255], [-30183.187, -11455.43], [-30175.146, -11461.509], [-30173.336, -11463.547], [-30166.208, -11456.686], [-30158.135, -11444.076], [-30150.696, -11436.262], [-30137.722, -11445.286], [-30125.688, -11452.363], [-30112.174, -11462.145], [-30105.254, -11452.49], [-30114.435, -11444.859], [-30122.686, -11437.171], [-30132.095, -11430.062], [-30143.455, -11425.692], [-30155.643, -11422.737], [-30162.161, -11419.819], [-30171.376, -11413.893], [-30178.145, -11428.249], [-30181.285, -11434.975], [-30183.371, -11439.38], [-30191.035, -11449.076]]]}}, {"type": "Feature", "properties": {"nome": "153", "codice": "18", "vertici": 16}, "geometry": {"type": "Polygon", "coordinates": [[[-30239.669, -11512.673], [-30254.84, -11496.45], [-30256.25, -11497.937], [-30279.88, -11482.651], [-30284.865, -11489.169], [-30287.621, -11493.37], [-30293.373, -11499.598], [-30299.836, -11508.614], [-30291.554, -11514.26], [-30282.315, -11521.316], [-30269.004, -11530.924], [-30267.355, -11529.962], [-30264.275, -11527.293], [-30257.177, -11523.964], [-30251.632, -11519.239], [-30239.669, -11512.673]]]}}, {"type": "Feature", "properties": {"nome": "155", "codice": "18", "vertici": 11}, "geometry": {"type": "Polygon", "coordinates": [[[-30166.208, -11456.686], [-30173.336, -11463.547], [-30162.509, -11491.0], [-30157.509, -11494.253], [-30152.766, -11490.893], [-30112.174, -11462.145], [-30125.688, -11452.363], [-30137.722, -11445.286], [-30150.696, -11436.262], [-30158.135, -11444.076], [-30166.208, -11456.686]]]}}, {"type": "Feature", "properties": {"nome": "156", "codice": "18", "vertici": 17}, "geometry": {"type": "Polygon", "coordinates": [[[-30068.807, -11428.133], [-30069.691, -11432.125], [-30068.572, -11432.365], [-30069.429, -11437.29], [-30058.887, -11438.993], [-30049.879, -11441.135], [-30044.114, -11442.155], [-30039.502, -11414.954], [-30053.25, -11409.626], [-30062.903, -11407.84], [-30063.733, -11412.542], [-30065.355, -11412.259], [-30066.109, -11415.802], [-30064.548, -11416.118], [-30064.925, -11417.485], [-30066.691, -11428.428], [-30068.807, -11428.133]]]}}, {"type": "Feature", "properties": {"nome": "157", "codice": "18", "vertici": 9}, "geometry": {"type": "Polygon", "coordinates": [[[-30169.001, -11505.663], [-30167.386, -11506.349], [-30162.836, -11508.465], [-30159.608, -11499.88], [-30157.509, -11494.253], [-30162.509, -11491.0], [-30165.864, -11496.66], [-30166.775, -11500.034], [-30169.001, -11505.663]]]}}, {"type": "Feature", "properties": {"nome": "158", "codice": "18", "vertici": 8}, "geometry": {"type": "Polygon", "coordinates": [[[-30216.469, -11573.119], [-30219.845, -11562.143], [-30223.201, -11563.256], [-30229.48, -11565.306], [-30230.541, -11565.651], [-30241.0, -11569.491], [-30232.583, -11578.523], [-30216.469, -11573.119]]]}}, {"type": "Feature", "properties": {"nome": "159", "codice": "18", "vertici": 7}, "geometry": {"type": "Polygon", "coordinates": [[[-30155.084, -11551.999], [-30152.746, -11554.237], [-30150.444, -11551.427], [-30149.1, -11549.813], [-30151.239, -11547.86], [-30152.733, -11549.482], [-30155.084, -11551.999]]]}}, {"type": "Feature", "properties": {"nome": "16", "codice": "18", "vertici": 22}, "geometry": {"type": "Polygon", "coordinates": [[[-30942.744, -11485.692], [-30938.376, -11481.149], [-30934.043, -11476.681], [-30931.408, -11473.968], [-30933.951, -11469.938], [-30937.19, -11473.259], [-30941.455, -11475.056], [-30944.028, -11476.326], [-30945.412, -11476.94], [-30946.363, -11477.362], [-30949.357, -11478.782], [-30955.468, -11481.548], [-30960.509, -11482.88], [-30963.398, -11483.637], [-30962.304, -11489.72], [-30961.095, -11495.52], [-30959.698, -11502.705], [-30958.726, -11506.411], [-30958.538, -11509.413], [-30949.155, -11506.347], [-30938.089, -11491.648], [-30942.744, -11485.692]]]}}, {"type": "Feature", "properties": {"nome": "160", "codice": "18", "vertici": 7}, "geometry": {"type": "Polygon", "coordinates": [[[-30080.228, -11469.886], [-30083.734, -11482.092], [-30078.838, -11479.228], [-30063.0, -11479.254], [-30060.255, -11476.0], [-30073.05, -11471.04], [-30080.228, -11469.886]]]}}, {"type": "Feature", "properties": {"nome": "161", "codice": "18", "vertici": 17}, "geometry": {"type": "Polygon", "coordinates": [[[-30088.509, -11457.763], [-30086.788, -11458.818], [-30087.348, -11460.088], [-30072.305, -11468.234], [-30059.598, -11471.744], [-30050.987, -11472.425], [-30043.272, -11474.509], [-30040.378, -11465.904], [-30040.436, -11460.959], [-30039.251, -11449.055], [-30045.235, -11448.763], [-30054.528, -11448.276], [-30060.321, -11447.559], [-30070.566, -11445.413], [-30082.044, -11442.436], [-30084.936, -11450.199], [-30088.509, -11457.763]]]}}, {"type": "Feature", "properties": {"nome": "162", "codice": "18", "vertici": 14}, "geometry": {"type": "Polygon", "coordinates": [[[-30026.542, -11474.127], [-30020.15, -11477.426], [-30017.564, -11472.101], [-30013.701, -11464.682], [-30002.741, -11444.607], [-29998.357, -11436.569], [-30013.97, -11425.798], [-30017.882, -11425.077], [-30018.31, -11428.382], [-30018.25, -11430.387], [-30017.134, -11432.513], [-30018.459, -11437.764], [-30020.24, -11452.264], [-30026.542, -11474.127]]]}}, {"type": "Feature", "properties": {"nome": "163", "codice": "18", "vertici": 41}, "geometry": {"type": "Polygon", "coordinates": [[[-30168.0, -11578.254], [-30164.254, -11581.0], [-30160.637, -11589.705], [-30159.325, -11597.219], [-30157.905, -11618.177], [-30156.05, -11628.846], [-30154.815, -11640.144], [-30151.747, -11639.746], [-30149.02, -11637.597], [-30145.516, -11633.363], [-30140.728, -11630.679], [-30122.133, -11624.985], [-30115.0, -11625.254], [-30109.114, -11619.38], [-30087.086, -11586.646], [-30081.65, -11586.318], [-30032.025, -11496.973], [-30033.058, -11495.544], [-30043.234, -11488.001], [-30056.07, -11479.814], [-30063.0, -11479.254], [-30078.838, -11479.228], [-30083.734, -11482.092], [-30083.702, -11483.787], [-30085.251, -11489.575], [-30090.205, -11493.79], [-30091.635, -11499.399], [-30094.804, -11502.678], [-30098.139, -11507.562], [-30098.84, -11517.604], [-30101.349, -11527.396], [-30108.046, -11533.131], [-30119.522, -11535.154], [-30127.16, -11534.044], [-30137.991, -11536.523], [-30144.615, -11545.051], [-30144.68, -11547.64], [-30146.964, -11552.888], [-30156.7, -11564.476], [-30157.741, -11569.011], [-30168.0, -11578.254]]]}}, {"type": "Feature", "properties": {"nome": "164", "codice": "18", "vertici": 11}, "geometry": {"type": "Polygon", "coordinates": [[[-30060.255, -11476.0], [-30063.0, -11479.254], [-30056.07, -11479.814], [-30043.234, -11488.001], [-30033.058, -11495.544], [-30032.025, -11496.973], [-30025.254, -11484.509], [-30035.053, -11479.744], [-30046.326, -11476.513], [-30050.939, -11475.93], [-30060.255, -11476.0]]]}}, {"type": "Feature", "properties": {"nome": "165", "codice": "18", "vertici": 16}, "geometry": {"type": "Polygon", "coordinates": [[[-29970.149, -11466.952], [-29982.904, -11489.087], [-29958.006, -11502.689], [-29955.647, -11498.754], [-29946.762, -11503.902], [-29948.976, -11508.018], [-29938.658, -11513.522], [-29934.669, -11506.734], [-29932.018, -11501.508], [-29928.99, -11487.52], [-29927.877, -11487.55], [-29926.962, -11482.565], [-29936.338, -11476.89], [-29940.873, -11484.712], [-29951.876, -11477.446], [-29970.149, -11466.952]]]}}, {"type": "Feature", "properties": {"nome": "166", "codice": "18", "vertici": 8}, "geometry": {"type": "Polygon", "coordinates": [[[-29963.9, -11456.938], [-29970.149, -11466.952], [-29951.876, -11477.446], [-29940.873, -11484.712], [-29936.338, -11476.89], [-29943.078, -11472.449], [-29959.637, -11459.83], [-29963.9, -11456.938]]]}}, {"type": "Feature", "properties": {"nome": "167", "codice": "18", "vertici": 12}, "geometry": {"type": "Polygon", "coordinates": [[[-30058.136, -11565.951], [-30055.206, -11567.51], [-30049.596, -11553.183], [-30048.654, -11552.91], [-30037.119, -11554.062], [-30015.725, -11518.084], [-30019.944, -11512.526], [-30027.9, -11520.918], [-30033.752, -11525.951], [-30040.15, -11533.749], [-30043.302, -11539.663], [-30058.136, -11565.951]]]}}, {"type": "Feature", "properties": {"nome": "168", "codice": "12", "vertici": 5}, "geometry": {"type": "Polygon", "coordinates": [[[-30019.944, -11512.526], [-30015.725, -11518.084], [-30004.103, -11497.618], [-30006.509, -11495.763], [-30019.944, -11512.526]]]}}, {"type": "Feature", "properties": {"nome": "170", "codice": "12", "vertici": 6}, "geometry": {"type": "Polygon", "coordinates": [[[-29918.175, -11497.762], [-29918.287, -11502.683], [-29918.131, -11504.199], [-29915.356, -11505.04], [-29915.151, -11498.128], [-29918.175, -11497.762]]]}}, {"type": "Feature", "properties": {"nome": "171", "codice": "12", "vertici": 9}, "geometry": {"type": "Polygon", "coordinates": [[[-29913.185, -11480.587], [-29914.169, -11481.585], [-29912.664, -11482.539], [-29912.674, -11490.836], [-29911.726, -11490.742], [-29911.751, -11486.547], [-29910.311, -11486.776], [-29910.0, -11481.509], [-29913.185, -11480.587]]]}}, {"type": "Feature", "properties": {"nome": "172", "codice": "12", "vertici": 11}, "geometry": {"type": "Polygon", "coordinates": [[[-29911.726, -11490.742], [-29912.001, -11496.491], [-29908.125, -11496.3], [-29907.603, -11493.619], [-29901.763, -11493.238], [-29900.727, -11482.498], [-29902.605, -11481.657], [-29910.0, -11481.509], [-29910.311, -11486.776], [-29911.751, -11486.547], [-29911.726, -11490.742]]]}}, {"type": "Feature", "properties": {"nome": "173", "codice": "12", "vertici": 8}, "geometry": {"type": "Polygon", "coordinates": [[[-29901.763, -11493.238], [-29901.52, -11504.726], [-29896.222, -11501.802], [-29888.337, -11494.169], [-29888.998, -11492.59], [-29895.12, -11484.08], [-29900.727, -11482.498], [-29901.763, -11493.238]]]}}, {"type": "Feature", "properties": {"nome": "174", "codice": "12", "vertici": 16}, "geometry": {"type": "Polygon", "coordinates": [[[-29928.99, -11487.52], [-29932.018, -11501.508], [-29918.565, -11505.317], [-29918.131, -11504.199], [-29918.287, -11502.683], [-29926.635, -11501.126], [-29925.523, -11493.156], [-29915.24, -11494.352], [-29915.148, -11490.84], [-29917.729, -11490.616], [-29925.057, -11489.328], [-29925.169, -11487.834], [-29924.856, -11483.188], [-29926.962, -11482.565], [-29927.877, -11487.55], [-29928.99, -11487.52]]]}}, {"type": "Feature", "properties": {"nome": "175", "codice": "12", "vertici": 7}, "geometry": {"type": "Polygon", "coordinates": [[[-29925.523, -11493.156], [-29926.635, -11501.126], [-29918.287, -11502.683], [-29918.175, -11497.762], [-29915.151, -11498.128], [-29915.24, -11494.352], [-29925.523, -11493.156]]]}}, {"type": "Feature", "properties": {"nome": "176", "codice": "12", "vertici": 10}, "geometry": {"type": "Polygon", "coordinates": [[[-29912.001, -11496.491], [-29912.509, -11505.746], [-29910.217, -11505.464], [-29907.509, -11506.237], [-29902.725, -11505.261], [-29901.52, -11504.726], [-29901.763, -11493.238], [-29907.603, -11493.619], [-29908.125, -11496.3], [-29912.001, -11496.491]]]}}, {"type": "Feature", "properties": {"nome": "177", "codice": "18", "vertici": 20}, "geometry": {"type": "Polygon", "coordinates": [[[-29943.988, -11523.63], [-29944.527, -11524.648], [-29945.509, -11526.509], [-29932.789, -11536.235], [-29930.307, -11538.75], [-29923.003, -11543.204], [-29916.509, -11546.018], [-29916.46, -11543.569], [-29916.347, -11538.009], [-29916.259, -11533.689], [-29898.688, -11534.783], [-29898.657, -11534.785], [-29898.187, -11534.589], [-29893.813, -11532.738], [-29909.167, -11508.818], [-29915.415, -11510.861], [-29931.194, -11506.93], [-29934.669, -11506.734], [-29938.658, -11513.522], [-29943.988, -11523.63]]]}}, {"type": "Feature", "properties": {"nome": "18", "codice": "18", "vertici": 41}, "geometry": {"type": "Polygon", "coordinates": [[[-30845.619, -11474.581], [-30838.822, -11494.201], [-30837.815, -11500.799], [-30838.3, -11503.641], [-30836.34, -11507.245], [-30833.547, -11509.233], [-30825.032, -11511.908], [-30826.551, -11518.749], [-30827.027, -11523.057], [-30821.825, -11532.137], [-30817.762, -11537.491], [-30815.145, -11536.839], [-30804.872, -11531.633], [-30799.181, -11530.715], [-30790.57, -11529.325], [-30791.661, -11521.957], [-30786.754, -11513.92], [-30782.076, -11509.573], [-30768.183, -11512.889], [-30765.395, -11509.015], [-30763.929, -11505.517], [-30761.879, -11498.613], [-30761.088, -11494.422], [-30761.879, -11488.489], [-30760.639, -11483.02], [-30759.018, -11478.474], [-30760.764, -11475.254], [-30767.272, -11474.471], [-30772.341, -11476.861], [-30777.855, -11477.155], [-30784.0, -11479.746], [-30787.237, -11478.95], [-30795.085, -11478.768], [-30796.163, -11479.703], [-30803.288, -11478.125], [-30808.216, -11476.09], [-30820.949, -11473.299], [-30825.272, -11471.254], [-30826.763, -11474.254], [-30838.527, -11468.254], [-30845.619, -11474.581]]]}}, {"type": "Feature", "properties": {"nome": "180", "codice": "18", "vertici": 15}, "geometry": {"type": "Polygon", "coordinates": [[[-29907.04, -11508.403], [-29909.167, -11508.818], [-29893.813, -11532.738], [-29892.509, -11534.745], [-29891.315, -11536.78], [-29890.974, -11537.36], [-29858.426, -11538.835], [-29851.069, -11508.946], [-29866.416, -11508.817], [-29872.0, -11508.0], [-29876.804, -11502.567], [-29887.509, -11495.746], [-29894.362, -11502.903], [-29900.44, -11506.091], [-29907.04, -11508.403]]]}}, {"type": "Feature", "properties": {"nome": "181", "codice": "18", "vertici": 20}, "geometry": {"type": "Polygon", "coordinates": [[[-30194.478, -11607.709], [-30198.254, -11613.508], [-30189.463, -11618.057], [-30172.262, -11632.467], [-30167.358, -11635.887], [-30163.296, -11637.988], [-30156.108, -11639.725], [-30159.655, -11616.584], [-30160.567, -11597.95], [-30161.759, -11590.57], [-30165.142, -11582.444], [-30168.351, -11579.978], [-30169.983, -11579.273], [-30176.583, -11586.239], [-30177.219, -11588.324], [-30183.436, -11594.358], [-30186.473, -11597.814], [-30189.415, -11601.161], [-30192.534, -11605.195], [-30194.478, -11607.709]]]}}, {"type": "Feature", "properties": {"nome": "183", "codice": "18", "vertici": 26}, "geometry": {"type": "Polygon", "coordinates": [[[-29983.718, -11564.43], [-29982.842, -11565.663], [-29981.803, -11565.444], [-29977.463, -11569.648], [-29975.838, -11568.656], [-29973.755, -11570.117], [-29969.643, -11566.517], [-29977.494, -11557.439], [-29969.722, -11548.874], [-29975.711, -11544.791], [-29983.929, -11535.95], [-29985.102, -11534.077], [-29987.45, -11535.548], [-29988.255, -11535.343], [-29990.56, -11535.899], [-29993.392, -11537.738], [-29998.75, -11542.664], [-29999.206, -11543.245], [-29996.953, -11548.288], [-29998.452, -11549.948], [-29997.605, -11550.934], [-30000.076, -11554.032], [-29989.467, -11563.911], [-29988.222, -11565.231], [-29987.0, -11568.018], [-29983.718, -11564.43]]]}}, {"type": "Feature", "properties": {"nome": "184", "codice": "12", "vertici": 15}, "geometry": {"type": "Polygon", "coordinates": [[[-29829.798, -11532.389], [-29828.836, -11525.828], [-29822.701, -11510.834], [-29828.937, -11510.075], [-29839.785, -11508.944], [-29847.257, -11508.976], [-29851.069, -11508.946], [-29858.426, -11538.835], [-29857.382, -11539.371], [-29852.959, -11540.411], [-29848.893, -11543.119], [-29846.109, -11545.194], [-29843.542, -11548.438], [-29834.245, -11543.179], [-29829.798, -11532.389]]]}}, {"type": "Feature", "properties": {"nome": "186", "codice": "12", "vertici": 51}, "geometry": {"type": "Polygon", "coordinates": [[[-29972.814, -11720.481], [-29950.999, -11747.656], [-29934.734, -11733.385], [-29913.78, -11718.173], [-29915.939, -11715.245], [-29895.532, -11699.895], [-29869.624, -11679.26], [-29857.678, -11668.746], [-29828.887, -11645.438], [-29820.667, -11639.247], [-29810.767, -11632.43], [-29797.88, -11623.163], [-29764.191, -11606.788], [-29751.464, -11598.911], [-29759.922, -11589.376], [-29763.407, -11585.247], [-29762.411, -11584.354], [-29759.095, -11581.376], [-29762.144, -11577.942], [-29768.82, -11583.924], [-29777.304, -11591.762], [-29795.257, -11607.655], [-29825.754, -11634.406], [-29827.57, -11631.979], [-29683.427, -11498.815], [-29643.219, -11461.924], [-29602.562, -11423.804], [-29577.255, -11399.268], [-29555.127, -11376.957], [-29553.979, -11378.113], [-29552.029, -11376.144], [-29567.944, -11359.879], [-29617.222, -11404.438], [-29633.938, -11419.925], [-29645.312, -11433.802], [-29754.829, -11531.722], [-29755.797, -11532.504], [-29758.498, -11534.914], [-29780.083, -11554.519], [-29794.355, -11567.277], [-29880.738, -11649.978], [-29880.894, -11649.968], [-29882.916, -11651.814], [-29886.877, -11654.713], [-29886.55, -11654.863], [-29891.11, -11659.22], [-29898.594, -11666.411], [-29915.909, -11681.595], [-29918.164, -11679.974], [-29928.985, -11687.78], [-29972.814, -11720.481]]]}}, {"type": "Feature", "properties": {"nome": "188", "codice": "18", "vertici": 8}, "geometry": {"type": "Polygon", "coordinates": [[[-30094.313, -11609.05], [-30089.69, -11616.603], [-30087.224, -11620.594], [-30082.0, -11618.509], [-30076.927, -11611.887], [-30082.428, -11603.096], [-30086.452, -11605.124], [-30094.313, -11609.05]]]}}, {"type": "Feature", "properties": {"nome": "189", "codice": "18", "vertici": 20}, "geometry": {"type": "Polygon", "coordinates": [[[-30046.895, -11627.549], [-30051.019, -11634.51], [-30043.262, -11639.191], [-30037.428, -11644.444], [-30027.763, -11654.508], [-30023.45, -11650.878], [-30021.018, -11647.254], [-30017.975, -11635.282], [-30017.534, -11630.291], [-30018.021, -11628.238], [-30024.34, -11613.715], [-30026.789, -11600.658], [-30027.774, -11598.464], [-30029.509, -11595.762], [-30042.509, -11602.763], [-30040.301, -11608.247], [-30038.436, -11620.639], [-30040.834, -11623.169], [-30043.816, -11625.433], [-30046.895, -11627.549]]]}}, {"type": "Feature", "properties": {"nome": "19", "codice": "18", "vertici": 40}, "geometry": {"type": "Polygon", "coordinates": [[[-30795.915, -11530.301], [-30793.369, -11533.867], [-30795.762, -11535.441], [-30795.911, -11535.228], [-30801.501, -11539.023], [-30801.474, -11539.061], [-30794.148, -11549.384], [-30801.465, -11554.84], [-30802.445, -11555.658], [-30803.647, -11556.727], [-30799.114, -11561.413], [-30793.632, -11571.756], [-30789.711, -11574.926], [-30786.78, -11577.048], [-30780.938, -11579.609], [-30775.884, -11581.694], [-30767.274, -11583.052], [-30761.505, -11585.162], [-30761.109, -11581.785], [-30763.663, -11575.638], [-30770.338, -11556.652], [-30772.049, -11554.197], [-30762.509, -11548.746], [-30765.414, -11535.157], [-30769.35, -11528.915], [-30768.342, -11523.839], [-30761.485, -11503.889], [-30760.535, -11498.867], [-30761.879, -11498.613], [-30763.929, -11505.517], [-30765.395, -11509.015], [-30768.183, -11512.889], [-30782.076, -11509.573], [-30786.754, -11513.92], [-30791.661, -11521.957], [-30790.57, -11529.325], [-30799.181, -11530.715], [-30798.431, -11531.769], [-30798.322, -11531.914], [-30795.915, -11530.301]]]}}, {"type": "Feature", "properties": {"nome": "190", "codice": "18", "vertici": 23}, "geometry": {"type": "Polygon", "coordinates": [[[-30017.06, -11588.497], [-30017.73, -11590.555], [-30016.136, -11594.432], [-30012.05, -11593.225], [-30011.486, -11594.29], [-30007.844, -11593.269], [-30007.501, -11594.329], [-30004.363, -11593.464], [-30003.99, -11594.614], [-29998.805, -11592.922], [-30002.832, -11579.703], [-30003.057, -11578.788], [-30004.177, -11578.772], [-30005.533, -11574.605], [-30007.937, -11572.913], [-30009.147, -11568.315], [-30013.261, -11569.602], [-30013.723, -11573.109], [-30012.322, -11572.91], [-30011.246, -11575.063], [-30013.931, -11585.824], [-30014.793, -11587.592], [-30017.06, -11588.497]]]}}, {"type": "Feature", "properties": {"nome": "191", "codice": "18", "vertici": 29}, "geometry": {"type": "Polygon", "coordinates": [[[-29991.254, -11572.018], [-29987.163, -11582.389], [-29986.184, -11588.269], [-29984.139, -11595.126], [-29982.957, -11595.381], [-29981.964, -11598.467], [-29971.297, -11595.549], [-29970.482, -11597.993], [-29968.878, -11602.798], [-29956.542, -11598.516], [-29955.857, -11597.243], [-29952.653, -11597.16], [-29948.811, -11597.159], [-29950.622, -11588.388], [-29954.373, -11577.24], [-29956.288, -11566.593], [-29961.967, -11556.685], [-29966.774, -11551.082], [-29969.722, -11548.874], [-29977.494, -11557.439], [-29969.643, -11566.517], [-29973.755, -11570.117], [-29975.838, -11568.656], [-29977.463, -11569.648], [-29981.803, -11565.444], [-29982.842, -11565.663], [-29983.718, -11564.43], [-29987.0, -11568.018], [-29991.254, -11572.018]]]}}, {"type": "Feature", "properties": {"nome": "192", "codice": "18", "vertici": 19}, "geometry": {"type": "Polygon", "coordinates": [[[-29953.509, -11565.018], [-29951.372, -11576.569], [-29947.308, -11588.42], [-29946.241, -11594.099], [-29938.153, -11594.338], [-29935.752, -11597.193], [-29931.253, -11596.49], [-29931.479, -11597.988], [-29915.871, -11598.81], [-29917.019, -11591.509], [-29917.0, -11579.0], [-29917.51, -11567.746], [-29927.748, -11562.016], [-29928.332, -11562.668], [-29932.055, -11575.197], [-29936.341, -11573.337], [-29945.328, -11568.435], [-29950.519, -11566.005], [-29953.509, -11565.018]]]}}, {"type": "Feature", "properties": {"nome": "193", "codice": "18", "vertici": 34}, "geometry": {"type": "Polygon", "coordinates": [[[-29880.88, -11579.354], [-29884.249, -11575.009], [-29892.355, -11574.932], [-29892.702, -11576.686], [-29896.351, -11576.536], [-29896.236, -11574.221], [-29893.524, -11574.707], [-29893.063, -11569.621], [-29896.844, -11568.974], [-29897.182, -11568.42], [-29909.764, -11568.032], [-29909.77, -11577.469], [-29909.043, -11577.828], [-29909.1, -11579.351], [-29909.175, -11581.292], [-29913.173, -11581.122], [-29913.308, -11584.642], [-29912.019, -11587.571], [-29909.421, -11587.671], [-29902.215, -11588.074], [-29901.019, -11587.099], [-29900.77, -11585.801], [-29898.311, -11585.911], [-29898.903, -11598.751], [-29884.355, -11599.241], [-29883.956, -11590.83], [-29885.781, -11590.653], [-29885.762, -11588.95], [-29881.716, -11589.564], [-29878.382, -11589.457], [-29877.706, -11583.727], [-29878.028, -11582.834], [-29879.587, -11580.98], [-29880.88, -11579.354]]]}}, {"type": "Feature", "properties": {"nome": "196", "codice": "18", "vertici": 9}, "geometry": {"type": "Polygon", "coordinates": [[[-30017.975, -11635.282], [-30021.018, -11647.254], [-30017.508, -11645.509], [-30012.763, -11650.018], [-30007.331, -11647.473], [-30006.308, -11647.652], [-30004.91, -11638.475], [-30009.023, -11638.067], [-30017.975, -11635.282]]]}}, {"type": "Feature", "properties": {"nome": "2", "codice": "18", "vertici": 9}, "geometry": {"type": "Polygon", "coordinates": [[[-31087.253, -11434.018], [-31092.763, -11439.254], [-31079.366, -11450.287], [-31073.606, -11453.478], [-31058.524, -11456.602], [-31055.745, -11440.763], [-31066.328, -11440.978], [-31078.34, -11438.996], [-31087.253, -11434.018]]]}}, {"type": "Feature", "properties": {"nome": "20", "codice": "18", "vertici": 19}, "geometry": {"type": "Polygon", "coordinates": [[[-31054.241, -11556.597], [-31055.509, -11567.763], [-31053.651, -11569.115], [-31054.124, -11575.506], [-31035.474, -11579.864], [-31031.616, -11574.315], [-31024.193, -11562.392], [-31017.14, -11553.472], [-31013.043, -11545.2], [-31005.558, -11537.094], [-31005.456, -11527.366], [-31008.371, -11512.676], [-31014.701, -11518.989], [-31022.157, -11528.308], [-31029.747, -11534.817], [-31036.267, -11539.692], [-31045.319, -11542.68], [-31053.122, -11544.161], [-31054.241, -11556.597]]]}}, {"type": "Feature", "properties": {"nome": "201", "codice": "12", "vertici": 12}, "geometry": {"type": "Polygon", "coordinates": [[[-29747.531, -11596.475], [-29789.763, -11633.018], [-29783.518, -11639.912], [-29777.798, -11645.818], [-29777.194, -11646.655], [-29774.397, -11649.474], [-29750.805, -11614.292], [-29741.959, -11602.266], [-29738.575, -11598.139], [-29739.115, -11597.097], [-29741.396, -11592.678], [-29747.531, -11596.475]]]}}, {"type": "Feature", "properties": {"nome": "203", "codice": "12", "vertici": 12}, "geometry": {"type": "Polygon", "coordinates": [[[-30129.0, -11637.509], [-30126.789, -11638.435], [-30123.645, -11639.415], [-30122.649, -11637.622], [-30118.989, -11639.306], [-30118.498, -11638.383], [-30116.254, -11639.254], [-30114.492, -11635.182], [-30114.0, -11627.763], [-30121.786, -11627.585], [-30125.253, -11628.509], [-30129.0, -11637.509]]]}}, {"type": "Feature", "properties": {"nome": "204", "codice": "18", "vertici": 43}, "geometry": {"type": "Polygon", "coordinates": [[[-30096.705, -11687.223], [-30093.456, -11691.287], [-30092.875, -11696.346], [-30089.978, -11700.256], [-30087.701, -11708.335], [-30085.937, -11724.781], [-30086.667, -11740.554], [-30082.805, -11746.184], [-30076.764, -11747.018], [-30066.66, -11738.343], [-30036.682, -11726.642], [-30031.018, -11724.018], [-30028.271, -11723.018], [-30022.254, -11720.271], [-30024.383, -11715.457], [-30026.24, -11711.708], [-30034.959, -11697.718], [-30039.638, -11687.63], [-30045.182, -11678.926], [-30038.808, -11677.276], [-30015.515, -11674.554], [-30008.166, -11672.784], [-30009.303, -11671.265], [-30007.643, -11659.801], [-30008.57, -11659.743], [-30013.299, -11660.384], [-30027.173, -11663.916], [-30027.923, -11658.348], [-30044.518, -11642.049], [-30052.921, -11636.408], [-30056.67, -11634.391], [-30055.552, -11645.563], [-30056.587, -11650.666], [-30058.302, -11654.406], [-30061.307, -11654.033], [-30067.142, -11644.414], [-30068.814, -11642.559], [-30070.093, -11645.747], [-30079.361, -11660.214], [-30078.56, -11660.128], [-30078.254, -11664.254], [-30081.985, -11664.428], [-30096.705, -11687.223]]]}}, {"type": "Feature", "properties": {"nome": "205", "codice": "18", "vertici": 5}, "geometry": {"type": "Polygon", "coordinates": [[[-30079.361, -11660.214], [-30081.985, -11664.428], [-30078.254, -11664.254], [-30078.56, -11660.128], [-30079.361, -11660.214]]]}}, {"type": "Feature", "properties": {"nome": "206", "codice": "18", "vertici": 28}, "geometry": {"type": "Polygon", "coordinates": [[[-30045.182, -11678.926], [-30039.638, -11687.63], [-30034.959, -11697.718], [-30026.24, -11711.708], [-30024.383, -11715.457], [-30019.417, -11713.799], [-30009.589, -11708.593], [-30001.273, -11717.816], [-29998.501, -11730.769], [-30016.85, -11731.532], [-30019.999, -11730.866], [-30028.271, -11723.018], [-30031.018, -11724.018], [-30027.363, -11730.831], [-30022.195, -11734.313], [-30016.11, -11737.365], [-30005.559, -11736.814], [-30005.436, -11737.783], [-29991.267, -11727.441], [-29991.796, -11720.521], [-29974.864, -11711.275], [-29976.85, -11702.557], [-29977.201, -11701.233], [-29982.095, -11706.195], [-30008.166, -11672.784], [-30015.515, -11674.554], [-30038.808, -11677.276], [-30045.182, -11678.926]]]}}, {"type": "Feature", "properties": {"nome": "207", "codice": "18", "vertici": 12}, "geometry": {"type": "Polygon", "coordinates": [[[-29909.508, -11651.781], [-29906.509, -11661.527], [-29902.097, -11659.988], [-29901.735, -11659.188], [-29900.568, -11658.628], [-29899.015, -11658.029], [-29890.017, -11653.272], [-29894.542, -11650.517], [-29896.019, -11648.302], [-29897.682, -11647.768], [-29902.113, -11648.981], [-29909.508, -11651.781]]]}}, {"type": "Feature", "properties": {"nome": "208", "codice": "18", "vertici": 12}, "geometry": {"type": "Polygon", "coordinates": [[[-29937.508, -11665.017], [-29934.63, -11668.336], [-29933.233, -11671.179], [-29930.495, -11681.617], [-29919.648, -11676.482], [-29902.097, -11659.988], [-29906.509, -11661.527], [-29909.508, -11651.781], [-29919.109, -11652.437], [-29925.169, -11654.659], [-29931.695, -11660.597], [-29937.508, -11665.017]]]}}, {"type": "Feature", "properties": {"nome": "209", "codice": "18", "vertici": 14}, "geometry": {"type": "Polygon", "coordinates": [[[-29801.169, -11643.331], [-29794.908, -11649.853], [-29793.809, -11651.034], [-29785.143, -11660.343], [-29777.867, -11647.815], [-29777.194, -11646.655], [-29777.798, -11645.818], [-29783.518, -11639.912], [-29789.763, -11633.018], [-29797.88, -11623.163], [-29810.767, -11632.43], [-29803.419, -11640.774], [-29802.565, -11641.745], [-29801.169, -11643.331]]]}}, {"type": "Feature", "properties": {"nome": "21", "codice": "18", "vertici": 9}, "geometry": {"type": "Polygon", "coordinates": [[[-31008.371, -11512.676], [-31005.456, -11527.366], [-31005.558, -11537.094], [-31003.495, -11540.21], [-30988.952, -11531.482], [-30979.548, -11529.926], [-30976.374, -11522.783], [-31003.255, -11512.0], [-31008.371, -11512.676]]]}}, {"type": "Feature", "properties": {"nome": "211", "codice": "12", "vertici": 7}, "geometry": {"type": "Polygon", "coordinates": [[[-29810.536, -11651.582], [-29804.388, -11658.409], [-29798.322, -11652.953], [-29794.908, -11649.853], [-29801.169, -11643.331], [-29810.445, -11651.5], [-29810.536, -11651.582]]]}}, {"type": "Feature", "properties": {"nome": "212", "codice": "12", "vertici": 9}, "geometry": {"type": "Polygon", "coordinates": [[[-29804.388, -11658.409], [-29799.514, -11663.995], [-29793.082, -11670.459], [-29787.503, -11663.722], [-29785.143, -11660.343], [-29793.809, -11651.034], [-29794.908, -11649.853], [-29798.322, -11652.953], [-29804.388, -11658.409]]]}}, {"type": "Feature", "properties": {"nome": "213", "codice": "12", "vertici": 7}, "geometry": {"type": "Polygon", "coordinates": [[[-29810.536, -11651.582], [-29819.508, -11659.763], [-29809.084, -11671.74], [-29802.11, -11665.882], [-29799.514, -11663.995], [-29804.388, -11658.409], [-29810.536, -11651.582]]]}}, {"type": "Feature", "properties": {"nome": "214", "codice": "12", "vertici": 9}, "geometry": {"type": "Polygon", "coordinates": [[[-29809.084, -11671.74], [-29803.094, -11678.332], [-29801.144, -11680.467], [-29798.396, -11678.209], [-29795.163, -11682.07], [-29792.147, -11676.782], [-29796.445, -11672.127], [-29802.11, -11665.882], [-29809.084, -11671.74]]]}}, {"type": "Feature", "properties": {"nome": "215", "codice": "18", "vertici": 10}, "geometry": {"type": "Polygon", "coordinates": [[[-29846.345, -11682.223], [-29850.038, -11685.423], [-29844.0, -11692.018], [-29840.551, -11689.288], [-29824.879, -11707.464], [-29819.11, -11714.079], [-29810.74, -11716.285], [-29797.902, -11692.148], [-29823.611, -11663.12], [-29846.345, -11682.223]]]}}, {"type": "Feature", "properties": {"nome": "216", "codice": "18", "vertici": 10}, "geometry": {"type": "Polygon", "coordinates": [[[-30022.254, -11720.271], [-30028.271, -11723.018], [-30019.999, -11730.866], [-30016.85, -11731.532], [-29998.501, -11730.769], [-30001.273, -11717.816], [-30009.589, -11708.593], [-30019.417, -11713.799], [-30024.383, -11715.457], [-30022.254, -11720.271]]]}}, {"type": "Feature", "properties": {"nome": "218", "codice": "18", "vertici": 15}, "geometry": {"type": "Polygon", "coordinates": [[[-30076.764, -11747.018], [-30072.831, -11752.801], [-30072.245, -11755.455], [-30068.854, -11765.207], [-30065.225, -11772.649], [-30060.571, -11777.932], [-30005.436, -11737.783], [-30005.559, -11736.814], [-30016.11, -11737.365], [-30022.195, -11734.313], [-30027.363, -11730.831], [-30031.018, -11724.018], [-30036.682, -11726.642], [-30066.66, -11738.343], [-30076.764, -11747.018]]]}}, {"type": "Feature", "properties": {"nome": "219", "codice": "18", "vertici": 16}, "geometry": {"type": "Polygon", "coordinates": [[[-29983.263, -11771.049], [-29981.254, -11773.523], [-29981.073, -11774.333], [-29979.682, -11780.429], [-29978.977, -11791.065], [-29955.039, -11795.218], [-29952.152, -11794.852], [-29951.401, -11794.882], [-29948.028, -11788.442], [-29946.285, -11781.214], [-29946.856, -11775.173], [-29947.455, -11769.883], [-29948.401, -11767.731], [-29964.585, -11757.607], [-29964.898, -11757.388], [-29983.263, -11771.049]]]}}, {"type": "Feature", "properties": {"nome": "22", "codice": "18", "vertici": 35}, "geometry": {"type": "Polygon", "coordinates": [[[-30799.114, -11561.413], [-30803.647, -11556.727], [-30812.158, -11563.493], [-30827.856, -11544.836], [-30817.762, -11537.491], [-30821.825, -11532.137], [-30827.027, -11523.057], [-30831.958, -11525.121], [-30841.469, -11523.923], [-30851.708, -11521.172], [-30854.398, -11521.646], [-30860.28, -11519.754], [-30861.401, -11527.173], [-30860.771, -11532.435], [-30869.001, -11531.115], [-30881.858, -11531.101], [-30888.135, -11533.047], [-30897.017, -11533.491], [-30893.762, -11543.746], [-30883.915, -11542.36], [-30873.384, -11542.804], [-30861.73, -11543.928], [-30852.957, -11545.739], [-30843.997, -11548.911], [-30836.638, -11552.547], [-30836.48, -11553.373], [-30835.305, -11555.346], [-30825.541, -11563.932], [-30820.925, -11565.115], [-30806.701, -11573.757], [-30803.777, -11579.917], [-30800.508, -11584.001], [-30795.59, -11580.442], [-30793.632, -11571.756], [-30799.114, -11561.413]]]}}, {"type": "Feature", "properties": {"nome": "220", "codice": "18", "vertici": 8}, "geometry": {"type": "Polygon", "coordinates": [[[-30003.908, -11787.003], [-30002.349, -11786.887], [-29978.977, -11791.065], [-29979.682, -11780.429], [-29981.073, -11774.333], [-29985.733, -11775.458], [-29988.12, -11774.763], [-30003.908, -11787.003]]]}}, {"type": "Feature", "properties": {"nome": "225", "codice": "18", "vertici": 26}, "geometry": {"type": "LineString", "coordinates": [[-30189.081, -11967.52], [-30186.966, -11976.661], [-30179.549, -11994.728], [-30177.564, -11998.745], [-30170.062, -12017.963], [-30163.733, -12034.88], [-30158.736, -12040.835], [-30153.301, -12037.14], [-30146.156, -12032.771], [-30141.009, -12030.304], [-30158.497, -11995.484], [-30155.224, -11994.241], [-30156.059, -11986.545], [-30159.337, -11987.282], [-30163.82, -11989.158], [-30165.226, -11980.586], [-30170.778, -11947.084], [-30182.746, -11947.509], [-30189.081, -11967.52], [-30161.001, -11988.764], [-30158.254, -11988.272], [-30157.254, -11991.255], [-30156.501, -11993.526], [-30159.609, -11994.254], [-30160.254, -11992.0], [-30161.001, -11988.764]]}}, {"type": "Feature", "properties": {"nome": "228", "codice": "18", "vertici": 16}, "geometry": {"type": "LineString", "coordinates": [[-29962.981, -11871.671], [-29962.213, -11872.328], [-29961.368, -11862.943], [-29975.279, -11861.156], [-29983.751, -11858.07], [-29991.299, -11856.885], [-29991.816, -11857.3], [-29983.018, -11871.509], [-29975.223, -11869.954], [-29968.762, -11869.145], [-29962.981, -11871.671], [-29962.608, -11863.757], [-29963.044, -11866.753], [-29967.796, -11866.088], [-29967.331, -11863.05], [-29962.608, -11863.757]]}}, {"type": "Feature", "properties": {"nome": "23", "codice": "18", "vertici": 19}, "geometry": {"type": "Polygon", "coordinates": [[[-30801.465, -11554.84], [-30794.148, -11549.384], [-30801.474, -11539.061], [-30801.501, -11539.023], [-30795.911, -11535.228], [-30795.762, -11535.441], [-30793.369, -11533.867], [-30795.915, -11530.301], [-30798.322, -11531.914], [-30798.431, -11531.769], [-30799.181, -11530.715], [-30804.872, -11531.633], [-30815.145, -11536.839], [-30817.762, -11537.491], [-30827.856, -11544.836], [-30812.158, -11563.493], [-30803.647, -11556.727], [-30802.445, -11555.658], [-30801.465, -11554.84]]]}}, {"type": "Feature", "properties": {"nome": "232", "codice": "12", "vertici": 5}, "geometry": {"type": "Polygon", "coordinates": [[[-30142.793, -11915.039], [-30141.0, -11923.509], [-30133.606, -11921.726], [-30135.182, -11913.46], [-30142.793, -11915.039]]]}}, {"type": "Feature", "properties": {"nome": "233", "codice": "18", "vertici": 18}, "geometry": {"type": "LineString", "coordinates": [[-30145.902, -11913.834], [-30143.81, -11925.356], [-30138.965, -11924.315], [-30138.571, -11926.442], [-30137.593, -11926.298], [-30137.487, -11927.325], [-30135.496, -11926.681], [-30136.509, -11923.764], [-30131.254, -11922.509], [-30134.377, -11911.8], [-30138.085, -11912.738], [-30139.512, -11913.044], [-30145.902, -11913.834], [-30141.0, -11923.509], [-30142.793, -11915.039], [-30135.182, -11913.46], [-30133.606, -11921.726], [-30141.0, -11923.509]]}}, {"type": "Feature", "properties": {"nome": "234", "codice": "18", "vertici": 12}, "geometry": {"type": "Polygon", "coordinates": [[[-30092.823, -11907.807], [-30088.596, -11924.636], [-30087.704, -11929.079], [-30076.509, -11923.272], [-30070.053, -11916.819], [-30075.189, -11912.026], [-30072.07, -11908.637], [-30076.779, -11904.185], [-30079.821, -11907.461], [-30082.798, -11904.538], [-30084.452, -11905.11], [-30092.823, -11907.807]]]}}, {"type": "Feature", "properties": {"nome": "235", "codice": "18", "vertici": 11}, "geometry": {"type": "Polygon", "coordinates": [[[-30076.509, -11923.272], [-30070.853, -11929.796], [-30063.859, -11939.194], [-30050.83, -11927.834], [-30039.56, -11915.353], [-30049.623, -11896.092], [-30052.684, -11893.679], [-30061.959, -11903.064], [-30067.644, -11914.354], [-30070.053, -11916.819], [-30076.509, -11923.272]]]}}, {"type": "Feature", "properties": {"nome": "237", "codice": "18", "vertici": 11}, "geometry": {"type": "Polygon", "coordinates": [[[-29975.269, -11881.462], [-29977.454, -11885.654], [-29970.509, -11903.018], [-29958.724, -11900.492], [-29956.358, -11902.127], [-29952.0, -11899.509], [-29957.888, -11892.144], [-29963.858, -11885.594], [-29965.001, -11883.763], [-29970.348, -11880.222], [-29975.269, -11881.462]]]}}, {"type": "Feature", "properties": {"nome": "24", "codice": "18", "vertici": 25}, "geometry": {"type": "Polygon", "coordinates": [[[-30768.342, -11523.839], [-30769.35, -11528.915], [-30765.414, -11535.157], [-30762.509, -11548.746], [-30754.327, -11548.761], [-30746.168, -11550.551], [-30732.055, -11551.945], [-30726.018, -11553.509], [-30721.999, -11549.254], [-30723.621, -11544.454], [-30734.454, -11541.291], [-30744.57, -11537.021], [-30747.855, -11533.663], [-30748.807, -11532.232], [-30749.136, -11528.746], [-30747.274, -11524.414], [-30742.533, -11515.709], [-30747.334, -11511.368], [-30746.236, -11509.376], [-30752.553, -11503.667], [-30755.737, -11502.746], [-30755.365, -11500.402], [-30760.535, -11498.867], [-30761.485, -11503.889], [-30768.342, -11523.839]]]}}, {"type": "Feature", "properties": {"nome": "240", "codice": "12", "vertici": 19}, "geometry": {"type": "Polygon", "coordinates": [[[-30077.898, -11975.388], [-30088.954, -11980.15], [-30090.221, -11980.697], [-30091.174, -11978.478], [-30094.918, -11969.438], [-30095.115, -11968.698], [-30097.953, -11958.234], [-30098.179, -11957.274], [-30096.997, -11956.988], [-30097.255, -11951.688], [-30102.049, -11951.322], [-30106.483, -11951.119], [-30107.966, -11959.785], [-30108.043, -11968.795], [-30101.695, -11984.823], [-30094.491, -12002.254], [-30071.969, -11990.642], [-30073.915, -11984.95], [-30077.898, -11975.388]]]}}, {"type": "Feature", "properties": {"nome": "241", "codice": "12", "vertici": 10}, "geometry": {"type": "Polygon", "coordinates": [[[-30097.255, -11951.688], [-30096.997, -11956.988], [-30093.58, -11956.71], [-30086.764, -11956.509], [-30084.283, -11956.386], [-30087.763, -11945.018], [-30091.588, -11945.231], [-30094.168, -11945.228], [-30096.493, -11945.214], [-30097.255, -11951.688]]]}}, {"type": "Feature", "properties": {"nome": "242", "codice": "18", "vertici": 15}, "geometry": {"type": "Polygon", "coordinates": [[[-30087.704, -11929.079], [-30082.345, -11948.978], [-30082.177, -11951.506], [-30078.929, -11960.203], [-30059.139, -11950.421], [-30056.365, -11948.775], [-30046.892, -11943.152], [-30032.847, -11933.716], [-30029.488, -11931.569], [-30039.56, -11915.353], [-30050.83, -11927.834], [-30063.859, -11939.194], [-30070.853, -11929.796], [-30076.509, -11923.272], [-30087.704, -11929.079]]]}}, {"type": "Feature", "properties": {"nome": "244", "codice": "18", "vertici": 7}, "geometry": {"type": "Polygon", "coordinates": [[[-29985.162, -11908.368], [-29983.253, -11912.763], [-29979.155, -11911.02], [-29977.552, -11910.502], [-29979.546, -11905.855], [-29981.268, -11906.707], [-29985.162, -11908.368]]]}}, {"type": "Feature", "properties": {"nome": "246", "codice": "18", "vertici": 20}, "geometry": {"type": "Polygon", "coordinates": [[[-29960.278, -11958.831], [-29953.104, -11952.942], [-29942.339, -11945.437], [-29947.425, -11927.139], [-29945.822, -11922.348], [-29947.718, -11917.59], [-29951.646, -11909.535], [-29956.358, -11902.127], [-29958.724, -11900.492], [-29970.509, -11903.018], [-29970.657, -11905.888], [-29969.416, -11907.82], [-29968.281, -11911.936], [-29969.603, -11912.544], [-29970.384, -11917.392], [-29968.554, -11930.93], [-29966.721, -11937.442], [-29965.899, -11946.686], [-29961.933, -11959.316], [-29960.278, -11958.831]]]}}, {"type": "Feature", "properties": {"nome": "247", "codice": "18", "vertici": 10}, "geometry": {"type": "Polygon", "coordinates": [[[-29952.0, -11899.509], [-29956.358, -11902.127], [-29951.646, -11909.535], [-29947.718, -11917.59], [-29945.822, -11922.348], [-29947.425, -11927.139], [-29942.339, -11945.437], [-29926.567, -11933.767], [-29947.677, -11905.482], [-29952.0, -11899.509]]]}}, {"type": "Feature", "properties": {"nome": "25", "codice": "18", "vertici": 39}, "geometry": {"type": "Polygon", "coordinates": [[[-30733.263, -11597.932], [-30734.563, -11599.372], [-30732.665, -11602.029], [-30718.189, -11616.157], [-30724.664, -11625.993], [-30717.436, -11638.355], [-30706.316, -11653.481], [-30701.308, -11656.296], [-30697.324, -11664.573], [-30695.018, -11666.763], [-30694.792, -11663.582], [-30695.859, -11660.906], [-30695.212, -11656.239], [-30696.942, -11651.924], [-30701.056, -11648.408], [-30701.987, -11644.993], [-30701.93, -11643.213], [-30698.969, -11642.246], [-30698.258, -11637.001], [-30696.952, -11634.338], [-30701.066, -11630.74], [-30692.329, -11615.165], [-30689.404, -11607.722], [-30686.595, -11607.32], [-30694.108, -11593.326], [-30698.999, -11592.018], [-30706.874, -11582.849], [-30708.385, -11564.275], [-30710.809, -11553.707], [-30714.854, -11547.31], [-30721.999, -11549.254], [-30726.018, -11553.509], [-30729.855, -11558.706], [-30728.575, -11564.928], [-30729.758, -11567.943], [-30731.26, -11580.117], [-30733.738, -11584.853], [-30732.789, -11592.543], [-30733.263, -11597.932]]]}}, {"type": "Feature", "properties": {"nome": "250", "codice": "18", "vertici": 6}, "geometry": {"type": "Polygon", "coordinates": [[[-30056.376, -11969.6], [-30065.707, -11973.675], [-30061.319, -11983.366], [-30058.626, -11982.14], [-30051.822, -11979.041], [-30056.376, -11969.6]]]}}, {"type": "Feature", "properties": {"nome": "251", "codice": "18", "vertici": 29}, "geometry": {"type": "Polygon", "coordinates": [[[-30162.686, -12043.705], [-30166.768, -12049.176], [-30156.586, -12059.369], [-30152.254, -12088.0], [-30140.34, -12087.098], [-30135.761, -12084.764], [-30116.427, -12077.608], [-30111.926, -12076.077], [-30101.607, -12069.982], [-30094.942, -12067.951], [-30091.534, -12067.26], [-30086.615, -12066.54], [-30084.087, -12066.759], [-30080.363, -12064.022], [-30085.838, -12039.618], [-30079.805, -12038.564], [-30080.432, -12031.876], [-30088.597, -12015.995], [-30094.491, -12002.254], [-30100.029, -12006.347], [-30107.49, -12010.746], [-30119.736, -12018.173], [-30129.498, -12022.301], [-30135.708, -12027.763], [-30141.009, -12030.304], [-30146.156, -12032.771], [-30153.301, -12037.14], [-30158.736, -12040.835], [-30162.686, -12043.705]]]}}, {"type": "Feature", "properties": {"nome": "252", "codice": "18", "vertici": 14}, "geometry": {"type": "Polygon", "coordinates": [[[-30071.969, -11990.642], [-30094.491, -12002.254], [-30088.597, -12015.995], [-30080.432, -12031.876], [-30079.805, -12038.564], [-30068.632, -12036.656], [-30064.427, -12059.191], [-30063.181, -12058.972], [-30060.093, -12059.383], [-30055.443, -12057.282], [-30045.763, -12056.0], [-30049.942, -12043.031], [-30056.711, -12024.796], [-30071.969, -11990.642]]]}}, {"type": "Feature", "properties": {"nome": "253", "codice": "12", "vertici": 13}, "geometry": {"type": "Polygon", "coordinates": [[[-30026.175, -12018.78], [-30031.932, -12022.147], [-30022.893, -12046.241], [-30019.446, -12044.171], [-29989.609, -12050.02], [-29991.295, -12045.214], [-29983.61, -12043.62], [-29955.425, -12036.624], [-29964.815, -12017.773], [-29975.211, -11995.887], [-30011.599, -12010.983], [-30013.402, -12011.59], [-30026.175, -12018.78]]]}}, {"type": "Feature", "properties": {"nome": "254", "codice": "18", "vertici": 18}, "geometry": {"type": "Polygon", "coordinates": [[[-29991.295, -12045.214], [-29989.609, -12050.02], [-29986.798, -12050.661], [-29979.87, -12051.96], [-29978.536, -12059.797], [-29976.052, -12058.98], [-29971.003, -12057.356], [-29962.033, -12054.483], [-29960.925, -12054.129], [-29952.489, -12051.427], [-29952.659, -12043.363], [-29937.241, -12032.556], [-29940.72, -12033.333], [-29951.088, -12040.489], [-29952.751, -12041.78], [-29955.425, -12036.624], [-29983.61, -12043.62], [-29991.295, -12045.214]]]}}, {"type": "Feature", "properties": {"nome": "256", "codice": "18", "vertici": 10}, "geometry": {"type": "Polygon", "coordinates": [[[-30069.621, -12060.314], [-30068.133, -12059.844], [-30064.427, -12059.191], [-30068.632, -12036.656], [-30079.805, -12038.564], [-30085.838, -12039.618], [-30080.363, -12064.022], [-30080.259, -12063.948], [-30069.488, -12062.386], [-30069.621, -12060.314]]]}}, {"type": "Feature", "properties": {"nome": "258", "codice": "18", "vertici": 14}, "geometry": {"type": "Polygon", "coordinates": [[[-29976.458, -12076.631], [-29977.325, -12068.513], [-29978.536, -12059.797], [-29979.87, -12051.96], [-29986.798, -12050.661], [-29989.609, -12050.02], [-30019.446, -12044.171], [-30015.19, -12059.788], [-30006.737, -12069.323], [-29993.658, -12075.254], [-29989.462, -12076.611], [-29987.125, -12076.913], [-29976.566, -12078.792], [-29976.458, -12076.631]]]}}, {"type": "Feature", "properties": {"nome": "259", "codice": "18", "vertici": 33}, "geometry": {"type": "Polygon", "coordinates": [[[-30159.728, -12152.91], [-30161.639, -12158.064], [-30153.093, -12160.935], [-30144.894, -12171.015], [-30137.764, -12175.491], [-30097.492, -12178.637], [-30086.619, -12176.999], [-30059.568, -12155.7], [-30063.556, -12156.016], [-30081.711, -12159.158], [-30089.703, -12157.706], [-30096.965, -12152.979], [-30089.639, -12145.704], [-30097.151, -12138.306], [-30103.5, -12126.756], [-30105.398, -12113.667], [-30105.451, -12108.673], [-30105.579, -12106.5], [-30130.641, -12103.494], [-30130.768, -12097.657], [-30125.56, -12096.214], [-30108.314, -12086.245], [-30116.427, -12077.608], [-30135.761, -12084.764], [-30140.34, -12087.098], [-30152.254, -12088.0], [-30151.707, -12092.547], [-30155.712, -12114.887], [-30157.254, -12118.746], [-30151.717, -12128.804], [-30148.559, -12136.002], [-30150.158, -12139.167], [-30159.728, -12152.91]]]}}, {"type": "Feature", "properties": {"nome": "26", "codice": "18", "vertici": 13}, "geometry": {"type": "Polygon", "coordinates": [[[-31084.106, -11573.965], [-31086.272, -11576.763], [-31081.272, -11579.0], [-31074.164, -11571.685], [-31067.925, -11567.174], [-31055.509, -11567.763], [-31054.241, -11556.597], [-31053.122, -11544.161], [-31059.472, -11548.324], [-31071.438, -11554.742], [-31074.726, -11559.918], [-31079.325, -11562.358], [-31084.106, -11573.965]]]}}, {"type": "Feature", "properties": {"nome": "261", "codice": "18", "vertici": 27}, "geometry": {"type": "Polygon", "coordinates": [[[-29923.461, -12111.196], [-29926.277, -12117.727], [-29927.183, -12118.557], [-29940.358, -12128.276], [-29943.254, -12129.254], [-29942.444, -12132.608], [-29941.689, -12132.711], [-29939.821, -12133.204], [-29936.305, -12134.446], [-29932.043, -12135.062], [-29927.71, -12135.442], [-29924.038, -12134.56], [-29921.49, -12133.769], [-29913.543, -12123.326], [-29909.001, -12124.783], [-29904.906, -12114.722], [-29904.042, -12113.323], [-29895.869, -12106.679], [-29899.765, -12088.089], [-29901.597, -12088.326], [-29903.926, -12088.47], [-29907.938, -12088.402], [-29907.692, -12087.158], [-29918.465, -12087.432], [-29920.296, -12087.539], [-29921.155, -12097.973], [-29923.461, -12111.196]]]}}, {"type": "Feature", "properties": {"nome": "264", "codice": "18", "vertici": 20}, "geometry": {"type": "Polygon", "coordinates": [[[-30161.635, -12160.228], [-30162.43, -12168.565], [-30161.259, -12174.162], [-30155.295, -12188.889], [-30150.165, -12197.128], [-30147.254, -12200.255], [-30143.702, -12197.619], [-30141.078, -12200.114], [-30138.765, -12200.257], [-30133.018, -12195.254], [-30123.627, -12193.495], [-30110.916, -12195.469], [-30091.746, -12180.237], [-30099.879, -12181.302], [-30110.258, -12181.249], [-30116.922, -12179.6], [-30137.301, -12177.803], [-30147.509, -12173.237], [-30153.747, -12162.722], [-30161.635, -12160.228]]]}}, {"type": "Feature", "properties": {"nome": "265", "codice": "12", "vertici": 10}, "geometry": {"type": "Polygon", "coordinates": [[[-29906.49, -12154.458], [-29904.405, -12150.734], [-29910.526, -12147.571], [-29916.728, -12152.369], [-29927.721, -12145.578], [-29941.236, -12155.662], [-29920.206, -12181.038], [-29913.079, -12173.447], [-29915.288, -12172.181], [-29906.49, -12154.458]]]}}, {"type": "Feature", "properties": {"nome": "266", "codice": "18", "vertici": 8}, "geometry": {"type": "Polygon", "coordinates": [[[-29931.795, -12188.327], [-29933.79, -12190.537], [-29930.901, -12193.049], [-29929.898, -12193.725], [-29927.751, -12191.485], [-29928.192, -12191.169], [-29929.196, -12190.243], [-29931.795, -12188.327]]]}}, {"type": "Feature", "properties": {"nome": "27", "codice": "18", "vertici": 9}, "geometry": {"type": "Polygon", "coordinates": [[[-31000.267, -11619.634], [-31002.198, -11622.633], [-31000.176, -11623.489], [-30989.563, -11625.775], [-30982.272, -11630.272], [-30980.767, -11626.304], [-30983.537, -11624.033], [-30992.519, -11621.039], [-31000.267, -11619.634]]]}}, {"type": "Feature", "properties": {"nome": "270", "codice": "18", "vertici": 8}, "geometry": {"type": "Polygon", "coordinates": [[[-30006.446, -12266.166], [-30007.52, -12285.896], [-29990.999, -12277.657], [-29993.705, -12272.152], [-29998.393, -12264.492], [-30005.628, -12258.725], [-30005.073, -12262.577], [-30006.446, -12266.166]]]}}, {"type": "Feature", "properties": {"nome": "271", "codice": "18", "vertici": 8}, "geometry": {"type": "Polygon", "coordinates": [[[-29904.364, -12244.207], [-29903.24, -12245.569], [-29901.884, -12247.287], [-29900.628, -12248.525], [-29897.885, -12245.66], [-29900.363, -12243.208], [-29901.94, -12241.683], [-29904.364, -12244.207]]]}}, {"type": "Feature", "properties": {"nome": "274", "codice": "18", "vertici": 13}, "geometry": {"type": "Polygon", "coordinates": [[[-30007.52, -12285.896], [-30007.543, -12295.733], [-30005.775, -12307.25], [-29975.075, -12345.391], [-29968.249, -12350.505], [-29948.562, -12337.357], [-29957.292, -12325.057], [-29967.942, -12312.222], [-29972.248, -12314.708], [-29981.899, -12300.944], [-29985.848, -12289.627], [-29990.999, -12277.657], [-30007.52, -12285.896]]]}}, {"type": "Feature", "properties": {"nome": "275", "codice": "18", "vertici": 22}, "geometry": {"type": "Polygon", "coordinates": [[[-29838.443, -12276.466], [-29838.46, -12276.493], [-29842.104, -12283.399], [-29837.254, -12288.527], [-29839.19, -12290.452], [-29837.862, -12291.737], [-29836.08, -12289.86], [-29822.298, -12299.28], [-29819.254, -12296.254], [-29816.175, -12293.028], [-29819.353, -12289.744], [-29817.675, -12288.602], [-29821.294, -12285.245], [-29820.593, -12284.416], [-29827.837, -12278.41], [-29829.08, -12279.458], [-29832.011, -12276.945], [-29833.241, -12278.571], [-29835.195, -12276.876], [-29836.033, -12278.053], [-29836.585, -12277.868], [-29838.443, -12276.466]]]}}, {"type": "Feature", "properties": {"nome": "277", "codice": "18", "vertici": 11}, "geometry": {"type": "Polygon", "coordinates": [[[-29936.901, -12424.955], [-29929.379, -12425.755], [-29923.656, -12383.781], [-29921.975, -12384.011], [-29921.211, -12374.987], [-29918.139, -12346.906], [-29930.038, -12345.312], [-29933.557, -12367.413], [-29938.532, -12404.099], [-29940.846, -12420.708], [-29936.901, -12424.955]]]}}, {"type": "Feature", "properties": {"nome": "278", "codice": "12", "vertici": 13}, "geometry": {"type": "Polygon", "coordinates": [[[-29925.724, -12412.015], [-29927.37, -12425.967], [-29925.653, -12425.91], [-29919.171, -12424.081], [-29915.053, -12416.056], [-29914.728, -12411.829], [-29915.832, -12407.826], [-29917.252, -12402.324], [-29921.299, -12391.16], [-29922.13, -12385.845], [-29923.503, -12395.082], [-29924.886, -12404.191], [-29925.724, -12412.015]]]}}, {"type": "Feature", "properties": {"nome": "28", "codice": "18", "vertici": 26}, "geometry": {"type": "Polygon", "coordinates": [[[-30784.084, -11591.811], [-30782.269, -11614.554], [-30780.253, -11615.508], [-30776.973, -11607.511], [-30767.487, -11618.171], [-30771.375, -11626.22], [-30764.81, -11636.436], [-30760.487, -11632.729], [-30756.587, -11631.49], [-30752.483, -11627.751], [-30733.269, -11628.52], [-30727.329, -11627.925], [-30724.664, -11625.993], [-30718.189, -11616.157], [-30732.665, -11602.029], [-30734.563, -11599.372], [-30733.263, -11597.932], [-30732.789, -11592.543], [-30733.738, -11584.853], [-30741.664, -11586.963], [-30752.382, -11587.212], [-30761.505, -11585.162], [-30767.274, -11583.052], [-30775.884, -11581.694], [-30780.938, -11579.609], [-30784.084, -11591.811]]]}}, {"type": "Feature", "properties": {"nome": "29", "codice": "18", "vertici": 10}, "geometry": {"type": "Polygon", "coordinates": [[[-31081.272, -11579.0], [-31078.018, -11588.0], [-31060.425, -11578.469], [-31055.259, -11579.105], [-31054.124, -11575.506], [-31053.651, -11569.115], [-31055.509, -11567.763], [-31067.925, -11567.174], [-31074.164, -11571.685], [-31081.272, -11579.0]]]}}, {"type": "Feature", "properties": {"nome": "3", "codice": "18", "vertici": 12}, "geometry": {"type": "Polygon", "coordinates": [[[-31019.255, -11446.254], [-31017.509, -11448.254], [-31009.763, -11443.509], [-31006.643, -11441.938], [-31001.836, -11441.086], [-30995.509, -11442.509], [-30993.111, -11438.783], [-31003.254, -11433.254], [-31007.995, -11432.853], [-31015.024, -11437.333], [-31012.684, -11441.935], [-31019.255, -11446.254]]]}}, {"type": "Feature", "properties": {"nome": "30", "codice": "18", "vertici": 10}, "geometry": {"type": "Polygon", "coordinates": [[[-30782.269, -11614.554], [-30783.655, -11624.463], [-30777.26, -11648.141], [-30774.023, -11644.3], [-30764.81, -11636.436], [-30771.375, -11626.22], [-30767.487, -11618.171], [-30776.973, -11607.511], [-30780.253, -11615.508], [-30782.269, -11614.554]]]}}, {"type": "Feature", "properties": {"nome": "301", "codice": "12", "vertici": 11}, "geometry": {"type": "Polygon", "coordinates": [[[-29656.509, -11567.017], [-29655.279, -11568.827], [-29646.364, -11580.435], [-29646.136, -11580.731], [-29638.65, -11579.306], [-29640.211, -11570.928], [-29641.362, -11562.23], [-29641.856, -11558.784], [-29654.601, -11560.938], [-29653.018, -11564.018], [-29656.509, -11567.017]]]}}, {"type": "Feature", "properties": {"nome": "302", "codice": "18", "vertici": 8}, "geometry": {"type": "Polygon", "coordinates": [[[-29646.136, -11580.731], [-29643.445, -11587.748], [-29642.685, -11600.34], [-29641.789, -11604.976], [-29636.088, -11601.532], [-29636.26, -11599.674], [-29638.65, -11579.306], [-29646.136, -11580.731]]]}}, {"type": "Feature", "properties": {"nome": "31", "codice": "18", "vertici": 7}, "geometry": {"type": "Polygon", "coordinates": [[[-30701.066, -11630.74], [-30696.952, -11634.338], [-30688.372, -11616.142], [-30686.595, -11607.32], [-30689.404, -11607.722], [-30692.329, -11615.165], [-30701.066, -11630.74]]]}}, {"type": "Feature", "properties": {"nome": "312", "codice": "12", "vertici": 5}, "geometry": {"type": "Polygon", "coordinates": [[[-29857.549, -12191.064], [-29864.683, -12199.299], [-29856.707, -12205.863], [-29849.294, -12197.191], [-29857.549, -12191.064]]]}}, {"type": "Feature", "properties": {"nome": "313", "codice": "12", "vertici": 9}, "geometry": {"type": "Polygon", "coordinates": [[[-29819.508, -11659.763], [-29823.611, -11663.12], [-29797.902, -11692.148], [-29795.085, -11686.759], [-29796.894, -11685.11], [-29801.144, -11680.467], [-29803.094, -11678.332], [-29809.084, -11671.74], [-29819.508, -11659.763]]]}}, {"type": "Feature", "properties": {"nome": "314", "codice": "12", "vertici": 9}, "geometry": {"type": "Polygon", "coordinates": [[[-29676.549, -11546.1], [-29677.671, -11548.529], [-29674.843, -11550.519], [-29672.311, -11546.418], [-29670.211, -11543.059], [-29675.036, -11542.478], [-29675.197, -11542.458], [-29677.327, -11545.393], [-29676.549, -11546.1]]]}}, {"type": "Feature", "properties": {"nome": "317", "codice": "18", "vertici": 12}, "geometry": {"type": "Polygon", "coordinates": [[[-29659.315, -11563.502], [-29656.509, -11567.017], [-29653.018, -11564.018], [-29654.601, -11560.938], [-29641.856, -11558.784], [-29642.984, -11553.509], [-29667.793, -11547.353], [-29668.604, -11548.849], [-29668.945, -11550.039], [-29661.459, -11560.859], [-29661.206, -11561.225], [-29659.315, -11563.502]]]}}, {"type": "Feature", "properties": {"nome": "32", "codice": "18", "vertici": 15}, "geometry": {"type": "Polygon", "coordinates": [[[-31109.56, -11595.862], [-31112.017, -11595.834], [-31109.492, -11599.223], [-31105.764, -11602.509], [-31100.917, -11597.012], [-31095.428, -11597.077], [-31088.626, -11595.207], [-31078.018, -11588.0], [-31081.272, -11579.0], [-31086.272, -11576.763], [-31090.629, -11579.13], [-31090.472, -11583.727], [-31095.144, -11587.029], [-31097.082, -11591.673], [-31109.56, -11595.862]]]}}, {"type": "Feature", "properties": {"nome": "321", "codice": "18", "vertici": 14}, "geometry": {"type": "Polygon", "coordinates": [[[-31038.026, -11443.399], [-31032.366, -11457.687], [-31016.841, -11451.807], [-31008.548, -11447.182], [-31009.013, -11445.933], [-31009.406, -11444.215], [-31009.763, -11443.509], [-31017.509, -11448.254], [-31019.255, -11446.254], [-31012.684, -11441.935], [-31015.024, -11437.333], [-31020.255, -11441.0], [-31030.441, -11442.87], [-31038.026, -11443.399]]]}}, {"type": "Feature", "properties": {"nome": "322", "codice": "18", "vertici": 35}, "geometry": {"type": "Polygon", "coordinates": [[[-30867.395, -11695.16], [-30858.375, -11697.373], [-30848.331, -11701.073], [-30840.297, -11700.483], [-30835.289, -11699.518], [-30836.657, -11689.641], [-30842.102, -11674.06], [-30840.726, -11669.588], [-30834.577, -11672.135], [-30835.16, -11665.063], [-30833.893, -11659.932], [-30825.691, -11660.763], [-30813.149, -11657.838], [-30807.317, -11657.834], [-30791.605, -11658.664], [-30786.8, -11657.404], [-30781.739, -11653.732], [-30777.26, -11648.141], [-30783.655, -11624.463], [-30782.269, -11614.554], [-30784.084, -11591.811], [-30780.938, -11579.609], [-30786.78, -11577.048], [-30789.711, -11574.926], [-30793.632, -11571.756], [-30795.59, -11580.442], [-30800.508, -11584.001], [-30803.777, -11579.917], [-30806.701, -11573.757], [-30820.925, -11565.115], [-30825.541, -11563.932], [-30835.305, -11555.346], [-30836.48, -11553.373], [-30851.78, -11620.967], [-30867.395, -11695.16]]]}}, {"type": "Feature", "properties": {"nome": "323", "codice": "18", "vertici": 6}, "geometry": {"type": "Polygon", "coordinates": [[[-30783.366, -11700.645], [-30782.336, -11706.89], [-30780.254, -11714.51], [-30771.396, -11711.425], [-30758.209, -11683.195], [-30783.366, -11700.645]]]}}, {"type": "Feature", "properties": {"nome": "325", "codice": "12", "vertici": 13}, "geometry": {"type": "Polygon", "coordinates": [[[-30035.133, -11421.319], [-30036.9, -11430.273], [-30034.965, -11430.496], [-30024.706, -11432.027], [-30023.856, -11427.749], [-30018.31, -11428.382], [-30017.882, -11425.077], [-30013.97, -11425.798], [-30021.506, -11421.021], [-30020.254, -11419.017], [-30033.148, -11413.443], [-30033.318, -11421.542], [-30035.133, -11421.319]]]}}, {"type": "Feature", "properties": {"nome": "326", "codice": "18", "vertici": 17}, "geometry": {"type": "Polygon", "coordinates": [[[-30040.378, -11465.904], [-30043.272, -11474.509], [-30034.754, -11476.923], [-30022.854, -11482.381], [-30020.15, -11477.426], [-30026.542, -11474.127], [-30020.24, -11452.264], [-30018.459, -11437.764], [-30017.134, -11432.513], [-30018.25, -11430.387], [-30018.31, -11428.382], [-30023.856, -11427.749], [-30024.706, -11432.027], [-30034.965, -11430.496], [-30039.251, -11449.055], [-30040.436, -11460.959], [-30040.378, -11465.904]]]}}, {"type": "Feature", "properties": {"nome": "328", "codice": "18", "vertici": 33}, "geometry": {"type": "Polygon", "coordinates": [[[-30761.088, -11494.422], [-30761.879, -11498.613], [-30760.535, -11498.867], [-30755.365, -11500.402], [-30755.737, -11502.746], [-30752.553, -11503.667], [-30746.236, -11509.376], [-30747.334, -11511.368], [-30742.533, -11515.709], [-30747.274, -11524.414], [-30749.136, -11528.746], [-30748.807, -11532.232], [-30747.855, -11533.663], [-30744.57, -11537.021], [-30734.454, -11541.291], [-30723.621, -11544.454], [-30721.999, -11549.254], [-30714.854, -11547.31], [-30720.213, -11537.706], [-30724.287, -11524.695], [-30724.284, -11515.137], [-30725.41, -11507.822], [-30721.577, -11493.709], [-30722.495, -11490.225], [-30731.267, -11474.712], [-30743.439, -11475.014], [-30746.95, -11476.058], [-30758.039, -11471.816], [-30760.764, -11475.254], [-30759.018, -11478.474], [-30760.639, -11483.02], [-30761.879, -11488.489], [-30761.088, -11494.422]]]}}, {"type": "Feature", "properties": {"nome": "329", "codice": "18", "vertici": 18}, "geometry": {"type": "Polygon", "coordinates": [[[-30772.049, -11554.197], [-30770.338, -11556.652], [-30763.663, -11575.638], [-30761.109, -11581.785], [-30761.505, -11585.162], [-30752.382, -11587.212], [-30741.664, -11586.963], [-30733.738, -11584.853], [-30731.26, -11580.117], [-30729.758, -11567.943], [-30728.575, -11564.928], [-30729.855, -11558.706], [-30726.018, -11553.509], [-30732.055, -11551.945], [-30746.168, -11550.551], [-30754.327, -11548.761], [-30762.509, -11548.746], [-30772.049, -11554.197]]]}}, {"type": "Feature", "properties": {"nome": "33", "codice": "18", "vertici": 24}, "geometry": {"type": "Polygon", "coordinates": [[[-31013.888, -11641.986], [-31016.485, -11646.41], [-30996.452, -11654.758], [-30989.886, -11660.105], [-30985.536, -11671.017], [-30979.679, -11673.964], [-30966.908, -11678.207], [-30961.018, -11685.254], [-30957.859, -11686.446], [-30955.026, -11678.512], [-30954.009, -11673.127], [-30953.028, -11666.071], [-30950.533, -11659.836], [-30951.32, -11652.486], [-30949.975, -11641.574], [-30967.787, -11637.846], [-30972.779, -11634.816], [-30982.272, -11630.272], [-30989.563, -11625.775], [-31000.176, -11623.489], [-31002.198, -11622.633], [-31006.621, -11629.695], [-31011.156, -11633.838], [-31013.888, -11641.986]]]}}, {"type": "Feature", "properties": {"nome": "330", "codice": "18", "vertici": 50}, "geometry": {"type": "LineString", "coordinates": [[-30561.368, -11668.919], [-30559.97, -11670.211], [-30542.051, -11680.471], [-30534.834, -11686.142], [-30532.763, -11687.271], [-30529.224, -11689.482], [-30525.185, -11690.999], [-30522.85, -11691.239], [-30519.824, -11693.345], [-30519.509, -11701.527], [-30514.255, -11700.563], [-30502.154, -11698.411], [-30492.494, -11698.072], [-30488.79, -11698.498], [-30488.451, -11695.301], [-30487.147, -11694.082], [-30485.999, -11690.28], [-30484.708, -11684.887], [-30485.743, -11681.505], [-30483.139, -11674.801], [-30483.682, -11673.443], [-30481.263, -11668.436], [-30479.286, -11662.228], [-30479.211, -11653.296], [-30470.553, -11653.189], [-30467.462, -11652.847], [-30467.248, -11650.95], [-30466.867, -11644.716], [-30489.235, -11638.576], [-30498.959, -11630.981], [-30509.365, -11626.001], [-30514.058, -11627.573], [-30515.912, -11643.071], [-30532.199, -11646.297], [-30545.614, -11645.665], [-30547.62, -11648.789], [-30546.77, -11649.605], [-30561.368, -11668.919], [-30516.971, -11694.002], [-30518.047, -11686.474], [-30509.675, -11685.35], [-30508.647, -11692.565], [-30516.971, -11694.002], [-30515.941, -11677.331], [-30515.622, -11673.273], [-30500.446, -11675.062], [-30500.917, -11678.548], [-30504.82, -11678.314], [-30504.895, -11678.946], [-30515.941, -11677.331]]}}, {"type": "Feature", "properties": {"nome": "331", "codice": "18", "vertici": 27}, "geometry": {"type": "Polygon", "coordinates": [[[-30456.254, -11763.781], [-30457.313, -11768.549], [-30450.902, -11774.33], [-30450.141, -11777.572], [-30436.391, -11777.546], [-30415.646, -11768.638], [-30388.594, -11773.039], [-30373.558, -11781.22], [-30369.703, -11770.014], [-30360.267, -11774.295], [-30339.776, -11777.962], [-30339.041, -11776.438], [-30363.457, -11769.025], [-30369.209, -11763.439], [-30365.393, -11755.776], [-30378.137, -11754.872], [-30385.004, -11755.155], [-30393.399, -11752.819], [-30400.417, -11750.131], [-30401.921, -11749.731], [-30404.601, -11750.104], [-30408.118, -11750.509], [-30416.0, -11750.247], [-30433.704, -11755.095], [-30449.412, -11762.598], [-30451.055, -11762.735], [-30456.254, -11763.781]]]}}, {"type": "Feature", "properties": {"nome": "332", "codice": "18", "vertici": 14}, "geometry": {"type": "Polygon", "coordinates": [[[-30152.032, -11851.175], [-30136.132, -11866.676], [-30128.396, -11877.025], [-30123.744, -11885.536], [-30117.807, -11899.996], [-30114.494, -11910.314], [-30095.503, -11910.963], [-30096.587, -11907.197], [-30099.574, -11895.639], [-30104.427, -11885.103], [-30113.881, -11868.221], [-30127.858, -11840.746], [-30134.017, -11835.756], [-30152.032, -11851.175]]]}}, {"type": "Feature", "properties": {"nome": "333", "codice": "18", "vertici": 41}, "geometry": {"type": "Polygon", "coordinates": [[[-30166.269, -11922.087], [-30187.974, -11907.588], [-30187.894, -11922.24], [-30183.801, -11936.516], [-30183.833, -11944.397], [-30185.345, -11947.6], [-30182.746, -11947.509], [-30170.778, -11947.084], [-30165.226, -11980.586], [-30163.82, -11989.158], [-30159.337, -11987.282], [-30156.059, -11986.545], [-30145.746, -11984.0], [-30146.03, -11979.149], [-30145.443, -11963.665], [-30146.263, -11952.242], [-30144.518, -11945.188], [-30142.07, -11944.755], [-30137.243, -11944.447], [-30134.16, -11937.738], [-30131.815, -11937.821], [-30130.016, -11928.834], [-30129.147, -11918.394], [-30133.007, -11911.034], [-30134.377, -11911.8], [-30131.254, -11922.509], [-30136.509, -11923.764], [-30135.496, -11926.681], [-30137.487, -11927.325], [-30137.593, -11926.298], [-30138.571, -11926.442], [-30138.965, -11924.315], [-30143.81, -11925.356], [-30145.902, -11913.834], [-30139.512, -11913.044], [-30140.538, -11910.884], [-30144.555, -11911.606], [-30148.76, -11904.346], [-30159.835, -11909.522], [-30160.789, -11916.967], [-30166.269, -11922.087]]]}}, {"type": "Feature", "properties": {"nome": "334", "codice": "18", "vertici": 46}, "geometry": {"type": "Polygon", "coordinates": [[[-30158.657, -11855.494], [-30165.023, -11861.569], [-30156.204, -11868.399], [-30150.905, -11872.949], [-30146.735, -11878.35], [-30141.841, -11887.204], [-30137.909, -11896.578], [-30133.007, -11911.034], [-30129.147, -11918.394], [-30130.016, -11928.834], [-30131.815, -11937.821], [-30134.16, -11937.738], [-30137.243, -11944.447], [-30142.07, -11944.755], [-30144.518, -11945.188], [-30146.263, -11952.242], [-30145.443, -11963.665], [-30146.03, -11979.149], [-30145.746, -11984.0], [-30139.479, -11982.624], [-30135.388, -11978.884], [-30131.515, -11978.612], [-30130.075, -11976.387], [-30126.761, -11975.367], [-30126.515, -11968.325], [-30124.816, -11960.115], [-30124.451, -11952.134], [-30123.333, -11948.168], [-30115.081, -11950.767], [-30106.483, -11951.119], [-30102.049, -11951.322], [-30101.359, -11944.614], [-30096.493, -11945.214], [-30096.072, -11938.561], [-30091.763, -11938.509], [-30091.588, -11945.231], [-30087.763, -11945.018], [-30092.044, -11927.149], [-30095.503, -11910.963], [-30114.494, -11910.314], [-30117.807, -11899.996], [-30123.744, -11885.536], [-30128.396, -11877.025], [-30136.132, -11866.676], [-30152.032, -11851.175], [-30158.657, -11855.494]]]}}, {"type": "Feature", "properties": {"nome": "335", "codice": "18", "vertici": 18}, "geometry": {"type": "Polygon", "coordinates": [[[-30126.515, -11968.325], [-30126.761, -11975.367], [-30123.511, -11974.669], [-30120.186, -11982.516], [-30113.419, -11993.034], [-30109.738, -12003.451], [-30107.49, -12010.746], [-30100.029, -12006.347], [-30094.491, -12002.254], [-30101.695, -11984.823], [-30108.043, -11968.795], [-30107.966, -11959.785], [-30106.483, -11951.119], [-30115.081, -11950.767], [-30123.333, -11948.168], [-30124.451, -11952.134], [-30124.816, -11960.115], [-30126.515, -11968.325]]]}}, {"type": "Feature", "properties": {"nome": "336", "codice": "18", "vertici": 26}, "geometry": {"type": "LineString", "coordinates": [[-30190.224, -11899.169], [-30188.126, -11903.325], [-30187.974, -11907.588], [-30166.269, -11922.087], [-30160.789, -11916.967], [-30159.835, -11909.522], [-30148.76, -11904.346], [-30144.555, -11911.606], [-30140.538, -11910.884], [-30139.512, -11913.044], [-30138.085, -11912.738], [-30141.381, -11903.147], [-30146.435, -11895.715], [-30151.419, -11887.99], [-30157.827, -11880.851], [-30173.156, -11868.68], [-30186.045, -11879.603], [-30186.558, -11893.489], [-30190.224, -11899.169], [-30146.255, -11905.017], [-30143.0, -11904.018], [-30141.609, -11907.026], [-30140.691, -11908.759], [-30143.416, -11909.702], [-30144.254, -11907.763], [-30146.255, -11905.017]]}}, {"type": "Feature", "properties": {"nome": "337", "codice": "12", "vertici": 13}, "geometry": {"type": "Polygon", "coordinates": [[[-30197.216, -11976.07], [-30187.875, -12002.493], [-30186.558, -12007.751], [-30181.157, -12014.152], [-30180.062, -12022.141], [-30170.062, -12017.963], [-30177.564, -11998.745], [-30179.549, -11994.728], [-30186.966, -11976.661], [-30189.081, -11967.52], [-30182.746, -11947.509], [-30185.345, -11947.6], [-30197.216, -11976.07]]]}}, {"type": "Feature", "properties": {"nome": "338", "codice": "18", "vertici": 9}, "geometry": {"type": "Polygon", "coordinates": [[[-30180.062, -12022.141], [-30178.795, -12031.061], [-30174.603, -12040.825], [-30166.768, -12049.176], [-30162.686, -12043.705], [-30158.736, -12040.835], [-30163.733, -12034.88], [-30170.062, -12017.963], [-30180.062, -12022.141]]]}}, {"type": "Feature", "properties": {"nome": "339", "codice": "18", "vertici": 7}, "geometry": {"type": "Polygon", "coordinates": [[[-30161.001, -11988.764], [-30160.254, -11992.0], [-30159.609, -11994.254], [-30156.501, -11993.526], [-30157.254, -11991.255], [-30158.254, -11988.272], [-30161.001, -11988.764]]]}}, {"type": "Feature", "properties": {"nome": "34", "codice": "18", "vertici": 17}, "geometry": {"type": "Polygon", "coordinates": [[[-30955.026, -11678.512], [-30957.859, -11686.446], [-30942.655, -11691.678], [-30919.419, -11704.186], [-30914.254, -11705.272], [-30907.528, -11697.503], [-30906.824, -11692.234], [-30894.486, -11689.168], [-30895.854, -11686.438], [-30885.991, -11665.857], [-30899.141, -11659.053], [-30912.216, -11657.288], [-30919.763, -11660.405], [-30926.578, -11664.575], [-30927.075, -11680.535], [-30954.009, -11673.127], [-30955.026, -11678.512]]]}}, {"type": "Feature", "properties": {"nome": "340", "codice": "12", "vertici": 12}, "geometry": {"type": "Polygon", "coordinates": [[[-30093.58, -11956.71], [-30093.678, -11957.711], [-30093.254, -11961.254], [-30091.475, -11967.322], [-30089.735, -11967.223], [-30084.289, -11966.087], [-30083.43, -11966.006], [-30081.158, -11965.793], [-30083.691, -11958.187], [-30086.362, -11958.347], [-30086.764, -11956.509], [-30093.58, -11956.71]]]}}, {"type": "Feature", "properties": {"nome": "343", "codice": "18", "vertici": 19}, "geometry": {"type": "Polygon", "coordinates": [[[-29979.025, -11694.351], [-29977.201, -11701.233], [-29976.85, -11702.557], [-29974.864, -11711.275], [-29950.208, -11697.198], [-29942.704, -11687.874], [-29930.495, -11681.617], [-29933.233, -11671.179], [-29934.63, -11668.336], [-29937.508, -11665.017], [-29939.298, -11665.998], [-29946.477, -11668.768], [-29958.355, -11671.059], [-29957.375, -11678.965], [-29956.575, -11688.742], [-29956.757, -11694.412], [-29968.43, -11693.317], [-29975.567, -11693.733], [-29979.025, -11694.351]]]}}, {"type": "Feature", "properties": {"nome": "344", "codice": "18", "vertici": 33}, "geometry": {"type": "Polygon", "coordinates": [[[-31166.248, -11468.532], [-31160.016, -11480.476], [-31152.651, -11491.787], [-31149.068, -11500.894], [-31146.539, -11511.079], [-31149.675, -11520.349], [-31149.249, -11525.399], [-31145.83, -11529.326], [-31141.972, -11545.519], [-31127.624, -11562.603], [-31119.025, -11569.954], [-31116.238, -11575.986], [-31116.763, -11582.018], [-31112.143, -11580.962], [-31108.755, -11578.484], [-31110.792, -11571.446], [-31109.957, -11561.187], [-31127.598, -11548.208], [-31107.522, -11527.596], [-31113.0, -11523.112], [-31117.195, -11516.859], [-31129.35, -11493.043], [-31130.573, -11486.316], [-31107.778, -11458.95], [-31109.958, -11456.375], [-31099.892, -11447.167], [-31092.763, -11439.254], [-31087.253, -11434.018], [-31093.926, -11427.446], [-31100.278, -11421.902], [-31102.22, -11419.052], [-31107.191, -11409.538], [-31166.248, -11468.532]]]}}, {"type": "Feature", "properties": {"nome": "347", "codice": "18", "vertici": 11}, "geometry": {"type": "Polygon", "coordinates": [[[-30883.915, -11542.36], [-30893.762, -11543.746], [-30867.395, -11695.16], [-30851.78, -11620.967], [-30836.48, -11553.373], [-30836.638, -11552.547], [-30843.997, -11548.911], [-30852.957, -11545.739], [-30861.73, -11543.928], [-30873.384, -11542.804], [-30883.915, -11542.36]]]}}, {"type": "Feature", "properties": {"nome": "348", "codice": "18", "vertici": 34}, "geometry": {"type": "Polygon", "coordinates": [[[-31100.917, -11597.012], [-31105.764, -11602.509], [-31100.144, -11607.817], [-31074.278, -11595.844], [-31050.197, -11594.549], [-31036.926, -11612.04], [-31035.356, -11628.566], [-31028.539, -11636.385], [-31016.485, -11646.41], [-31013.888, -11641.986], [-31011.156, -11633.838], [-31006.621, -11629.695], [-31002.198, -11622.633], [-31000.267, -11619.634], [-31009.356, -11617.775], [-31015.529, -11614.097], [-31011.7, -11606.096], [-31021.748, -11598.333], [-31026.608, -11593.182], [-31015.88, -11584.507], [-31012.064, -11580.52], [-31013.884, -11575.251], [-31006.463, -11571.653], [-31017.14, -11553.472], [-31024.193, -11562.392], [-31031.616, -11574.315], [-31035.474, -11579.864], [-31054.124, -11575.506], [-31055.259, -11579.105], [-31060.425, -11578.469], [-31078.018, -11588.0], [-31088.626, -11595.207], [-31095.428, -11597.077], [-31100.917, -11597.012]]]}}, {"type": "Feature", "properties": {"nome": "35", "codice": "18", "vertici": 23}, "geometry": {"type": "Polygon", "coordinates": [[[-30840.726, -11669.588], [-30842.102, -11674.06], [-30831.845, -11677.656], [-30830.051, -11677.445], [-30815.844, -11673.003], [-30808.477, -11672.022], [-30805.526, -11672.361], [-30802.613, -11673.274], [-30795.292, -11674.271], [-30791.75, -11673.484], [-30784.011, -11669.993], [-30776.67, -11664.259], [-30777.26, -11648.141], [-30781.739, -11653.732], [-30786.8, -11657.404], [-30791.605, -11658.664], [-30807.317, -11657.834], [-30813.149, -11657.838], [-30825.691, -11660.763], [-30833.893, -11659.932], [-30835.16, -11665.063], [-30834.577, -11672.135], [-30840.726, -11669.588]]]}}, {"type": "Feature", "properties": {"nome": "354", "codice": "12", "vertici": 8}, "geometry": {"type": "Polygon", "coordinates": [[[-29899.015, -11658.029], [-29900.568, -11658.628], [-29898.594, -11666.411], [-29891.11, -11659.22], [-29886.55, -11654.863], [-29886.877, -11654.713], [-29890.017, -11653.272], [-29899.015, -11658.029]]]}}, {"type": "Feature", "properties": {"nome": "356", "codice": "18", "vertici": 15}, "geometry": {"type": "Polygon", "coordinates": [[[-29970.509, -12172.981], [-29968.764, -12178.237], [-29953.739, -12193.206], [-29942.887, -12204.968], [-29941.992, -12209.874], [-29942.837, -12212.242], [-29944.984, -12213.501], [-29915.614, -12258.004], [-29912.498, -12255.514], [-29913.225, -12253.707], [-29903.24, -12245.569], [-29904.364, -12244.207], [-29929.375, -12215.686], [-29939.413, -12205.446], [-29970.509, -12172.981]]]}}, {"type": "Feature", "properties": {"nome": "357", "codice": "18", "vertici": 8}, "geometry": {"type": "Polygon", "coordinates": [[[-29846.44, -12350.322], [-29849.585, -12356.147], [-29826.049, -12389.327], [-29823.141, -12374.998], [-29810.215, -12365.957], [-29829.275, -12348.67], [-29837.436, -12342.638], [-29846.44, -12350.322]]]}}, {"type": "Feature", "properties": {"nome": "358", "codice": "12", "vertici": 7}, "geometry": {"type": "Polygon", "coordinates": [[[-29862.88, -12337.065], [-29867.273, -12341.702], [-29857.567, -12352.016], [-29861.167, -12357.106], [-29854.326, -12365.051], [-29849.585, -12356.147], [-29862.88, -12337.065]]]}}, {"type": "Feature", "properties": {"nome": "36", "codice": "18", "vertici": 40}, "geometry": {"type": "Polygon", "coordinates": [[[-30842.102, -11674.06], [-30836.657, -11689.641], [-30818.426, -11691.749], [-30805.378, -11692.218], [-30785.764, -11688.018], [-30787.308, -11684.031], [-30780.66, -11680.26], [-30771.795, -11667.336], [-30761.628, -11673.09], [-30758.209, -11683.195], [-30724.81, -11670.93], [-30714.763, -11676.272], [-30708.654, -11674.217], [-30706.684, -11672.823], [-30701.97, -11669.794], [-30695.018, -11666.763], [-30697.324, -11664.573], [-30701.308, -11656.296], [-30706.316, -11653.481], [-30717.436, -11638.355], [-30724.664, -11625.993], [-30727.329, -11627.925], [-30733.269, -11628.52], [-30752.483, -11627.751], [-30756.587, -11631.49], [-30760.487, -11632.729], [-30764.81, -11636.436], [-30774.023, -11644.3], [-30777.26, -11648.141], [-30776.67, -11664.259], [-30784.011, -11669.993], [-30791.75, -11673.484], [-30795.292, -11674.271], [-30802.613, -11673.274], [-30805.526, -11672.361], [-30808.477, -11672.022], [-30815.844, -11673.003], [-30830.051, -11677.445], [-30831.845, -11677.656], [-30842.102, -11674.06]]]}}, {"type": "Feature", "properties": {"nome": "360", "codice": "18", "vertici": 48}, "geometry": {"type": "Polygon", "coordinates": [[[-30577.277, -11599.885], [-30577.099, -11601.808], [-30575.354, -11605.016], [-30573.143, -11609.187], [-30571.555, -11614.175], [-30564.975, -11621.702], [-30564.57, -11624.931], [-30565.445, -11625.556], [-30562.231, -11630.45], [-30562.819, -11632.999], [-30547.62, -11648.789], [-30545.614, -11645.665], [-30540.481, -11634.656], [-30533.23, -11633.172], [-30529.149, -11630.884], [-30529.179, -11620.35], [-30530.846, -11620.664], [-30532.01, -11616.746], [-30537.162, -11615.97], [-30541.197, -11614.073], [-30546.951, -11608.335], [-30550.515, -11600.998], [-30557.254, -11590.254], [-30550.763, -11587.509], [-30547.089, -11594.875], [-30542.916, -11600.041], [-30530.606, -11607.673], [-30529.874, -11603.86], [-30525.015, -11602.346], [-30519.536, -11599.788], [-30504.199, -11594.209], [-30496.955, -11596.413], [-30487.796, -11601.266], [-30484.079, -11602.762], [-30483.834, -11601.067], [-30483.527, -11599.647], [-30487.528, -11596.998], [-30501.015, -11590.24], [-30509.509, -11590.509], [-30511.652, -11575.19], [-30517.009, -11574.582], [-30522.536, -11574.882], [-30529.641, -11577.11], [-30534.509, -11577.491], [-30533.626, -11582.028], [-30536.549, -11581.439], [-30538.878, -11578.999], [-30577.277, -11599.885]]]}}, {"type": "Feature", "properties": {"nome": "363", "codice": "18", "vertici": 13}, "geometry": {"type": "Polygon", "coordinates": [[[-30185.613, -11872.88], [-30186.045, -11879.603], [-30173.156, -11868.68], [-30169.878, -11866.206], [-30165.023, -11861.569], [-30158.657, -11855.494], [-30152.032, -11851.175], [-30134.017, -11835.756], [-30147.207, -11823.802], [-30164.711, -11809.794], [-30167.289, -11808.506], [-30181.317, -11828.11], [-30185.613, -11872.88]]]}}, {"type": "Feature", "properties": {"nome": "364", "codice": "12", "vertici": 11}, "geometry": {"type": "Polygon", "coordinates": [[[-30209.761, -11804.582], [-30203.974, -11807.282], [-30203.296, -11805.699], [-30208.059, -11803.065], [-30205.659, -11798.406], [-30203.634, -11794.52], [-30199.207, -11797.004], [-30196.501, -11792.037], [-30198.097, -11791.002], [-30202.582, -11788.268], [-30209.761, -11804.582]]]}}, {"type": "Feature", "properties": {"nome": "365", "codice": "12", "vertici": 9}, "geometry": {"type": "Polygon", "coordinates": [[[-30203.296, -11805.699], [-30203.974, -11807.282], [-30196.711, -11810.716], [-30189.493, -11796.555], [-30196.501, -11792.037], [-30199.207, -11797.004], [-30194.823, -11799.488], [-30198.842, -11808.153], [-30203.296, -11805.699]]]}}, {"type": "Feature", "properties": {"nome": "368", "codice": "18", "vertici": 10}, "geometry": {"type": "Polygon", "coordinates": [[[-29828.836, -11525.828], [-29829.798, -11532.389], [-29826.262, -11534.204], [-29808.227, -11543.316], [-29802.403, -11533.426], [-29791.654, -11514.841], [-29800.187, -11511.475], [-29811.931, -11512.195], [-29822.701, -11510.834], [-29828.836, -11525.828]]]}}, {"type": "Feature", "properties": {"nome": "37", "codice": "18", "vertici": 20}, "geometry": {"type": "Polygon", "coordinates": [[[-30701.93, -11643.213], [-30701.987, -11644.993], [-30701.056, -11648.408], [-30696.942, -11651.924], [-30695.212, -11656.239], [-30695.859, -11660.906], [-30694.792, -11663.582], [-30695.018, -11666.763], [-30689.395, -11671.432], [-30687.231, -11675.632], [-30685.413, -11674.954], [-30686.538, -11684.046], [-30682.018, -11684.763], [-30678.135, -11674.177], [-30676.893, -11666.814], [-30679.69, -11660.14], [-30694.022, -11653.195], [-30700.091, -11646.001], [-30698.969, -11642.246], [-30701.93, -11643.213]]]}}, {"type": "Feature", "properties": {"nome": "370", "codice": "18", "vertici": 26}, "geometry": {"type": "Polygon", "coordinates": [[[-29890.974, -11537.36], [-29879.997, -11557.074], [-29879.965, -11557.13], [-29878.508, -11559.746], [-29869.677, -11557.71], [-29867.619, -11557.351], [-29864.615, -11568.104], [-29862.116, -11577.206], [-29862.917, -11577.495], [-29862.62, -11578.508], [-29865.335, -11578.69], [-29869.208, -11579.866], [-29866.861, -11585.662], [-29851.773, -11582.236], [-29847.092, -11581.219], [-29837.226, -11568.743], [-29842.027, -11564.362], [-29842.536, -11561.94], [-29841.974, -11554.399], [-29843.542, -11548.438], [-29846.109, -11545.194], [-29848.893, -11543.119], [-29852.959, -11540.411], [-29857.382, -11539.371], [-29858.426, -11538.835], [-29890.974, -11537.36]]]}}, {"type": "Feature", "properties": {"nome": "372", "codice": "12", "vertici": 11}, "geometry": {"type": "Polygon", "coordinates": [[[-29965.001, -11883.763], [-29963.858, -11885.594], [-29957.888, -11892.144], [-29952.0, -11899.509], [-29947.677, -11905.482], [-29942.024, -11901.748], [-29946.755, -11895.684], [-29947.754, -11894.656], [-29954.803, -11886.837], [-29961.722, -11879.149], [-29965.001, -11883.763]]]}}, {"type": "Feature", "properties": {"nome": "373", "codice": "18", "vertici": 27}, "geometry": {"type": "LineString", "coordinates": [[-29960.278, -11958.831], [-29953.159, -11982.186], [-29946.102, -12003.085], [-29937.816, -12020.05], [-29932.085, -12030.256], [-29923.769, -12025.776], [-29919.32, -12025.059], [-29917.823, -12026.904], [-29901.301, -12023.397], [-29886.127, -12017.312], [-29875.777, -12014.601], [-29899.277, -11973.565], [-29912.117, -11958.745], [-29904.383, -11951.258], [-29910.182, -11942.416], [-29913.057, -11933.824], [-29916.637, -11926.239], [-29921.383, -11930.371], [-29926.567, -11933.767], [-29942.339, -11945.437], [-29953.104, -11952.942], [-29960.278, -11958.831], [-29944.327, -11963.984], [-29940.671, -11961.608], [-29934.557, -11972.077], [-29938.086, -11974.39], [-29944.327, -11963.984]]}}, {"type": "Feature", "properties": {"nome": "374", "codice": "18", "vertici": 20}, "geometry": {"type": "Polygon", "coordinates": [[[-29926.762, -12038.866], [-29926.31, -12048.37], [-29924.926, -12053.742], [-29925.412, -12060.248], [-29921.239, -12083.736], [-29920.296, -12087.539], [-29918.465, -12087.432], [-29907.692, -12087.158], [-29903.779, -12086.935], [-29905.014, -12080.341], [-29905.261, -12078.956], [-29905.792, -12076.181], [-29908.215, -12063.253], [-29908.985, -12059.116], [-29902.576, -12046.568], [-29904.753, -12042.605], [-29915.792, -12032.771], [-29922.222, -12033.633], [-29924.955, -12036.884], [-29926.762, -12038.866]]]}}, {"type": "Feature", "properties": {"nome": "375", "codice": "18", "vertici": 14}, "geometry": {"type": "Polygon", "coordinates": [[[-29892.378, -12086.718], [-29882.872, -12086.431], [-29895.485, -12058.87], [-29902.576, -12046.568], [-29908.985, -12059.116], [-29908.215, -12063.253], [-29905.792, -12076.181], [-29905.261, -12078.956], [-29905.014, -12080.341], [-29903.779, -12086.935], [-29901.439, -12086.991], [-29896.639, -12086.846], [-29894.699, -12086.793], [-29892.378, -12086.718]]]}}, {"type": "Feature", "properties": {"nome": "377", "codice": "18", "vertici": 15}, "geometry": {"type": "Polygon", "coordinates": [[[-29886.0, -12165.196], [-29901.978, -12194.186], [-29882.736, -12211.496], [-29879.488, -12205.088], [-29862.336, -12175.449], [-29858.733, -12168.465], [-29861.106, -12166.525], [-29863.752, -12162.02], [-29865.944, -12155.774], [-29869.96, -12154.061], [-29871.891, -12154.448], [-29878.686, -12163.004], [-29879.62, -12163.586], [-29881.83, -12164.638], [-29886.0, -12165.196]]]}}, {"type": "Feature", "properties": {"nome": "378", "codice": "12", "vertici": 6}, "geometry": {"type": "Polygon", "coordinates": [[[-29915.288, -12172.181], [-29913.079, -12173.447], [-29897.362, -12181.657], [-29888.052, -12164.525], [-29906.49, -12154.458], [-29915.288, -12172.181]]]}}, {"type": "Feature", "properties": {"nome": "379", "codice": "18", "vertici": 12}, "geometry": {"type": "Polygon", "coordinates": [[[-30050.5, -11607.345], [-30062.142, -11627.98], [-30051.019, -11634.51], [-30046.895, -11627.549], [-30043.816, -11625.433], [-30040.834, -11623.169], [-30038.436, -11620.639], [-30040.301, -11608.247], [-30042.509, -11602.763], [-30029.509, -11595.762], [-30030.585, -11593.309], [-30050.5, -11607.345]]]}}, {"type": "Feature", "properties": {"nome": "38", "codice": "18", "vertici": 13}, "geometry": {"type": "Polygon", "coordinates": [[[-30907.528, -11697.503], [-30914.254, -11705.272], [-30905.746, -11707.527], [-30889.745, -11704.781], [-30883.715, -11706.348], [-30879.937, -11705.93], [-30870.336, -11708.455], [-30867.395, -11695.16], [-30886.944, -11696.249], [-30888.717, -11693.137], [-30894.486, -11689.168], [-30906.824, -11692.234], [-30907.528, -11697.503]]]}}, {"type": "Feature", "properties": {"nome": "381", "codice": "12", "vertici": 12}, "geometry": {"type": "Polygon", "coordinates": [[[-30094.918, -11969.438], [-30091.174, -11978.478], [-30090.221, -11980.697], [-30088.954, -11980.15], [-30077.898, -11975.388], [-30081.158, -11965.793], [-30082.65, -11966.55], [-30083.43, -11966.006], [-30084.289, -11966.087], [-30089.735, -11967.223], [-30091.314, -11967.895], [-30094.918, -11969.438]]]}}, {"type": "Feature", "properties": {"nome": "382", "codice": "18", "vertici": 8}, "geometry": {"type": "Polygon", "coordinates": [[[-30041.509, -12068.43], [-30040.144, -12077.518], [-30036.093, -12094.423], [-30030.885, -12102.447], [-30028.846, -12101.0], [-30030.281, -12098.247], [-30033.115, -12091.438], [-30041.509, -12068.43]]]}}, {"type": "Feature", "properties": {"nome": "383", "codice": "18", "vertici": 5}, "geometry": {"type": "Polygon", "coordinates": [[[-30028.846, -12101.0], [-30030.885, -12102.447], [-30015.896, -12122.383], [-30012.827, -12125.793], [-30028.846, -12101.0]]]}}, {"type": "Feature", "properties": {"nome": "388", "codice": "18", "vertici": 5}, "geometry": {"type": "Polygon", "coordinates": [[[-30006.711, -12085.117], [-30003.966, -12084.066], [-29989.462, -12076.611], [-29993.658, -12075.254], [-30006.711, -12085.117]]]}}, {"type": "Feature", "properties": {"nome": "39", "codice": "18", "vertici": 11}, "geometry": {"type": "Polygon", "coordinates": [[[-30867.395, -11695.16], [-30870.336, -11708.455], [-30856.482, -11713.548], [-30851.134, -11713.101], [-30838.254, -11708.272], [-30833.705, -11709.022], [-30835.289, -11699.518], [-30840.297, -11700.483], [-30848.331, -11701.073], [-30858.375, -11697.373], [-30867.395, -11695.16]]]}}, {"type": "Feature", "properties": {"nome": "397", "codice": "12", "vertici": 4}, "geometry": {"type": "Polygon", "coordinates": [[[-29913.079, -12173.447], [-29898.415, -12183.465], [-29897.362, -12181.657], [-29913.079, -12173.447]]]}}, {"type": "Feature", "properties": {"nome": "399", "codice": "18", "vertici": 7}, "geometry": {"type": "Polygon", "coordinates": [[[-29903.804, -12192.971], [-29901.978, -12194.186], [-29886.0, -12165.196], [-29888.052, -12164.525], [-29897.362, -12181.657], [-29898.415, -12183.465], [-29903.804, -12192.971]]]}}, {"type": "Feature", "properties": {"nome": "4", "codice": "18", "vertici": 17}, "geometry": {"type": "Polygon", "coordinates": [[[-30986.03, -11451.125], [-30988.617, -11453.981], [-30986.466, -11457.638], [-30985.07, -11459.098], [-30983.759, -11457.231], [-30982.063, -11454.538], [-30979.762, -11456.254], [-30969.167, -11459.915], [-30970.011, -11454.282], [-30977.003, -11452.086], [-30977.077, -11451.71], [-30984.764, -11444.254], [-30987.01, -11447.207], [-30987.588, -11448.32], [-30985.434, -11449.563], [-30986.324, -11450.845], [-30986.03, -11451.125]]]}}, {"type": "Feature", "properties": {"nome": "40", "codice": "18", "vertici": 13}, "geometry": {"type": "Polygon", "coordinates": [[[-30836.657, -11689.641], [-30835.289, -11699.518], [-30833.705, -11709.022], [-30824.477, -11710.301], [-30815.435, -11713.357], [-30815.169, -11707.273], [-30821.149, -11706.653], [-30820.234, -11701.696], [-30783.366, -11700.645], [-30785.764, -11688.018], [-30805.378, -11692.218], [-30818.426, -11691.749], [-30836.657, -11689.641]]]}}, {"type": "Feature", "properties": {"nome": "400", "codice": "12", "vertici": 21}, "geometry": {"type": "Polygon", "coordinates": [[[-29961.77, -12137.015], [-29965.522, -12140.225], [-29947.432, -12151.726], [-29941.236, -12155.662], [-29927.721, -12145.578], [-29929.959, -12144.111], [-29920.839, -12140.006], [-29913.275, -12132.234], [-29909.001, -12124.783], [-29913.543, -12123.326], [-29921.49, -12133.769], [-29924.038, -12134.56], [-29927.71, -12135.442], [-29932.043, -12135.062], [-29936.305, -12134.446], [-29939.821, -12133.204], [-29941.689, -12132.711], [-29944.357, -12136.496], [-29952.654, -12132.797], [-29955.255, -12133.363], [-29961.77, -12137.015]]]}}, {"type": "Feature", "properties": {"nome": "403", "codice": "18", "vertici": 17}, "geometry": {"type": "Polygon", "coordinates": [[[-29929.898, -12193.725], [-29939.413, -12205.446], [-29929.375, -12215.686], [-29904.364, -12244.207], [-29901.94, -12241.683], [-29900.363, -12243.208], [-29897.12, -12240.556], [-29880.378, -12224.721], [-29886.367, -12219.752], [-29882.736, -12211.496], [-29901.978, -12194.186], [-29903.804, -12192.971], [-29920.118, -12181.607], [-29920.206, -12181.038], [-29928.192, -12191.169], [-29927.751, -12191.485], [-29929.898, -12193.725]]]}}, {"type": "Feature", "properties": {"nome": "404", "codice": "18", "vertici": 8}, "geometry": {"type": "Polygon", "coordinates": [[[-29880.378, -12224.721], [-29897.12, -12240.556], [-29852.51, -12290.911], [-29838.46, -12276.493], [-29838.443, -12276.466], [-29828.942, -12266.807], [-29864.473, -12237.552], [-29880.378, -12224.721]]]}}, {"type": "Feature", "properties": {"nome": "405", "codice": "18", "vertici": 13}, "geometry": {"type": "Polygon", "coordinates": [[[-29912.498, -12255.514], [-29915.614, -12258.004], [-29871.119, -12324.601], [-29841.076, -12303.491], [-29852.51, -12290.911], [-29897.12, -12240.556], [-29900.363, -12243.208], [-29897.885, -12245.66], [-29900.628, -12248.525], [-29901.884, -12247.287], [-29903.24, -12245.569], [-29913.225, -12253.707], [-29912.498, -12255.514]]]}}, {"type": "Feature", "properties": {"nome": "406", "codice": "18", "vertici": 33}, "geometry": {"type": "Polygon", "coordinates": [[[-29852.51, -12290.911], [-29841.076, -12303.491], [-29799.525, -12349.097], [-29796.243, -12353.316], [-29785.859, -12344.263], [-29777.714, -12338.096], [-29796.746, -12320.018], [-29784.03, -12305.485], [-29818.781, -12275.473], [-29828.016, -12267.561], [-29828.942, -12266.807], [-29838.443, -12276.466], [-29836.585, -12277.868], [-29836.033, -12278.053], [-29835.195, -12276.876], [-29833.241, -12278.571], [-29832.011, -12276.945], [-29829.08, -12279.458], [-29827.837, -12278.41], [-29820.593, -12284.416], [-29821.294, -12285.245], [-29817.675, -12288.602], [-29819.353, -12289.744], [-29816.175, -12293.028], [-29819.254, -12296.254], [-29822.298, -12299.28], [-29836.08, -12289.86], [-29837.862, -12291.737], [-29839.19, -12290.452], [-29837.254, -12288.527], [-29842.104, -12283.399], [-29838.46, -12276.493], [-29852.51, -12290.911]]]}}, {"type": "Feature", "properties": {"nome": "407", "codice": "18", "vertici": 11}, "geometry": {"type": "Polygon", "coordinates": [[[-29871.119, -12324.601], [-29862.88, -12337.065], [-29849.585, -12356.147], [-29846.44, -12350.322], [-29837.436, -12342.638], [-29829.275, -12348.67], [-29810.215, -12365.957], [-29796.243, -12353.316], [-29799.525, -12349.097], [-29841.076, -12303.491], [-29871.119, -12324.601]]]}}, {"type": "Feature", "properties": {"nome": "408", "codice": "12", "vertici": 11}, "geometry": {"type": "Polygon", "coordinates": [[[-29903.849, -12149.742], [-29904.405, -12150.734], [-29906.49, -12154.458], [-29888.052, -12164.525], [-29886.0, -12165.196], [-29881.83, -12164.638], [-29879.62, -12163.586], [-29878.686, -12163.004], [-29889.649, -12157.286], [-29896.226, -12153.821], [-29903.849, -12149.742]]]}}, {"type": "Feature", "properties": {"nome": "409", "codice": "18", "vertici": 10}, "geometry": {"type": "Polygon", "coordinates": [[[-29885.762, -11588.95], [-29885.781, -11590.653], [-29883.956, -11590.83], [-29884.355, -11599.241], [-29881.944, -11597.585], [-29878.464, -11592.798], [-29878.375, -11592.227], [-29881.778, -11591.728], [-29881.716, -11589.564], [-29885.762, -11588.95]]]}}, {"type": "Feature", "properties": {"nome": "41", "codice": "18", "vertici": 8}, "geometry": {"type": "Polygon", "coordinates": [[[-30787.308, -11684.031], [-30785.764, -11688.018], [-30783.366, -11700.645], [-30758.209, -11683.195], [-30761.628, -11673.09], [-30771.795, -11667.336], [-30780.66, -11680.26], [-30787.308, -11684.031]]]}}, {"type": "Feature", "properties": {"nome": "412", "codice": "18", "vertici": 15}, "geometry": {"type": "Polygon", "coordinates": [[[-29909.175, -11581.292], [-29909.1, -11579.351], [-29917.0, -11579.0], [-29917.019, -11591.509], [-29907.449, -11598.156], [-29898.903, -11598.751], [-29898.311, -11585.911], [-29900.77, -11585.801], [-29901.019, -11587.099], [-29902.215, -11588.074], [-29909.421, -11587.671], [-29912.019, -11587.571], [-29913.308, -11584.642], [-29913.173, -11581.122], [-29909.175, -11581.292]]]}}, {"type": "Feature", "properties": {"nome": "413", "codice": "18", "vertici": 21}, "geometry": {"type": "Polygon", "coordinates": [[[-29909.77, -11577.469], [-29909.764, -11568.032], [-29897.182, -11568.42], [-29896.844, -11568.974], [-29893.063, -11569.621], [-29893.524, -11574.707], [-29896.236, -11574.221], [-29896.351, -11576.536], [-29892.702, -11576.686], [-29892.355, -11574.932], [-29884.249, -11575.009], [-29887.933, -11570.571], [-29895.299, -11565.934], [-29910.081, -11563.549], [-29916.584, -11565.201], [-29917.376, -11565.446], [-29917.51, -11567.746], [-29917.0, -11579.0], [-29909.1, -11579.351], [-29909.043, -11577.828], [-29909.77, -11577.469]]]}}, {"type": "Feature", "properties": {"nome": "42", "codice": "18", "vertici": 12}, "geometry": {"type": "Polygon", "coordinates": [[[-30708.654, -11674.217], [-30714.763, -11676.272], [-30684.368, -11696.0], [-30682.018, -11684.763], [-30686.538, -11684.046], [-30685.413, -11674.954], [-30687.231, -11675.632], [-30689.395, -11671.432], [-30695.018, -11666.763], [-30701.97, -11669.794], [-30706.684, -11672.823], [-30708.654, -11674.217]]]}}, {"type": "Feature", "properties": {"nome": "420", "codice": "12", "vertici": 6}, "geometry": {"type": "Polygon", "coordinates": [[[-29920.206, -12181.038], [-29920.118, -12181.607], [-29903.804, -12192.971], [-29898.415, -12183.465], [-29913.079, -12173.447], [-29920.206, -12181.038]]]}}, {"type": "Feature", "properties": {"nome": "421", "codice": "18", "vertici": 15}, "geometry": {"type": "Polygon", "coordinates": [[[-29890.62, -11557.074], [-29889.403, -11557.075], [-29879.997, -11557.074], [-29890.974, -11537.36], [-29891.315, -11536.78], [-29897.373, -11539.819], [-29901.531, -11539.803], [-29901.807, -11542.378], [-29904.749, -11542.305], [-29904.953, -11543.403], [-29908.248, -11543.289], [-29908.13, -11548.683], [-29907.954, -11556.731], [-29899.287, -11556.908], [-29890.62, -11557.074]]]}}, {"type": "Feature", "properties": {"nome": "424", "codice": "18", "vertici": 16}, "geometry": {"type": "Polygon", "coordinates": [[[-30240.871, -11841.056], [-30244.743, -11847.426], [-30226.317, -11867.778], [-30207.854, -11876.846], [-30199.283, -11886.419], [-30192.92, -11894.919], [-30190.224, -11899.169], [-30186.558, -11893.489], [-30186.045, -11879.603], [-30185.613, -11872.88], [-30181.317, -11828.11], [-30167.289, -11808.506], [-30189.493, -11796.555], [-30196.711, -11810.716], [-30201.704, -11824.946], [-30240.871, -11841.056]]]}}, {"type": "Feature", "properties": {"nome": "425", "codice": "18", "vertici": 30}, "geometry": {"type": "Polygon", "coordinates": [[[-30154.757, -11715.312], [-30159.226, -11722.814], [-30150.859, -11724.134], [-30148.0, -11724.526], [-30125.454, -11729.063], [-30118.659, -11733.186], [-30107.288, -11735.885], [-30095.679, -11734.5], [-30094.963, -11733.118], [-30098.769, -11727.789], [-30112.214, -11710.558], [-30096.705, -11687.223], [-30081.985, -11664.428], [-30079.361, -11660.214], [-30070.093, -11645.747], [-30068.814, -11642.559], [-30067.695, -11639.873], [-30063.218, -11630.227], [-30078.074, -11621.847], [-30081.362, -11620.869], [-30084.754, -11622.364], [-30088.01, -11627.224], [-30089.433, -11629.264], [-30102.646, -11651.435], [-30111.324, -11668.007], [-30124.457, -11692.845], [-30126.689, -11702.85], [-30132.043, -11705.416], [-30134.846, -11706.996], [-30154.757, -11715.312]]]}}, {"type": "Feature", "properties": {"nome": "426", "codice": "18", "vertici": 10}, "geometry": {"type": "Polygon", "coordinates": [[[-30112.214, -11710.558], [-30098.769, -11727.789], [-30091.806, -11728.575], [-30085.937, -11724.781], [-30087.701, -11708.335], [-30089.978, -11700.256], [-30092.875, -11696.346], [-30093.456, -11691.287], [-30096.705, -11687.223], [-30112.214, -11710.558]]]}}, {"type": "Feature", "properties": {"nome": "427", "codice": "18", "vertici": 20}, "geometry": {"type": "Polygon", "coordinates": [[[-30257.592, -11756.088], [-30255.777, -11756.378], [-30245.579, -11761.884], [-30244.695, -11759.927], [-30230.156, -11764.771], [-30216.653, -11769.764], [-30198.595, -11777.459], [-30196.37, -11775.409], [-30185.364, -11757.677], [-30188.417, -11740.08], [-30186.661, -11736.505], [-30221.714, -11732.967], [-30227.659, -11730.665], [-30232.273, -11722.272], [-30239.781, -11730.053], [-30249.409, -11739.859], [-30252.801, -11743.42], [-30257.135, -11749.267], [-30255.374, -11751.957], [-30257.592, -11756.088]]]}}, {"type": "Feature", "properties": {"nome": "429", "codice": "12", "vertici": 12}, "geometry": {"type": "Polygon", "coordinates": [[[-30045.235, -11448.763], [-30039.251, -11449.055], [-30034.965, -11430.496], [-30036.9, -11430.273], [-30035.133, -11421.319], [-30033.318, -11421.542], [-30033.148, -11413.443], [-30038.939, -11411.637], [-30039.502, -11414.954], [-30044.114, -11442.155], [-30044.743, -11445.863], [-30045.235, -11448.763]]]}}, {"type": "Feature", "properties": {"nome": "43", "codice": "18", "vertici": 11}, "geometry": {"type": "Polygon", "coordinates": [[[-30820.234, -11701.696], [-30821.149, -11706.653], [-30815.169, -11707.273], [-30815.435, -11713.357], [-30806.216, -11716.649], [-30803.509, -11716.763], [-30798.346, -11714.25], [-30780.254, -11714.51], [-30782.336, -11706.89], [-30783.366, -11700.645], [-30820.234, -11701.696]]]}}, {"type": "Feature", "properties": {"nome": "430", "codice": "18", "vertici": 12}, "geometry": {"type": "Polygon", "coordinates": [[[-29995.859, -11484.835], [-30002.218, -11495.0], [-29992.47, -11500.606], [-29990.866, -11502.629], [-29982.904, -11489.087], [-29970.149, -11466.952], [-29963.9, -11456.938], [-29978.261, -11447.277], [-29979.707, -11456.378], [-29980.02, -11456.968], [-29991.554, -11477.248], [-29995.859, -11484.835]]]}}, {"type": "Feature", "properties": {"nome": "431", "codice": "18", "vertici": 19}, "geometry": {"type": "Polygon", "coordinates": [[[-30082.0, -11618.509], [-30078.43, -11618.496], [-30062.142, -11627.98], [-30050.5, -11607.345], [-30030.585, -11593.309], [-30021.923, -11575.814], [-30029.413, -11566.1], [-30008.472, -11531.28], [-29993.398, -11507.434], [-29995.509, -11503.508], [-30004.103, -11497.618], [-30015.725, -11518.084], [-30037.119, -11554.062], [-30048.654, -11552.91], [-30049.596, -11553.183], [-30055.206, -11567.51], [-30066.304, -11596.448], [-30076.927, -11611.887], [-30082.0, -11618.509]]]}}, {"type": "Feature", "properties": {"nome": "432", "codice": "12", "vertici": 10}, "geometry": {"type": "Polygon", "coordinates": [[[-30008.472, -11531.28], [-30005.763, -11537.787], [-30002.272, -11535.018], [-30000.786, -11532.527], [-29992.299, -11529.447], [-29989.809, -11526.227], [-29993.156, -11520.677], [-29992.474, -11509.162], [-29993.398, -11507.434], [-30008.472, -11531.28]]]}}, {"type": "Feature", "properties": {"nome": "433", "codice": "18", "vertici": 22}, "geometry": {"type": "Polygon", "coordinates": [[[-30143.509, -11636.254], [-30139.742, -11639.523], [-30135.362, -11641.641], [-30129.926, -11645.847], [-30125.814, -11648.387], [-30111.324, -11668.007], [-30102.646, -11651.435], [-30089.433, -11629.264], [-30095.304, -11625.942], [-30114.0, -11627.763], [-30114.492, -11635.182], [-30116.254, -11639.254], [-30118.498, -11638.383], [-30118.989, -11639.306], [-30122.649, -11637.622], [-30123.645, -11639.415], [-30126.789, -11638.435], [-30129.0, -11637.509], [-30125.253, -11628.509], [-30132.109, -11629.999], [-30139.17, -11632.901], [-30143.509, -11636.254]]]}}, {"type": "Feature", "properties": {"nome": "436", "codice": "12", "vertici": 8}, "geometry": {"type": "Polygon", "coordinates": [[[-30067.695, -11639.873], [-30065.391, -11642.143], [-30059.647, -11651.134], [-30058.628, -11646.281], [-30058.621, -11642.464], [-30060.182, -11632.022], [-30063.218, -11630.227], [-30067.695, -11639.873]]]}}, {"type": "Feature", "properties": {"nome": "437", "codice": "12", "vertici": 4}, "geometry": {"type": "Polygon", "coordinates": [[[-30091.461, -11625.218], [-30088.01, -11627.224], [-30084.754, -11622.364], [-30091.461, -11625.218]]]}}, {"type": "Feature", "properties": {"nome": "438", "codice": "18", "vertici": 10}, "geometry": {"type": "Polygon", "coordinates": [[[-29882.872, -12086.431], [-29892.378, -12086.718], [-29894.699, -12086.793], [-29896.639, -12086.846], [-29901.439, -12086.991], [-29901.597, -12088.326], [-29899.765, -12088.089], [-29895.869, -12106.679], [-29876.384, -12112.675], [-29882.872, -12086.431]]]}}, {"type": "Feature", "properties": {"nome": "44", "codice": "18", "vertici": 56}, "geometry": {"type": "Polygon", "coordinates": [[[-30734.021, -11379.816], [-30739.437, -11395.598], [-30734.075, -11413.61], [-30734.536, -11424.926], [-30731.724, -11429.253], [-30723.685, -11453.719], [-30728.306, -11459.039], [-30726.483, -11467.016], [-30729.173, -11473.748], [-30720.301, -11490.093], [-30720.042, -11495.233], [-30722.502, -11507.167], [-30720.855, -11516.024], [-30721.398, -11525.065], [-30717.573, -11534.811], [-30717.146, -11538.658], [-30713.022, -11547.76], [-30709.751, -11552.621], [-30707.509, -11558.509], [-30698.104, -11556.46], [-30687.126, -11547.35], [-30682.78, -11542.461], [-30684.202, -11539.174], [-30677.418, -11532.182], [-30669.074, -11524.493], [-30659.184, -11517.233], [-30655.253, -11513.41], [-30654.381, -11507.176], [-30664.192, -11483.314], [-30668.884, -11488.24], [-30672.559, -11484.643], [-30670.961, -11483.102], [-30673.418, -11480.949], [-30676.137, -11477.679], [-30688.833, -11466.085], [-30680.43, -11459.573], [-30674.493, -11453.976], [-30673.863, -11454.614], [-30672.042, -11452.889], [-30672.913, -11452.067], [-30681.461, -11436.059], [-30679.453, -11434.483], [-30681.248, -11431.938], [-30695.674, -11414.237], [-30700.915, -11410.013], [-30693.597, -11394.669], [-30691.017, -11388.005], [-30690.532, -11385.857], [-30692.765, -11377.63], [-30694.014, -11375.455], [-30698.367, -11371.13], [-30699.389, -11371.76], [-30709.254, -11362.0], [-30716.182, -11376.588], [-30736.673, -11367.554], [-30734.021, -11379.816]]]}}, {"type": "Feature", "properties": {"nome": "440", "codice": "12", "vertici": 14}, "geometry": {"type": "Polygon", "coordinates": [[[-29889.649, -12157.286], [-29878.686, -12163.004], [-29867.409, -12121.527], [-29862.975, -12122.171], [-29863.857, -12085.832], [-29880.033, -12086.391], [-29876.384, -12112.675], [-29875.411, -12116.14], [-29875.903, -12116.148], [-29875.871, -12119.939], [-29880.359, -12120.114], [-29882.832, -12125.682], [-29876.355, -12129.123], [-29889.649, -12157.286]]]}}, {"type": "Feature", "properties": {"nome": "443", "codice": "18", "vertici": 17}, "geometry": {"type": "Polygon", "coordinates": [[[-30086.619, -12176.999], [-30078.687, -12175.627], [-30069.235, -12171.703], [-30049.906, -12166.379], [-30031.0, -12168.237], [-30023.19, -12173.478], [-30009.841, -12185.696], [-29998.713, -12166.272], [-29999.752, -12165.273], [-30012.754, -12161.043], [-30020.514, -12156.253], [-30025.287, -12164.183], [-30032.847, -12161.66], [-30042.355, -12156.712], [-30049.137, -12155.233], [-30059.568, -12155.7], [-30086.619, -12176.999]]]}}, {"type": "Feature", "properties": {"nome": "444", "codice": "18", "vertici": 22}, "geometry": {"type": "Polygon", "coordinates": [[[-30009.841, -12185.696], [-30003.666, -12189.48], [-29988.297, -12194.483], [-29977.407, -12199.902], [-29974.368, -12200.806], [-29960.382, -12200.972], [-29948.818, -12209.717], [-29946.656, -12209.47], [-29945.634, -12206.598], [-29953.949, -12196.882], [-29964.426, -12186.773], [-29972.2, -12178.489], [-29973.373, -12174.732], [-29981.343, -12165.213], [-29982.578, -12160.305], [-29982.667, -12159.504], [-29989.161, -12156.85], [-29992.932, -12163.316], [-29987.51, -12168.237], [-29992.163, -12171.591], [-29998.713, -12166.272], [-30009.841, -12185.696]]]}}, {"type": "Feature", "properties": {"nome": "445", "codice": "18", "vertici": 17}, "geometry": {"type": "Polygon", "coordinates": [[[-30059.568, -12155.7], [-30049.137, -12155.233], [-30042.355, -12156.712], [-30032.847, -12161.66], [-30025.287, -12164.183], [-30020.514, -12156.253], [-30012.754, -12161.043], [-29999.752, -12165.273], [-29998.713, -12166.272], [-29991.883, -12154.656], [-29993.776, -12152.731], [-29996.297, -12145.894], [-29999.11, -12143.324], [-30005.104, -12135.338], [-30012.827, -12125.793], [-30015.896, -12122.383], [-30059.568, -12155.7]]]}}, {"type": "Feature", "properties": {"nome": "446", "codice": "18", "vertici": 8}, "geometry": {"type": "Polygon", "coordinates": [[[-29991.883, -12154.656], [-29998.713, -12166.272], [-29992.163, -12171.591], [-29987.51, -12168.237], [-29992.932, -12163.316], [-29989.161, -12156.85], [-29989.729, -12156.512], [-29991.883, -12154.656]]]}}, {"type": "Feature", "properties": {"nome": "447", "codice": "18", "vertici": 21}, "geometry": {"type": "Polygon", "coordinates": [[[-29875.903, -12116.148], [-29875.411, -12116.14], [-29876.384, -12112.675], [-29895.869, -12106.679], [-29904.042, -12113.323], [-29904.906, -12114.722], [-29909.001, -12124.783], [-29913.275, -12132.234], [-29920.839, -12140.006], [-29929.959, -12144.111], [-29927.721, -12145.578], [-29916.728, -12152.369], [-29910.526, -12147.571], [-29904.405, -12150.734], [-29903.849, -12149.742], [-29902.89, -12148.076], [-29895.385, -12152.057], [-29882.832, -12125.682], [-29880.359, -12120.114], [-29875.871, -12119.939], [-29875.903, -12116.148]]]}}, {"type": "Feature", "properties": {"nome": "448", "codice": "18", "vertici": 14}, "geometry": {"type": "Polygon", "coordinates": [[[-30110.916, -12195.469], [-30100.032, -12197.556], [-30073.797, -12209.296], [-30051.929, -12221.021], [-30033.681, -12227.942], [-30011.291, -12188.097], [-30025.092, -12175.084], [-30032.002, -12171.518], [-30049.107, -12169.62], [-30058.824, -12171.039], [-30069.61, -12175.321], [-30077.372, -12177.934], [-30091.746, -12180.237], [-30110.916, -12195.469]]]}}, {"type": "Feature", "properties": {"nome": "45", "codice": "18", "vertici": 21}, "geometry": {"type": "Polygon", "coordinates": [[[-30700.915, -11410.013], [-30695.674, -11414.237], [-30681.248, -11431.938], [-30679.453, -11434.483], [-30681.461, -11436.059], [-30672.913, -11452.067], [-30671.052, -11446.68], [-30665.687, -11439.982], [-30660.875, -11437.562], [-30653.813, -11432.672], [-30651.714, -11431.244], [-30650.991, -11429.2], [-30648.731, -11425.815], [-30649.573, -11424.484], [-30668.151, -11408.317], [-30670.852, -11406.58], [-30673.822, -11403.751], [-30682.257, -11398.859], [-30691.017, -11388.005], [-30693.597, -11394.669], [-30700.915, -11410.013]]]}}, {"type": "Feature", "properties": {"nome": "450", "codice": "18", "vertici": 11}, "geometry": {"type": "Polygon", "coordinates": [[[-29862.116, -11577.206], [-29864.615, -11568.104], [-29873.159, -11570.179], [-29871.178, -11575.036], [-29870.33, -11577.115], [-29868.321, -11578.052], [-29866.818, -11578.517], [-29865.335, -11578.69], [-29862.62, -11578.508], [-29862.917, -11577.495], [-29862.116, -11577.206]]]}}, {"type": "Feature", "properties": {"nome": "451", "codice": "12", "vertici": 6}, "geometry": {"type": "Polygon", "coordinates": [[[-29878.508, -11559.746], [-29873.159, -11570.179], [-29864.615, -11568.104], [-29867.619, -11557.351], [-29869.677, -11557.71], [-29878.508, -11559.746]]]}}, {"type": "Feature", "properties": {"nome": "452", "codice": "18", "vertici": 15}, "geometry": {"type": "Polygon", "coordinates": [[[-30403.545, -11477.54], [-30402.627, -11484.613], [-30384.174, -11483.546], [-30384.765, -11475.508], [-30382.809, -11459.217], [-30376.528, -11450.768], [-30375.813, -11450.213], [-30376.312, -11449.752], [-30381.946, -11444.371], [-30382.841, -11443.478], [-30387.44, -11440.715], [-30392.207, -11448.361], [-30399.265, -11464.859], [-30397.761, -11475.723], [-30403.545, -11477.54]]]}}, {"type": "Feature", "properties": {"nome": "453", "codice": "18", "vertici": 21}, "geometry": {"type": "Polygon", "coordinates": [[[-30417.883, -11606.705], [-30413.401, -11618.933], [-30405.508, -11634.987], [-30396.943, -11645.989], [-30395.25, -11651.198], [-30392.969, -11653.827], [-30371.871, -11631.724], [-30371.356, -11631.035], [-30361.681, -11618.068], [-30355.77, -11611.286], [-30354.922, -11610.273], [-30351.176, -11606.674], [-30362.038, -11591.933], [-30364.062, -11589.314], [-30385.888, -11559.846], [-30388.284, -11565.214], [-30388.235, -11576.71], [-30388.927, -11581.281], [-30391.504, -11584.545], [-30394.809, -11586.999], [-30417.883, -11606.705]]]}}, {"type": "Feature", "properties": {"nome": "455", "codice": "12", "vertici": 7}, "geometry": {"type": "Polygon", "coordinates": [[[-29932.018, -11501.508], [-29934.669, -11506.734], [-29931.194, -11506.93], [-29915.415, -11510.861], [-29914.977, -11506.622], [-29918.565, -11505.317], [-29932.018, -11501.508]]]}}, {"type": "Feature", "properties": {"nome": "456", "codice": "12", "vertici": 8}, "geometry": {"type": "Polygon", "coordinates": [[[-30335.613, -11464.061], [-30333.517, -11465.558], [-30329.93, -11468.697], [-30326.496, -11471.276], [-30323.506, -11468.668], [-30326.166, -11466.188], [-30333.018, -11461.763], [-30335.613, -11464.061]]]}}, {"type": "Feature", "properties": {"nome": "459", "codice": "12", "vertici": 16}, "geometry": {"type": "Polygon", "coordinates": [[[-29924.856, -11483.188], [-29925.169, -11487.834], [-29917.867, -11489.016], [-29917.729, -11490.616], [-29915.148, -11490.84], [-29915.24, -11494.352], [-29915.151, -11498.128], [-29915.356, -11505.04], [-29912.509, -11505.746], [-29912.001, -11496.491], [-29911.726, -11490.742], [-29912.674, -11490.836], [-29912.664, -11482.539], [-29914.169, -11481.585], [-29920.203, -11483.369], [-29924.856, -11483.188]]]}}, {"type": "Feature", "properties": {"nome": "46", "codice": "18", "vertici": 11}, "geometry": {"type": "Polygon", "coordinates": [[[-30651.714, -11431.244], [-30653.813, -11432.672], [-30624.315, -11464.529], [-30624.285, -11456.285], [-30625.765, -11446.879], [-30632.255, -11434.763], [-30639.725, -11433.705], [-30645.216, -11429.631], [-30648.731, -11425.815], [-30650.991, -11429.2], [-30651.714, -11431.244]]]}}, {"type": "Feature", "properties": {"nome": "462", "codice": "12", "vertici": 6}, "geometry": {"type": "Polygon", "coordinates": [[[-29914.977, -11506.622], [-29915.415, -11510.861], [-29909.167, -11508.818], [-29909.714, -11507.283], [-29912.628, -11507.399], [-29914.977, -11506.622]]]}}, {"type": "Feature", "properties": {"nome": "464", "codice": "18", "vertici": 19}, "geometry": {"type": "Polygon", "coordinates": [[[-30511.652, -11575.19], [-30503.104, -11578.728], [-30492.357, -11581.788], [-30484.254, -11585.509], [-30482.04, -11585.451], [-30480.251, -11584.019], [-30470.516, -11582.65], [-30466.407, -11580.43], [-30468.373, -11574.07], [-30477.474, -11576.922], [-30480.591, -11576.845], [-30482.914, -11576.665], [-30483.715, -11567.379], [-30487.367, -11567.245], [-30492.248, -11565.096], [-30494.748, -11564.471], [-30498.426, -11562.064], [-30498.773, -11560.474], [-30511.652, -11575.19]]]}}, {"type": "Feature", "properties": {"nome": "465", "codice": "18", "vertici": 18}, "geometry": {"type": "Polygon", "coordinates": [[[-29958.664, -11555.117], [-29953.509, -11565.018], [-29950.519, -11566.005], [-29945.328, -11568.435], [-29936.341, -11573.337], [-29932.055, -11575.197], [-29928.332, -11562.668], [-29927.748, -11562.016], [-29917.51, -11567.746], [-29917.376, -11565.446], [-29917.208, -11562.558], [-29916.509, -11546.018], [-29923.003, -11543.204], [-29930.307, -11538.75], [-29932.789, -11536.235], [-29945.509, -11526.509], [-29947.317, -11530.445], [-29958.664, -11555.117]]]}}, {"type": "Feature", "properties": {"nome": "466", "codice": "18", "vertici": 13}, "geometry": {"type": "Polygon", "coordinates": [[[-30027.923, -11658.348], [-30027.173, -11663.916], [-30013.299, -11660.384], [-30008.57, -11659.743], [-30007.643, -11659.801], [-30006.668, -11650.886], [-30008.904, -11650.809], [-30013.254, -11652.018], [-30018.265, -11648.802], [-30020.166, -11649.179], [-30022.743, -11653.676], [-30026.628, -11659.305], [-30027.923, -11658.348]]]}}, {"type": "Feature", "properties": {"nome": "467", "codice": "18", "vertici": 8}, "geometry": {"type": "Polygon", "coordinates": [[[-30653.813, -11432.672], [-30660.875, -11437.562], [-30638.765, -11460.441], [-30641.944, -11463.396], [-30623.965, -11481.609], [-30623.546, -11480.402], [-30624.315, -11464.529], [-30653.813, -11432.672]]]}}, {"type": "Feature", "properties": {"nome": "468", "codice": "18", "vertici": 15}, "geometry": {"type": "Polygon", "coordinates": [[[-30671.052, -11446.68], [-30663.483, -11452.896], [-30659.354, -11457.766], [-30655.161, -11460.978], [-30647.796, -11471.066], [-30636.74, -11484.14], [-30631.986, -11487.997], [-30627.509, -11490.746], [-30626.39, -11488.109], [-30623.965, -11481.609], [-30641.944, -11463.396], [-30638.765, -11460.441], [-30660.875, -11437.562], [-30665.687, -11439.982], [-30671.052, -11446.68]]]}}, {"type": "Feature", "properties": {"nome": "469", "codice": "12", "vertici": 14}, "geometry": {"type": "Polygon", "coordinates": [[[-30418.855, -11685.102], [-30419.162, -11690.352], [-30408.975, -11692.567], [-30393.622, -11696.812], [-30387.96, -11677.669], [-30389.919, -11677.713], [-30390.368, -11677.742], [-30390.68, -11676.328], [-30390.58, -11674.821], [-30388.022, -11674.285], [-30390.711, -11670.803], [-30399.399, -11673.384], [-30419.043, -11672.41], [-30418.855, -11685.102]]]}}, {"type": "Feature", "properties": {"nome": "47", "codice": "18", "vertici": 31}, "geometry": {"type": "Polygon", "coordinates": [[[-30632.368, -11427.417], [-30632.96, -11428.709], [-30631.061, -11434.682], [-30624.56, -11446.02], [-30622.944, -11454.567], [-30623.254, -11462.197], [-30622.216, -11479.305], [-30625.257, -11490.063], [-30629.023, -11498.297], [-30629.968, -11501.438], [-30630.565, -11505.569], [-30622.116, -11512.855], [-30614.288, -11503.885], [-30612.206, -11503.344], [-30608.406, -11498.123], [-30604.085, -11491.037], [-30595.571, -11484.575], [-30587.408, -11477.276], [-30587.717, -11476.369], [-30585.024, -11474.44], [-30580.82, -11465.14], [-30583.041, -11463.514], [-30583.728, -11461.798], [-30589.783, -11453.886], [-30595.691, -11448.236], [-30599.676, -11442.795], [-30602.889, -11439.134], [-30603.238, -11437.083], [-30608.633, -11431.065], [-30615.907, -11421.282], [-30632.368, -11427.417]]]}}, {"type": "Feature", "properties": {"nome": "470", "codice": "18", "vertici": 19}, "geometry": {"type": "Polygon", "coordinates": [[[-29836.652, -11597.169], [-29830.131, -11585.311], [-29825.551, -11573.855], [-29829.72, -11575.206], [-29832.417, -11575.215], [-29834.953, -11575.171], [-29836.685, -11575.775], [-29838.15, -11576.763], [-29839.237, -11577.914], [-29841.249, -11579.886], [-29842.281, -11580.928], [-29844.029, -11581.803], [-29847.735, -11583.05], [-29853.193, -11584.413], [-29861.636, -11597.263], [-29858.651, -11603.89], [-29857.559, -11606.23], [-29854.362, -11612.909], [-29836.652, -11597.169]]]}}, {"type": "Feature", "properties": {"nome": "471", "codice": "12", "vertici": 4}, "geometry": {"type": "Polygon", "coordinates": [[[-29822.042, -11571.667], [-29829.109, -11596.766], [-29813.13, -11583.164], [-29822.042, -11571.667]]]}}, {"type": "Feature", "properties": {"nome": "472", "codice": "18", "vertici": 11}, "geometry": {"type": "Polygon", "coordinates": [[[-29791.654, -11514.841], [-29802.403, -11533.426], [-29791.864, -11544.229], [-29787.697, -11545.739], [-29780.083, -11554.519], [-29758.498, -11534.914], [-29762.772, -11533.998], [-29776.853, -11521.246], [-29781.614, -11517.722], [-29787.228, -11516.348], [-29791.654, -11514.841]]]}}, {"type": "Feature", "properties": {"nome": "473", "codice": "18", "vertici": 21}, "geometry": {"type": "Polygon", "coordinates": [[[-29920.579, -11734.524], [-29925.163, -11744.949], [-29917.133, -11752.304], [-29915.073, -11749.17], [-29916.8, -11747.456], [-29921.94, -11742.907], [-29918.726, -11739.782], [-29910.068, -11718.254], [-29889.77, -11701.762], [-29880.362, -11712.031], [-29868.146, -11701.107], [-29872.068, -11696.783], [-29882.844, -11706.056], [-29882.952, -11706.13], [-29889.02, -11698.592], [-29894.348, -11703.333], [-29909.299, -11715.837], [-29912.124, -11714.903], [-29913.78, -11718.173], [-29915.162, -11721.561], [-29920.579, -11734.524]]]}}, {"type": "Feature", "properties": {"nome": "474", "codice": "12", "vertici": 8}, "geometry": {"type": "Polygon", "coordinates": [[[-29862.571, -11675.652], [-29856.313, -11683.087], [-29852.61, -11687.399], [-29850.038, -11685.423], [-29846.345, -11682.223], [-29854.484, -11671.779], [-29856.066, -11670.219], [-29862.571, -11675.652]]]}}, {"type": "Feature", "properties": {"nome": "478", "codice": "18", "vertici": 6}, "geometry": {"type": "Polygon", "coordinates": [[[-29797.88, -11623.163], [-29789.763, -11633.018], [-29747.531, -11596.475], [-29751.464, -11598.911], [-29764.191, -11606.788], [-29797.88, -11623.163]]]}}, {"type": "Feature", "properties": {"nome": "479", "codice": "18", "vertici": 10}, "geometry": {"type": "Polygon", "coordinates": [[[-29866.143, -11691.587], [-29860.609, -11686.791], [-29863.184, -11683.5], [-29865.746, -11678.272], [-29872.418, -11684.098], [-29889.02, -11698.592], [-29882.952, -11706.13], [-29882.844, -11706.056], [-29872.068, -11696.783], [-29866.143, -11691.587]]]}}, {"type": "Feature", "properties": {"nome": "48", "codice": "18", "vertici": 64}, "geometry": {"type": "LineString", "coordinates": [[-30615.907, -11421.282], [-30608.633, -11431.065], [-30603.238, -11437.083], [-30602.889, -11439.134], [-30599.676, -11442.795], [-30595.691, -11448.236], [-30589.783, -11453.886], [-30583.728, -11461.798], [-30583.041, -11463.514], [-30580.82, -11465.14], [-30585.024, -11474.44], [-30587.717, -11476.369], [-30587.408, -11477.276], [-30582.916, -11486.46], [-30581.165, -11486.651], [-30574.657, -11483.176], [-30572.337, -11484.834], [-30570.816, -11493.495], [-30568.424, -11501.182], [-30566.093, -11492.907], [-30561.838, -11492.196], [-30555.047, -11486.011], [-30543.91, -11478.413], [-30531.452, -11473.149], [-30539.544, -11448.638], [-30526.095, -11443.428], [-30510.616, -11436.777], [-30510.254, -11432.018], [-30511.509, -11429.509], [-30518.9, -11424.684], [-30534.734, -11415.82], [-30541.411, -11414.107], [-30541.961, -11415.174], [-30556.142, -11405.984], [-30559.534, -11403.04], [-30569.501, -11395.75], [-30572.763, -11394.509], [-30572.746, -11403.746], [-30581.559, -11405.375], [-30593.496, -11409.228], [-30615.907, -11421.282], [-30572.696, -11414.288], [-30571.681, -11409.666], [-30567.943, -11410.537], [-30566.903, -11405.852], [-30566.73, -11405.887], [-30566.539, -11405.036], [-30564.389, -11405.545], [-30564.563, -11406.331], [-30563.519, -11406.545], [-30559.017, -11407.659], [-30559.4, -11409.137], [-30559.659, -11410.415], [-30556.234, -11411.223], [-30556.447, -11412.217], [-30556.76, -11414.485], [-30556.119, -11414.589], [-30556.212, -11415.312], [-30557.036, -11415.112], [-30557.496, -11417.005], [-30565.322, -11414.959], [-30568.571, -11414.186], [-30568.787, -11415.157], [-30572.696, -11414.288]]}}, {"type": "Feature", "properties": {"nome": "483", "codice": "18", "vertici": 13}, "geometry": {"type": "Polygon", "coordinates": [[[-29825.764, -11569.728], [-29825.551, -11573.855], [-29822.042, -11571.667], [-29813.13, -11583.164], [-29794.355, -11567.277], [-29780.083, -11554.519], [-29787.697, -11545.739], [-29791.864, -11544.229], [-29802.403, -11533.426], [-29808.227, -11543.316], [-29819.521, -11563.436], [-29823.169, -11568.077], [-29825.764, -11569.728]]]}}, {"type": "Feature", "properties": {"nome": "486", "codice": "12", "vertici": 9}, "geometry": {"type": "Polygon", "coordinates": [[[-29916.8, -11747.456], [-29915.073, -11749.17], [-29897.951, -11728.238], [-29880.362, -11712.031], [-29889.77, -11701.762], [-29910.068, -11718.254], [-29918.726, -11739.782], [-29921.94, -11742.907], [-29916.8, -11747.456]]]}}, {"type": "Feature", "properties": {"nome": "49", "codice": "18", "vertici": 23}, "geometry": {"type": "Polygon", "coordinates": [[[-30571.681, -11409.666], [-30572.696, -11414.288], [-30568.787, -11415.157], [-30568.571, -11414.186], [-30565.322, -11414.959], [-30557.496, -11417.005], [-30557.036, -11415.112], [-30556.212, -11415.312], [-30556.119, -11414.589], [-30556.76, -11414.485], [-30556.447, -11412.217], [-30556.234, -11411.223], [-30559.659, -11410.415], [-30559.4, -11409.137], [-30559.017, -11407.659], [-30563.519, -11406.545], [-30564.563, -11406.331], [-30564.389, -11405.545], [-30566.539, -11405.036], [-30566.73, -11405.887], [-30566.903, -11405.852], [-30567.943, -11410.537], [-30571.681, -11409.666]]]}}, {"type": "Feature", "properties": {"nome": "494", "codice": "18", "vertici": 20}, "geometry": {"type": "Polygon", "coordinates": [[[-30532.493, -11534.506], [-30533.253, -11538.49], [-30525.072, -11545.594], [-30522.482, -11546.887], [-30505.743, -11558.12], [-30498.773, -11560.474], [-30491.209, -11547.195], [-30489.656, -11536.838], [-30484.354, -11520.73], [-30478.95, -11510.003], [-30484.232, -11503.066], [-30495.795, -11485.916], [-30497.463, -11479.875], [-30521.941, -11482.797], [-30519.214, -11496.712], [-30519.312, -11497.986], [-30511.319, -11513.971], [-30533.136, -11531.933], [-30533.046, -11532.926], [-30532.493, -11534.506]]]}}, {"type": "Feature", "properties": {"nome": "497", "codice": "12", "vertici": 8}, "geometry": {"type": "Polygon", "coordinates": [[[-29799.514, -11663.995], [-29802.11, -11665.882], [-29796.445, -11672.127], [-29792.147, -11676.782], [-29785.668, -11664.69], [-29787.503, -11663.722], [-29793.082, -11670.459], [-29799.514, -11663.995]]]}}, {"type": "Feature", "properties": {"nome": "5", "codice": "18", "vertici": 7}, "geometry": {"type": "Polygon", "coordinates": [[[-31006.078, -11450.241], [-31006.254, -11456.254], [-31001.763, -11457.0], [-31000.955, -11450.639], [-31000.733, -11449.273], [-31005.778, -11448.66], [-31006.078, -11450.241]]]}}, {"type": "Feature", "properties": {"nome": "50", "codice": "18", "vertici": 17}, "geometry": {"type": "Polygon", "coordinates": [[[-30680.43, -11459.573], [-30688.833, -11466.085], [-30676.137, -11477.679], [-30673.418, -11480.949], [-30670.961, -11483.102], [-30672.559, -11484.643], [-30668.884, -11488.24], [-30664.192, -11483.314], [-30661.463, -11481.595], [-30668.117, -11471.761], [-30665.97, -11468.689], [-30664.11, -11464.165], [-30671.029, -11459.459], [-30671.675, -11457.987], [-30673.863, -11454.614], [-30674.493, -11453.976], [-30680.43, -11459.573]]]}}, {"type": "Feature", "properties": {"nome": "504", "codice": "18", "vertici": 18}, "geometry": {"type": "Polygon", "coordinates": [[[-30485.776, -11454.707], [-30484.344, -11458.598], [-30482.118, -11460.195], [-30479.601, -11460.357], [-30474.277, -11459.227], [-30473.314, -11462.334], [-30472.126, -11465.948], [-30471.948, -11469.755], [-30470.119, -11469.422], [-30465.5, -11468.455], [-30461.19, -11462.913], [-30458.278, -11456.271], [-30458.208, -11455.15], [-30470.936, -11453.625], [-30472.106, -11453.484], [-30480.019, -11455.393], [-30480.706, -11453.02], [-30485.776, -11454.707]]]}}, {"type": "Feature", "properties": {"nome": "505", "codice": "18", "vertici": 15}, "geometry": {"type": "Polygon", "coordinates": [[[-30457.583, -11440.973], [-30458.208, -11455.15], [-30454.943, -11455.454], [-30449.305, -11453.201], [-30447.099, -11453.057], [-30442.018, -11452.0], [-30430.672, -11451.911], [-30429.782, -11438.655], [-30428.002, -11430.989], [-30425.036, -11422.509], [-30441.398, -11421.529], [-30446.717, -11422.812], [-30453.425, -11421.888], [-30452.257, -11440.917], [-30457.583, -11440.973]]]}}, {"type": "Feature", "properties": {"nome": "51", "codice": "18", "vertici": 26}, "geometry": {"type": "Polygon", "coordinates": [[[-30672.042, -11452.889], [-30673.863, -11454.614], [-30671.675, -11457.987], [-30671.029, -11459.459], [-30664.11, -11464.165], [-30661.013, -11464.923], [-30650.24, -11479.385], [-30652.715, -11481.453], [-30646.041, -11496.038], [-30644.279, -11500.98], [-30641.866, -11505.396], [-30638.566, -11509.25], [-30634.604, -11512.032], [-30632.795, -11512.15], [-30631.898, -11502.563], [-30630.24, -11497.107], [-30627.509, -11490.746], [-30631.986, -11487.997], [-30636.74, -11484.14], [-30647.796, -11471.066], [-30655.161, -11460.978], [-30659.354, -11457.766], [-30663.483, -11452.896], [-30671.052, -11446.68], [-30672.913, -11452.067], [-30672.042, -11452.889]]]}}, {"type": "Feature", "properties": {"nome": "512", "codice": "12", "vertici": 13}, "geometry": {"type": "Polygon", "coordinates": [[[-30394.06, -11654.4], [-30395.687, -11655.969], [-30386.305, -11669.323], [-30377.742, -11679.768], [-30371.926, -11689.668], [-30371.536, -11690.332], [-30365.425, -11700.52], [-30363.865, -11699.303], [-30375.211, -11679.663], [-30385.776, -11666.972], [-30386.996, -11664.272], [-30389.777, -11659.757], [-30394.06, -11654.4]]]}}, {"type": "Feature", "properties": {"nome": "513", "codice": "18", "vertici": 6}, "geometry": {"type": "Polygon", "coordinates": [[[-30362.038, -11591.933], [-30351.176, -11606.674], [-30338.247, -11589.422], [-30347.84, -11575.336], [-30348.355, -11574.578], [-30362.038, -11591.933]]]}}, {"type": "Feature", "properties": {"nome": "515", "codice": "18", "vertici": 14}, "geometry": {"type": "Polygon", "coordinates": [[[-30260.222, -11580.607], [-30270.883, -11570.322], [-30281.707, -11581.495], [-30283.466, -11582.828], [-30283.53, -11582.638], [-30286.251, -11583.553], [-30289.223, -11584.739], [-30276.479, -11602.005], [-30270.943, -11609.034], [-30267.979, -11606.901], [-30252.401, -11597.469], [-30249.836, -11595.767], [-30246.416, -11593.977], [-30260.222, -11580.607]]]}}, {"type": "Feature", "properties": {"nome": "516", "codice": "18", "vertici": 15}, "geometry": {"type": "Polygon", "coordinates": [[[-30232.708, -11581.857], [-30246.526, -11567.744], [-30252.092, -11563.205], [-30255.435, -11557.798], [-30259.899, -11543.881], [-30263.51, -11540.254], [-30264.526, -11543.702], [-30265.505, -11555.765], [-30272.078, -11569.303], [-30270.883, -11570.322], [-30260.222, -11580.607], [-30246.416, -11593.977], [-30239.806, -11590.995], [-30238.612, -11590.534], [-30232.708, -11581.857]]]}}, {"type": "Feature", "properties": {"nome": "517", "codice": "18", "vertici": 30}, "geometry": {"type": "LineString", "coordinates": [[-30289.223, -11584.739], [-30293.179, -11585.919], [-30273.195, -11611.269], [-30270.283, -11614.934], [-30258.839, -11626.688], [-30253.09, -11632.594], [-30251.618, -11630.164], [-30240.784, -11621.646], [-30227.219, -11612.961], [-30216.174, -11606.48], [-30213.251, -11603.861], [-30232.708, -11581.857], [-30238.612, -11590.534], [-30239.806, -11590.995], [-30246.416, -11593.977], [-30249.836, -11595.767], [-30252.401, -11597.469], [-30267.979, -11606.901], [-30270.943, -11609.034], [-30276.479, -11602.005], [-30289.223, -11584.739], [-30227.164, -11605.048], [-30226.849, -11603.809], [-30222.879, -11601.007], [-30221.648, -11601.136], [-30220.569, -11602.799], [-30220.88, -11604.0], [-30224.891, -11606.839], [-30226.119, -11606.683], [-30227.164, -11605.048]]}}, {"type": "Feature", "properties": {"nome": "518", "codice": "18", "vertici": 26}, "geometry": {"type": "Polygon", "coordinates": [[[-29965.124, -11753.792], [-29964.648, -11757.137], [-29964.898, -11757.388], [-29964.585, -11757.607], [-29948.401, -11767.731], [-29947.455, -11769.883], [-29946.856, -11775.173], [-29946.285, -11781.214], [-29948.028, -11788.442], [-29951.401, -11794.882], [-29947.489, -11795.727], [-29946.285, -11796.355], [-29945.477, -11792.284], [-29938.296, -11793.524], [-29936.509, -11791.113], [-29937.023, -11790.806], [-29933.752, -11783.824], [-29932.478, -11778.184], [-29917.133, -11752.304], [-29925.163, -11744.949], [-29920.579, -11734.524], [-29915.162, -11721.561], [-29927.463, -11735.272], [-29935.227, -11738.614], [-29951.031, -11753.265], [-29965.124, -11753.792]]]}}, {"type": "Feature", "properties": {"nome": "519", "codice": "18", "vertici": 7}, "geometry": {"type": "Polygon", "coordinates": [[[-29915.939, -11715.245], [-29913.78, -11718.173], [-29912.124, -11714.903], [-29909.299, -11715.837], [-29894.348, -11703.333], [-29895.532, -11699.895], [-29915.939, -11715.245]]]}}, {"type": "Feature", "properties": {"nome": "52", "codice": "18", "vertici": 22}, "geometry": {"type": "Polygon", "coordinates": [[[-30665.97, -11468.689], [-30668.117, -11471.761], [-30661.463, -11481.595], [-30652.277, -11494.303], [-30650.19, -11501.636], [-30648.902, -11504.589], [-30647.276, -11507.94], [-30640.825, -11515.3], [-30638.083, -11519.146], [-30634.779, -11520.143], [-30633.43, -11519.95], [-30632.795, -11512.15], [-30634.604, -11512.032], [-30638.566, -11509.25], [-30641.866, -11505.396], [-30644.279, -11500.98], [-30646.041, -11496.038], [-30652.715, -11481.453], [-30650.24, -11479.385], [-30661.013, -11464.923], [-30664.11, -11464.165], [-30665.97, -11468.689]]]}}, {"type": "Feature", "properties": {"nome": "520", "codice": "18", "vertici": 10}, "geometry": {"type": "Polygon", "coordinates": [[[-29895.532, -11699.895], [-29894.348, -11703.333], [-29889.02, -11698.592], [-29872.418, -11684.098], [-29865.746, -11678.272], [-29862.571, -11675.652], [-29856.066, -11670.219], [-29857.678, -11668.746], [-29869.624, -11679.26], [-29895.532, -11699.895]]]}}, {"type": "Feature", "properties": {"nome": "521", "codice": "12", "vertici": 16}, "geometry": {"type": "Polygon", "coordinates": [[[-29892.143, -11646.518], [-29888.0, -11649.526], [-29880.894, -11649.968], [-29880.738, -11649.978], [-29794.355, -11567.277], [-29813.13, -11583.164], [-29829.109, -11596.766], [-29822.042, -11571.667], [-29825.551, -11573.855], [-29830.131, -11585.311], [-29836.652, -11597.169], [-29854.362, -11612.909], [-29859.708, -11617.648], [-29867.726, -11624.912], [-29885.198, -11640.691], [-29892.143, -11646.518]]]}}, {"type": "Feature", "properties": {"nome": "522", "codice": "12", "vertici": 47}, "geometry": {"type": "Polygon", "coordinates": [[[-29827.57, -11631.979], [-29825.754, -11634.406], [-29795.257, -11607.655], [-29777.304, -11591.762], [-29768.82, -11583.924], [-29762.144, -11577.942], [-29759.095, -11581.376], [-29762.411, -11584.354], [-29763.407, -11585.247], [-29759.922, -11589.376], [-29751.464, -11598.911], [-29747.531, -11596.475], [-29741.396, -11592.678], [-29739.115, -11597.097], [-29738.7, -11596.561], [-29735.441, -11592.985], [-29718.692, -11572.096], [-29725.913, -11564.067], [-29684.849, -11526.263], [-29674.129, -11516.237], [-29676.059, -11513.862], [-29677.704, -11512.056], [-29671.652, -11506.464], [-29677.405, -11500.184], [-29663.858, -11487.767], [-29642.183, -11467.777], [-29636.779, -11474.124], [-29618.361, -11455.828], [-29617.439, -11457.041], [-29582.322, -11422.027], [-29587.38, -11416.45], [-29570.552, -11399.628], [-29572.072, -11397.955], [-29556.25, -11382.793], [-29549.48, -11389.415], [-29548.385, -11388.108], [-29547.583, -11385.1], [-29547.817, -11381.578], [-29548.688, -11379.56], [-29552.029, -11376.144], [-29553.979, -11378.113], [-29555.127, -11376.957], [-29577.255, -11399.268], [-29602.562, -11423.804], [-29643.219, -11461.924], [-29683.427, -11498.815], [-29827.57, -11631.979]]]}}, {"type": "Feature", "properties": {"nome": "524", "codice": "18", "vertici": 7}, "geometry": {"type": "Polygon", "coordinates": [[[-29587.38, -11416.45], [-29582.322, -11422.027], [-29549.48, -11389.415], [-29556.25, -11382.793], [-29572.072, -11397.955], [-29570.552, -11399.628], [-29587.38, -11416.45]]]}}, {"type": "Feature", "properties": {"nome": "53", "codice": "18", "vertici": 44}, "geometry": {"type": "Polygon", "coordinates": [[[-30707.509, -11558.509], [-30705.962, -11562.911], [-30705.534, -11576.371], [-30703.968, -11581.5], [-30697.439, -11590.412], [-30693.557, -11592.288], [-30684.508, -11607.096], [-30679.384, -11606.751], [-30666.267, -11603.862], [-30658.958, -11603.515], [-30657.247, -11608.93], [-30654.556, -11612.453], [-30651.591, -11611.024], [-30643.191, -11606.023], [-30641.9, -11603.754], [-30639.514, -11602.234], [-30638.767, -11589.031], [-30635.859, -11575.765], [-30635.362, -11569.067], [-30637.108, -11556.759], [-30636.006, -11545.772], [-30633.742, -11536.434], [-30632.954, -11532.05], [-30632.626, -11522.556], [-30633.43, -11519.95], [-30634.779, -11520.143], [-30638.083, -11519.146], [-30640.825, -11515.3], [-30647.276, -11507.94], [-30648.902, -11504.589], [-30650.19, -11501.636], [-30652.277, -11494.303], [-30661.463, -11481.595], [-30664.192, -11483.314], [-30654.381, -11507.176], [-30655.253, -11513.41], [-30659.184, -11517.233], [-30669.074, -11524.493], [-30677.418, -11532.182], [-30684.202, -11539.174], [-30682.78, -11542.461], [-30687.126, -11547.35], [-30698.104, -11556.46], [-30707.509, -11558.509]]]}}, {"type": "Feature", "properties": {"nome": "531", "codice": "18", "vertici": 14}, "geometry": {"type": "Polygon", "coordinates": [[[-30002.508, -11742.509], [-29997.484, -11751.93], [-29994.093, -11753.716], [-29990.397, -11759.194], [-29985.095, -11764.633], [-29983.263, -11771.049], [-29964.898, -11757.388], [-29965.31, -11757.108], [-29968.349, -11755.041], [-29976.904, -11752.193], [-29986.464, -11746.582], [-29991.704, -11741.851], [-29997.251, -11739.064], [-30002.508, -11742.509]]]}}, {"type": "Feature", "properties": {"nome": "532", "codice": "18", "vertici": 10}, "geometry": {"type": "Polygon", "coordinates": [[[-29972.814, -11720.481], [-29965.124, -11753.792], [-29951.031, -11753.265], [-29935.227, -11738.614], [-29927.463, -11735.272], [-29915.162, -11721.561], [-29913.78, -11718.173], [-29934.734, -11733.385], [-29950.999, -11747.656], [-29972.814, -11720.481]]]}}, {"type": "Feature", "properties": {"nome": "533", "codice": "12", "vertici": 7}, "geometry": {"type": "Polygon", "coordinates": [[[-29974.864, -11711.275], [-29972.814, -11720.481], [-29928.985, -11687.78], [-29930.495, -11681.617], [-29942.704, -11687.874], [-29950.208, -11697.198], [-29974.864, -11711.275]]]}}, {"type": "Feature", "properties": {"nome": "534", "codice": "12", "vertici": 5}, "geometry": {"type": "Polygon", "coordinates": [[[-30466.852, -11511.333], [-30465.112, -11517.041], [-30457.296, -11514.726], [-30458.973, -11508.821], [-30466.852, -11511.333]]]}}, {"type": "Feature", "properties": {"nome": "535", "codice": "12", "vertici": 5}, "geometry": {"type": "Polygon", "coordinates": [[[-30453.939, -11508.335], [-30449.635, -11521.238], [-30441.356, -11518.798], [-30445.147, -11505.758], [-30453.939, -11508.335]]]}}, {"type": "Feature", "properties": {"nome": "536", "codice": "18", "vertici": 33}, "geometry": {"type": "LineString", "coordinates": [[-30476.238, -11507.837], [-30478.279, -11508.53], [-30471.573, -11516.769], [-30462.763, -11526.254], [-30458.254, -11527.509], [-30453.0, -11532.254], [-30446.891, -11532.76], [-30442.805, -11542.341], [-30442.665, -11544.673], [-30442.074, -11548.844], [-30438.626, -11553.9], [-30432.843, -11547.874], [-30431.616, -11541.029], [-30431.829, -11536.356], [-30428.968, -11537.011], [-30427.113, -11533.121], [-30424.965, -11525.927], [-30435.694, -11502.839], [-30436.451, -11500.296], [-30440.734, -11501.108], [-30441.906, -11501.33], [-30445.248, -11501.952], [-30476.238, -11507.837], [-30465.112, -11517.041], [-30466.852, -11511.333], [-30458.973, -11508.821], [-30457.296, -11514.726], [-30465.112, -11517.041], [-30453.939, -11508.335], [-30445.147, -11505.758], [-30441.356, -11518.798], [-30449.635, -11521.238], [-30453.939, -11508.335]]}}, {"type": "Feature", "properties": {"nome": "539", "codice": "12", "vertici": 16}, "geometry": {"type": "Polygon", "coordinates": [[[-29946.241, -11594.099], [-29945.278, -11599.226], [-29939.581, -11610.246], [-29937.394, -11616.177], [-29931.706, -11620.366], [-29927.796, -11620.943], [-29923.614, -11617.121], [-29921.018, -11611.018], [-29914.763, -11606.272], [-29914.928, -11604.806], [-29915.871, -11598.81], [-29931.479, -11597.988], [-29931.253, -11596.49], [-29935.752, -11597.193], [-29938.153, -11594.338], [-29946.241, -11594.099]]]}}, {"type": "Feature", "properties": {"nome": "54", "codice": "18", "vertici": 38}, "geometry": {"type": "Polygon", "coordinates": [[[-30634.137, -11544.866], [-30632.109, -11545.583], [-30627.64, -11543.323], [-30621.561, -11547.222], [-30617.19, -11549.793], [-30612.508, -11552.254], [-30609.509, -11553.0], [-30606.887, -11546.126], [-30605.338, -11538.247], [-30600.299, -11527.735], [-30592.185, -11517.533], [-30592.31, -11516.364], [-30584.626, -11512.055], [-30581.254, -11511.412], [-30578.94, -11510.262], [-30577.781, -11511.069], [-30572.807, -11511.109], [-30569.524, -11510.058], [-30568.3, -11507.699], [-30568.516, -11502.807], [-30568.424, -11501.182], [-30570.816, -11493.495], [-30572.337, -11484.834], [-30574.657, -11483.176], [-30581.165, -11486.651], [-30582.916, -11486.46], [-30587.408, -11477.276], [-30595.571, -11484.575], [-30604.085, -11491.037], [-30608.406, -11498.123], [-30612.206, -11503.344], [-30614.288, -11503.885], [-30622.116, -11512.855], [-30630.565, -11505.569], [-30631.84, -11519.487], [-30631.255, -11521.801], [-30631.333, -11531.296], [-30634.137, -11544.866]]]}}, {"type": "Feature", "properties": {"nome": "543", "codice": "18", "vertici": 6}, "geometry": {"type": "Polygon", "coordinates": [[[-30283.53, -11582.638], [-30283.466, -11582.828], [-30281.707, -11581.495], [-30270.883, -11570.322], [-30272.078, -11569.303], [-30283.53, -11582.638]]]}}, {"type": "Feature", "properties": {"nome": "544", "codice": "12", "vertici": 7}, "geometry": {"type": "Polygon", "coordinates": [[[-30351.176, -11606.674], [-30346.657, -11601.159], [-30343.925, -11598.459], [-30337.926, -11592.248], [-30336.737, -11591.512], [-30338.247, -11589.422], [-30351.176, -11606.674]]]}}, {"type": "Feature", "properties": {"nome": "548", "codice": "18", "vertici": 13}, "geometry": {"type": "Polygon", "coordinates": [[[-30027.774, -11598.464], [-30026.789, -11600.658], [-30024.34, -11613.715], [-30018.021, -11628.238], [-30012.633, -11625.861], [-30004.23, -11623.539], [-30010.234, -11601.784], [-30011.934, -11602.235], [-30012.605, -11599.615], [-30016.466, -11600.264], [-30016.505, -11597.699], [-30020.037, -11596.417], [-30027.774, -11598.464]]]}}, {"type": "Feature", "properties": {"nome": "55", "codice": "18", "vertici": 14}, "geometry": {"type": "Polygon", "coordinates": [[[-30539.544, -11448.638], [-30531.452, -11473.149], [-30521.941, -11482.797], [-30497.463, -11479.875], [-30498.302, -11477.711], [-30498.556, -11474.539], [-30499.493, -11469.1], [-30501.272, -11462.254], [-30505.918, -11457.464], [-30508.494, -11452.993], [-30510.767, -11444.961], [-30510.616, -11436.777], [-30526.095, -11443.428], [-30539.544, -11448.638]]]}}, {"type": "Feature", "properties": {"nome": "550", "codice": "18", "vertici": 9}, "geometry": {"type": "Polygon", "coordinates": [[[-29935.55, -11910.737], [-29939.269, -11905.575], [-29942.024, -11901.748], [-29947.677, -11905.482], [-29926.567, -11933.767], [-29921.383, -11930.371], [-29923.229, -11926.916], [-29933.369, -11913.601], [-29935.55, -11910.737]]]}}, {"type": "Feature", "properties": {"nome": "551", "codice": "12", "vertici": 6}, "geometry": {"type": "Polygon", "coordinates": [[[-30020.254, -11419.017], [-30021.506, -11421.021], [-30013.97, -11425.798], [-30007.293, -11426.747], [-30013.89, -11422.138], [-30020.254, -11419.017]]]}}, {"type": "Feature", "properties": {"nome": "552", "codice": "12", "vertici": 6}, "geometry": {"type": "Polygon", "coordinates": [[[-30020.15, -11477.426], [-30022.854, -11482.381], [-30015.116, -11485.908], [-30009.131, -11490.049], [-30009.467, -11482.496], [-30020.15, -11477.426]]]}}, {"type": "Feature", "properties": {"nome": "553", "codice": "12", "vertici": 4}, "geometry": {"type": "Polygon", "coordinates": [[[-30457.313, -11768.549], [-30456.254, -11763.781], [-30458.425, -11768.136], [-30457.313, -11768.549]]]}}, {"type": "Feature", "properties": {"nome": "554", "codice": "12", "vertici": 4}, "geometry": {"type": "Polygon", "coordinates": [[[-30452.3, -11744.625], [-30453.914, -11752.343], [-30437.721, -11745.747], [-30452.3, -11744.625]]]}}, {"type": "Feature", "properties": {"nome": "555", "codice": "12", "vertici": 7}, "geometry": {"type": "Polygon", "coordinates": [[[-30456.254, -11763.781], [-30453.914, -11752.343], [-30455.506, -11753.089], [-30469.788, -11761.792], [-30468.254, -11768.018], [-30458.425, -11768.136], [-30456.254, -11763.781]]]}}, {"type": "Feature", "properties": {"nome": "556", "codice": "18", "vertici": 11}, "geometry": {"type": "Polygon", "coordinates": [[[-30453.914, -11752.343], [-30456.254, -11763.781], [-30451.055, -11762.735], [-30449.412, -11762.598], [-30433.704, -11755.095], [-30416.0, -11750.247], [-30408.118, -11750.509], [-30404.601, -11750.104], [-30415.596, -11748.165], [-30437.721, -11745.747], [-30453.914, -11752.343]]]}}, {"type": "Feature", "properties": {"nome": "557", "codice": "18", "vertici": 11}, "geometry": {"type": "Polygon", "coordinates": [[[-30400.417, -11750.131], [-30393.399, -11752.819], [-30385.004, -11755.155], [-30378.137, -11754.872], [-30365.393, -11755.776], [-30357.007, -11761.727], [-30335.055, -11766.658], [-30327.565, -11767.853], [-30327.578, -11761.593], [-30326.254, -11760.018], [-30400.417, -11750.131]]]}}, {"type": "Feature", "properties": {"nome": "558", "codice": "18", "vertici": 11}, "geometry": {"type": "Polygon", "coordinates": [[[-30198.595, -11777.459], [-30204.373, -11783.995], [-30188.638, -11794.448], [-30172.911, -11774.744], [-30172.094, -11743.764], [-30170.087, -11740.441], [-30186.661, -11736.505], [-30188.417, -11740.08], [-30185.364, -11757.677], [-30196.37, -11775.409], [-30198.595, -11777.459]]]}}, {"type": "Feature", "properties": {"nome": "559", "codice": "18", "vertici": 9}, "geometry": {"type": "Polygon", "coordinates": [[[-30244.695, -11759.927], [-30245.579, -11761.884], [-30231.384, -11769.626], [-30226.88, -11770.986], [-30204.373, -11783.995], [-30198.595, -11777.459], [-30216.653, -11769.764], [-30230.156, -11764.771], [-30244.695, -11759.927]]]}}, {"type": "Feature", "properties": {"nome": "56", "codice": "18", "vertici": 25}, "geometry": {"type": "Polygon", "coordinates": [[[-30585.206, -11609.688], [-30587.881, -11633.321], [-30578.307, -11637.058], [-30578.218, -11641.257], [-30580.092, -11644.755], [-30576.234, -11649.592], [-30576.487, -11655.384], [-30575.744, -11662.429], [-30573.17, -11668.409], [-30573.816, -11675.735], [-30570.101, -11677.713], [-30561.368, -11668.919], [-30546.77, -11649.605], [-30547.62, -11648.789], [-30562.819, -11632.999], [-30562.231, -11630.45], [-30565.445, -11625.556], [-30564.57, -11624.931], [-30564.975, -11621.702], [-30571.555, -11614.175], [-30573.143, -11609.187], [-30575.354, -11605.016], [-30577.099, -11601.808], [-30586.265, -11604.702], [-30585.206, -11609.688]]]}}, {"type": "Feature", "properties": {"nome": "560", "codice": "18", "vertici": 8}, "geometry": {"type": "Polygon", "coordinates": [[[-30166.462, -11807.105], [-30164.121, -11808.233], [-30142.605, -11825.908], [-30138.611, -11829.576], [-30134.109, -11823.742], [-30147.258, -11808.42], [-30162.6, -11797.073], [-30166.462, -11807.105]]]}}, {"type": "Feature", "properties": {"nome": "561", "codice": "18", "vertici": 27}, "geometry": {"type": "Polygon", "coordinates": [[[-30327.578, -11761.593], [-30327.565, -11767.853], [-30322.229, -11797.237], [-30321.283, -11803.273], [-30316.908, -11799.328], [-30310.272, -11800.197], [-30304.614, -11803.107], [-30292.939, -11807.661], [-30282.795, -11816.24], [-30274.074, -11822.062], [-30260.306, -11830.703], [-30254.548, -11835.866], [-30244.743, -11847.426], [-30240.871, -11841.056], [-30201.704, -11824.946], [-30196.711, -11810.716], [-30203.974, -11807.282], [-30209.761, -11804.582], [-30202.582, -11788.268], [-30203.011, -11788.018], [-30208.701, -11798.26], [-30211.011, -11803.141], [-30212.504, -11802.754], [-30215.861, -11815.009], [-30273.013, -11786.415], [-30326.254, -11760.018], [-30327.578, -11761.593]]]}}, {"type": "Feature", "properties": {"nome": "562", "codice": "18", "vertici": 5}, "geometry": {"type": "Polygon", "coordinates": [[[-30210.514, -11797.444], [-30208.701, -11798.26], [-30203.011, -11788.018], [-30205.97, -11786.508], [-30210.514, -11797.444]]]}}, {"type": "Feature", "properties": {"nome": "563", "codice": "12", "vertici": 5}, "geometry": {"type": "Polygon", "coordinates": [[[-30212.504, -11802.754], [-30211.011, -11803.141], [-30208.701, -11798.26], [-30210.514, -11797.444], [-30212.504, -11802.754]]]}}, {"type": "Feature", "properties": {"nome": "564", "codice": "18", "vertici": 7}, "geometry": {"type": "Polygon", "coordinates": [[[-29998.357, -11436.569], [-30002.741, -11444.607], [-29980.02, -11456.968], [-29979.707, -11456.378], [-29978.261, -11447.277], [-29997.19, -11434.762], [-29998.357, -11436.569]]]}}, {"type": "Feature", "properties": {"nome": "565", "codice": "12", "vertici": 5}, "geometry": {"type": "Polygon", "coordinates": [[[-30007.293, -11426.747], [-30013.97, -11425.798], [-29998.357, -11436.569], [-29997.19, -11434.762], [-30007.293, -11426.747]]]}}, {"type": "Feature", "properties": {"nome": "566", "codice": "18", "vertici": 15}, "geometry": {"type": "Polygon", "coordinates": [[[-30144.344, -11675.773], [-30139.939, -11684.349], [-30140.461, -11687.17], [-30138.045, -11692.808], [-30134.0, -11696.663], [-30133.451, -11702.618], [-30132.043, -11705.416], [-30126.689, -11702.85], [-30124.457, -11692.845], [-30111.324, -11668.007], [-30125.814, -11648.387], [-30129.926, -11645.847], [-30138.527, -11660.217], [-30139.19, -11666.579], [-30144.344, -11675.773]]]}}, {"type": "Feature", "properties": {"nome": "567", "codice": "18", "vertici": 24}, "geometry": {"type": "Polygon", "coordinates": [[[-30115.0, -11625.254], [-30111.821, -11625.274], [-30100.391, -11624.233], [-30096.898, -11623.605], [-30091.757, -11622.639], [-30087.224, -11620.594], [-30089.69, -11616.603], [-30094.313, -11609.05], [-30086.452, -11605.124], [-30082.428, -11603.096], [-30076.927, -11611.887], [-30066.304, -11596.448], [-30055.206, -11567.51], [-30058.136, -11565.951], [-30043.302, -11539.663], [-30040.15, -11533.749], [-30033.752, -11525.951], [-30027.9, -11520.918], [-30019.944, -11512.526], [-30032.025, -11496.973], [-30081.65, -11586.318], [-30087.086, -11586.646], [-30109.114, -11619.38], [-30115.0, -11625.254]]]}}, {"type": "Feature", "properties": {"nome": "568", "codice": "18", "vertici": 6}, "geometry": {"type": "Polygon", "coordinates": [[[-30025.254, -11484.509], [-30032.025, -11496.973], [-30019.944, -11512.526], [-30006.509, -11495.763], [-30015.784, -11489.106], [-30025.254, -11484.509]]]}}, {"type": "Feature", "properties": {"nome": "569", "codice": "18", "vertici": 15}, "geometry": {"type": "Polygon", "coordinates": [[[-30175.364, -11716.465], [-30177.38, -11719.909], [-30159.226, -11722.814], [-30154.757, -11715.312], [-30134.846, -11706.996], [-30132.043, -11705.416], [-30133.451, -11702.618], [-30134.0, -11696.663], [-30138.045, -11692.808], [-30140.461, -11687.17], [-30139.939, -11684.349], [-30144.344, -11675.773], [-30150.25, -11702.163], [-30161.562, -11707.662], [-30175.364, -11716.465]]]}}, {"type": "Feature", "properties": {"nome": "57", "codice": "18", "vertici": 17}, "geometry": {"type": "Polygon", "coordinates": [[[-30583.278, -11521.427], [-30583.811, -11533.241], [-30582.987, -11543.196], [-30577.921, -11546.734], [-30568.306, -11541.745], [-30563.571, -11540.911], [-30561.869, -11540.086], [-30565.131, -11535.757], [-30567.252, -11517.915], [-30568.3, -11507.699], [-30569.524, -11510.058], [-30572.807, -11511.109], [-30577.781, -11511.069], [-30578.94, -11510.262], [-30581.254, -11511.412], [-30582.01, -11519.477], [-30583.278, -11521.427]]]}}, {"type": "Feature", "properties": {"nome": "570", "codice": "18", "vertici": 5}, "geometry": {"type": "Polygon", "coordinates": [[[-30177.38, -11719.909], [-30186.661, -11736.505], [-30170.087, -11740.441], [-30159.226, -11722.814], [-30177.38, -11719.909]]]}}, {"type": "Feature", "properties": {"nome": "571", "codice": "12", "vertici": 5}, "geometry": {"type": "Polygon", "coordinates": [[[-30013.701, -11464.682], [-30017.564, -11472.101], [-29995.859, -11484.835], [-29991.554, -11477.248], [-30013.701, -11464.682]]]}}, {"type": "Feature", "properties": {"nome": "578", "codice": "18", "vertici": 9}, "geometry": {"type": "Polygon", "coordinates": [[[-30064.518, -11994.946], [-30055.026, -12017.663], [-30043.443, -12011.577], [-30031.729, -12005.181], [-30020.257, -11998.86], [-30029.872, -11975.851], [-30037.555, -11980.085], [-30053.747, -11989.01], [-30064.518, -11994.946]]]}}, {"type": "Feature", "properties": {"nome": "579", "codice": "18", "vertici": 5}, "geometry": {"type": "Polygon", "coordinates": [[[-30055.026, -12017.663], [-30049.745, -12031.756], [-30037.784, -12025.291], [-30043.443, -12011.577], [-30055.026, -12017.663]]]}}, {"type": "Feature", "properties": {"nome": "58", "codice": "18", "vertici": 14}, "geometry": {"type": "Polygon", "coordinates": [[[-30635.022, -11553.479], [-30635.55, -11556.337], [-30634.77, -11563.037], [-30630.367, -11561.946], [-30628.464, -11560.369], [-30630.082, -11556.411], [-30628.926, -11555.566], [-30625.998, -11552.713], [-30622.995, -11549.672], [-30621.561, -11547.222], [-30627.64, -11543.323], [-30632.109, -11545.583], [-30634.137, -11544.866], [-30635.022, -11553.479]]]}}, {"type": "Feature", "properties": {"nome": "580", "codice": "18", "vertici": 6}, "geometry": {"type": "Polygon", "coordinates": [[[-30043.443, -12011.577], [-30037.784, -12025.291], [-30031.932, -12022.147], [-30026.175, -12018.78], [-30031.729, -12005.181], [-30043.443, -12011.577]]]}}, {"type": "Feature", "properties": {"nome": "581", "codice": "18", "vertici": 6}, "geometry": {"type": "Polygon", "coordinates": [[[-30031.729, -12005.181], [-30026.175, -12018.78], [-30013.402, -12011.59], [-30019.284, -11997.948], [-30020.257, -11998.86], [-30031.729, -12005.181]]]}}, {"type": "Feature", "properties": {"nome": "582", "codice": "18", "vertici": 6}, "geometry": {"type": "Polygon", "coordinates": [[[-30049.745, -12031.756], [-30040.823, -12056.116], [-30022.893, -12046.241], [-30031.932, -12022.147], [-30037.784, -12025.291], [-30049.745, -12031.756]]]}}, {"type": "Feature", "properties": {"nome": "584", "codice": "12", "vertici": 4}, "geometry": {"type": "Polygon", "coordinates": [[[-29937.989, -12030.964], [-29940.72, -12033.333], [-29937.241, -12032.556], [-29937.989, -12030.964]]]}}, {"type": "Feature", "properties": {"nome": "585", "codice": "12", "vertici": 4}, "geometry": {"type": "Polygon", "coordinates": [[[-29952.979, -12036.145], [-29951.088, -12040.489], [-29940.72, -12033.333], [-29952.979, -12036.145]]]}}, {"type": "Feature", "properties": {"nome": "588", "codice": "18", "vertici": 10}, "geometry": {"type": "Polygon", "coordinates": [[[-30040.823, -12056.116], [-30032.992, -12077.789], [-30027.753, -12093.995], [-30006.711, -12085.117], [-29993.658, -12075.254], [-30006.737, -12069.323], [-30015.19, -12059.788], [-30019.446, -12044.171], [-30022.893, -12046.241], [-30040.823, -12056.116]]]}}, {"type": "Feature", "properties": {"nome": "589", "codice": "18", "vertici": 8}, "geometry": {"type": "Polygon", "coordinates": [[[-30023.891, -11972.663], [-30029.872, -11975.851], [-30020.257, -11998.86], [-30019.284, -11997.948], [-30013.402, -12011.59], [-30011.599, -12010.983], [-30014.556, -12004.654], [-30023.891, -11972.663]]]}}, {"type": "Feature", "properties": {"nome": "59", "codice": "12", "vertici": 15}, "geometry": {"type": "Polygon", "coordinates": [[[-30634.77, -11563.037], [-30634.367, -11567.747], [-30629.007, -11566.102], [-30625.579, -11563.916], [-30621.658, -11560.114], [-30618.683, -11554.993], [-30617.19, -11549.793], [-30621.561, -11547.222], [-30622.995, -11549.672], [-30625.998, -11552.713], [-30628.926, -11555.566], [-30630.082, -11556.411], [-30628.464, -11560.369], [-30630.367, -11561.946], [-30634.77, -11563.037]]]}}, {"type": "Feature", "properties": {"nome": "591", "codice": "18", "vertici": 8}, "geometry": {"type": "Polygon", "coordinates": [[[-29954.391, -12110.036], [-29957.24, -12111.575], [-29949.56, -12125.669], [-29946.427, -12124.113], [-29940.746, -12117.406], [-29944.96, -12109.9], [-29945.992, -12110.67], [-29954.391, -12110.036]]]}}, {"type": "Feature", "properties": {"nome": "593", "codice": "12", "vertici": 5}, "geometry": {"type": "Polygon", "coordinates": [[[-29957.24, -12111.575], [-29960.848, -12113.555], [-29953.32, -12127.585], [-29949.56, -12125.669], [-29957.24, -12111.575]]]}}, {"type": "Feature", "properties": {"nome": "594", "codice": "12", "vertici": 12}, "geometry": {"type": "Polygon", "coordinates": [[[-30016.0, -11967.746], [-30023.891, -11972.663], [-30014.556, -12004.654], [-30011.599, -12010.983], [-29975.211, -11995.887], [-29973.337, -11995.036], [-29989.668, -11968.01], [-29996.23, -11957.938], [-29997.688, -11959.561], [-29998.514, -11960.48], [-30006.844, -11964.986], [-30016.0, -11967.746]]]}}, {"type": "Feature", "properties": {"nome": "595", "codice": "18", "vertici": 12}, "geometry": {"type": "Polygon", "coordinates": [[[-29995.859, -11957.014], [-29996.23, -11957.938], [-29989.668, -11968.01], [-29973.337, -11995.036], [-29958.022, -11984.288], [-29960.478, -11976.188], [-29965.572, -11961.251], [-29969.44, -11947.257], [-29970.722, -11947.864], [-29976.209, -11947.733], [-29984.539, -11952.621], [-29995.859, -11957.014]]]}}, {"type": "Feature", "properties": {"nome": "597", "codice": "18", "vertici": 6}, "geometry": {"type": "Polygon", "coordinates": [[[-29987.416, -12089.666], [-29980.111, -12103.88], [-29966.781, -12097.263], [-29970.834, -12087.995], [-29974.361, -12082.626], [-29987.416, -12089.666]]]}}, {"type": "Feature", "properties": {"nome": "598", "codice": "18", "vertici": 6}, "geometry": {"type": "Polygon", "coordinates": [[[-30011.318, -12119.433], [-30005.292, -12128.042], [-29999.534, -12135.355], [-29989.184, -12129.993], [-29998.867, -12113.278], [-30011.318, -12119.433]]]}}, {"type": "Feature", "properties": {"nome": "599", "codice": "18", "vertici": 10}, "geometry": {"type": "Polygon", "coordinates": [[[-29999.534, -12135.355], [-29997.535, -12138.11], [-29992.222, -12142.823], [-29989.923, -12143.972], [-29983.452, -12143.189], [-29979.81, -12141.793], [-29973.548, -12138.167], [-29980.161, -12125.429], [-29989.184, -12129.993], [-29999.534, -12135.355]]]}}, {"type": "Feature", "properties": {"nome": "6", "codice": "18", "vertici": 39}, "geometry": {"type": "Polygon", "coordinates": [[[-31130.573, -11486.316], [-31129.35, -11493.043], [-31117.195, -11516.859], [-31113.0, -11523.112], [-31107.522, -11527.596], [-31127.598, -11548.208], [-31109.957, -11561.187], [-31104.379, -11554.921], [-31098.481, -11559.885], [-31095.559, -11559.581], [-31082.888, -11555.145], [-31071.989, -11548.444], [-31063.663, -11545.892], [-31056.905, -11541.454], [-31049.662, -11535.983], [-31039.419, -11536.548], [-31041.5, -11522.349], [-31059.174, -11522.603], [-31067.975, -11524.101], [-31068.485, -11513.131], [-31051.536, -11508.301], [-31050.446, -11498.455], [-31039.423, -11499.118], [-31028.591, -11497.15], [-31018.935, -11490.865], [-31027.706, -11468.723], [-31032.366, -11457.687], [-31038.026, -11443.399], [-31043.783, -11441.714], [-31051.627, -11441.574], [-31055.745, -11440.763], [-31058.524, -11456.602], [-31073.606, -11453.478], [-31079.366, -11450.287], [-31092.763, -11439.254], [-31099.892, -11447.167], [-31109.958, -11456.375], [-31107.778, -11458.95], [-31130.573, -11486.316]]]}}, {"type": "Feature", "properties": {"nome": "60", "codice": "18", "vertici": 24}, "geometry": {"type": "Polygon", "coordinates": [[[-30637.836, -11601.976], [-30637.254, -11604.782], [-30632.932, -11606.004], [-30632.275, -11606.562], [-30625.625, -11607.073], [-30622.669, -11605.581], [-30619.334, -11606.257], [-30615.632, -11604.199], [-30612.028, -11603.82], [-30612.795, -11598.116], [-30612.88, -11589.747], [-30611.066, -11583.574], [-30608.688, -11579.635], [-30604.623, -11557.853], [-30609.509, -11553.0], [-30612.508, -11552.254], [-30614.19, -11557.242], [-30614.563, -11562.422], [-30616.643, -11568.444], [-30619.868, -11572.899], [-30625.138, -11576.863], [-30633.056, -11587.775], [-30637.244, -11587.681], [-30637.836, -11601.976]]]}}, {"type": "Feature", "properties": {"nome": "600", "codice": "18", "vertici": 7}, "geometry": {"type": "Polygon", "coordinates": [[[-29977.595, -12123.938], [-29980.161, -12125.429], [-29973.548, -12138.167], [-29961.459, -12131.751], [-29968.896, -12117.487], [-29979.113, -12122.261], [-29977.595, -12123.938]]]}}, {"type": "Feature", "properties": {"nome": "601", "codice": "18", "vertici": 11}, "geometry": {"type": "Polygon", "coordinates": [[[-29944.96, -12109.9], [-29940.746, -12117.406], [-29936.343, -12112.324], [-29931.283, -12102.488], [-29927.765, -12086.99], [-29927.967, -12079.202], [-29929.031, -12074.271], [-29943.724, -12079.222], [-29935.992, -12096.973], [-29939.182, -12105.856], [-29944.96, -12109.9]]]}}, {"type": "Feature", "properties": {"nome": "602", "codice": "18", "vertici": 11}, "geometry": {"type": "Polygon", "coordinates": [[[-29952.007, -12060.17], [-29948.014, -12069.934], [-29943.724, -12079.222], [-29929.031, -12074.271], [-29930.954, -12062.892], [-29932.738, -12053.404], [-29933.363, -12047.082], [-29937.241, -12032.556], [-29952.659, -12043.363], [-29952.489, -12051.427], [-29952.007, -12060.17]]]}}, {"type": "Feature", "properties": {"nome": "603", "codice": "18", "vertici": 18}, "geometry": {"type": "Polygon", "coordinates": [[[-29970.357, -12087.614], [-29957.735, -12083.611], [-29951.348, -12081.617], [-29943.724, -12079.222], [-29948.014, -12069.934], [-29952.007, -12060.17], [-29952.489, -12051.427], [-29960.925, -12054.129], [-29962.033, -12054.483], [-29971.003, -12057.356], [-29976.052, -12058.98], [-29978.536, -12059.797], [-29977.325, -12068.513], [-29976.458, -12076.631], [-29976.566, -12078.792], [-29974.361, -12082.626], [-29970.834, -12087.995], [-29970.357, -12087.614]]]}}, {"type": "Feature", "properties": {"nome": "604", "codice": "18", "vertici": 8}, "geometry": {"type": "Polygon", "coordinates": [[[-30003.966, -12084.066], [-29997.512, -12094.737], [-29987.416, -12089.666], [-29974.361, -12082.626], [-29976.566, -12078.792], [-29987.125, -12076.913], [-29989.462, -12076.611], [-30003.966, -12084.066]]]}}, {"type": "Feature", "properties": {"nome": "606", "codice": "12", "vertici": 5}, "geometry": {"type": "Polygon", "coordinates": [[[-29968.896, -12117.487], [-29961.459, -12131.751], [-29953.32, -12127.585], [-29960.848, -12113.555], [-29968.896, -12117.487]]]}}, {"type": "Feature", "properties": {"nome": "61", "codice": "18", "vertici": 17}, "geometry": {"type": "Polygon", "coordinates": [[[-30591.484, -11552.102], [-30591.043, -11554.642], [-30588.625, -11564.605], [-30587.02, -11577.833], [-30585.137, -11586.475], [-30582.464, -11586.714], [-30579.527, -11589.884], [-30577.877, -11595.024], [-30577.277, -11599.885], [-30538.878, -11578.999], [-30552.434, -11563.978], [-30562.858, -11545.678], [-30563.571, -11540.911], [-30568.306, -11541.745], [-30577.921, -11546.734], [-30584.59, -11548.497], [-30591.484, -11552.102]]]}}, {"type": "Feature", "properties": {"nome": "611", "codice": "12", "vertici": 6}, "geometry": {"type": "Polygon", "coordinates": [[[-29970.357, -12087.614], [-29970.834, -12087.995], [-29966.781, -12097.263], [-29962.506, -12105.939], [-29959.445, -12107.932], [-29970.357, -12087.614]]]}}, {"type": "Feature", "properties": {"nome": "612", "codice": "12", "vertici": 11}, "geometry": {"type": "Polygon", "coordinates": [[[-29970.357, -12087.614], [-29959.445, -12107.932], [-29954.391, -12110.036], [-29945.992, -12110.67], [-29944.96, -12109.9], [-29939.182, -12105.856], [-29935.992, -12096.973], [-29943.724, -12079.222], [-29951.348, -12081.617], [-29957.735, -12083.611], [-29970.357, -12087.614]]]}}, {"type": "Feature", "properties": {"nome": "613", "codice": "18", "vertici": 10}, "geometry": {"type": "Polygon", "coordinates": [[[-29980.111, -12103.88], [-29987.809, -12107.811], [-29979.113, -12122.261], [-29968.896, -12117.487], [-29960.848, -12113.555], [-29957.24, -12111.575], [-29959.445, -12107.932], [-29962.506, -12105.939], [-29966.781, -12097.263], [-29980.111, -12103.88]]]}}, {"type": "Feature", "properties": {"nome": "615", "codice": "12", "vertici": 4}, "geometry": {"type": "Polygon", "coordinates": [[[-29959.445, -12107.932], [-29957.24, -12111.575], [-29954.391, -12110.036], [-29959.445, -12107.932]]]}}, {"type": "Feature", "properties": {"nome": "616", "codice": "18", "vertici": 5}, "geometry": {"type": "Polygon", "coordinates": [[[-30027.753, -12093.995], [-30027.269, -12096.221], [-30025.745, -12098.629], [-30006.711, -12085.117], [-30027.753, -12093.995]]]}}, {"type": "Feature", "properties": {"nome": "617", "codice": "18", "vertici": 6}, "geometry": {"type": "Polygon", "coordinates": [[[-30025.745, -12098.629], [-30020.579, -12106.335], [-29997.512, -12094.737], [-30003.966, -12084.066], [-30006.711, -12085.117], [-30025.745, -12098.629]]]}}, {"type": "Feature", "properties": {"nome": "618", "codice": "18", "vertici": 8}, "geometry": {"type": "Polygon", "coordinates": [[[-30020.579, -12106.335], [-30011.318, -12119.433], [-29998.867, -12113.278], [-29987.809, -12107.811], [-29980.111, -12103.88], [-29987.416, -12089.666], [-29997.512, -12094.737], [-30020.579, -12106.335]]]}}, {"type": "Feature", "properties": {"nome": "619", "codice": "12", "vertici": 7}, "geometry": {"type": "Polygon", "coordinates": [[[-29973.337, -11995.036], [-29975.211, -11995.887], [-29964.815, -12017.773], [-29955.425, -12036.624], [-29952.979, -12036.145], [-29958.255, -12026.004], [-29973.337, -11995.036]]]}}, {"type": "Feature", "properties": {"nome": "62", "codice": "18", "vertici": 25}, "geometry": {"type": "LineString", "coordinates": [[-30563.571, -11540.911], [-30562.858, -11545.678], [-30552.434, -11563.978], [-30538.878, -11578.999], [-30536.549, -11581.439], [-30533.626, -11582.028], [-30534.509, -11577.491], [-30535.417, -11573.305], [-30532.465, -11564.642], [-30530.31, -11562.512], [-30530.763, -11558.024], [-30532.746, -11553.637], [-30534.126, -11542.803], [-30533.253, -11538.49], [-30532.493, -11534.506], [-30533.046, -11532.926], [-30545.731, -11537.088], [-30551.434, -11537.748], [-30561.869, -11540.086], [-30563.571, -11540.911], [-30542.239, -11556.844], [-30544.451, -11551.342], [-30541.099, -11549.891], [-30538.576, -11555.543], [-30542.239, -11556.844]]}}, {"type": "Feature", "properties": {"nome": "620", "codice": "12", "vertici": 5}, "geometry": {"type": "Polygon", "coordinates": [[[-29952.979, -12036.145], [-29955.425, -12036.624], [-29952.751, -12041.78], [-29951.088, -12040.489], [-29952.979, -12036.145]]]}}, {"type": "Feature", "properties": {"nome": "623", "codice": "18", "vertici": 5}, "geometry": {"type": "Polygon", "coordinates": [[[-29967.331, -11863.05], [-29967.796, -11866.088], [-29963.044, -11866.753], [-29962.608, -11863.757], [-29967.331, -11863.05]]]}}, {"type": "Feature", "properties": {"nome": "624", "codice": "12", "vertici": 5}, "geometry": {"type": "Polygon", "coordinates": [[[-29925.169, -11487.834], [-29925.057, -11489.328], [-29917.729, -11490.616], [-29917.867, -11489.016], [-29925.169, -11487.834]]]}}, {"type": "Feature", "properties": {"nome": "625", "codice": "18", "vertici": 5}, "geometry": {"type": "Polygon", "coordinates": [[[-30002.741, -11444.607], [-30013.701, -11464.682], [-29991.554, -11477.248], [-29980.02, -11456.968], [-30002.741, -11444.607]]]}}, {"type": "Feature", "properties": {"nome": "626", "codice": "12", "vertici": 7}, "geometry": {"type": "Polygon", "coordinates": [[[-30017.564, -11472.101], [-30020.15, -11477.426], [-30009.467, -11482.496], [-30009.131, -11490.049], [-30002.218, -11495.0], [-29995.859, -11484.835], [-30017.564, -11472.101]]]}}, {"type": "Feature", "properties": {"nome": "628", "codice": "18", "vertici": 16}, "geometry": {"type": "Polygon", "coordinates": [[[-30169.878, -11866.206], [-30173.156, -11868.68], [-30157.827, -11880.851], [-30151.419, -11887.99], [-30146.435, -11895.715], [-30141.381, -11903.147], [-30138.085, -11912.738], [-30134.377, -11911.8], [-30133.007, -11911.034], [-30137.909, -11896.578], [-30141.841, -11887.204], [-30146.735, -11878.35], [-30150.905, -11872.949], [-30156.204, -11868.399], [-30165.023, -11861.569], [-30169.878, -11866.206]]]}}, {"type": "Feature", "properties": {"nome": "629", "codice": "18", "vertici": 19}, "geometry": {"type": "LineString", "coordinates": [[-29882.736, -12211.496], [-29886.367, -12219.752], [-29880.378, -12224.721], [-29864.473, -12237.552], [-29836.255, -12194.86], [-29842.545, -12190.789], [-29848.708, -12190.566], [-29852.637, -12186.979], [-29851.773, -12180.166], [-29854.333, -12179.282], [-29855.75, -12183.599], [-29862.336, -12175.449], [-29879.488, -12205.088], [-29882.736, -12211.496], [-29864.683, -12199.299], [-29857.549, -12191.064], [-29849.294, -12197.191], [-29856.707, -12205.863], [-29864.683, -12199.299]]}}, {"type": "Feature", "properties": {"nome": "63", "codice": "18", "vertici": 17}, "geometry": {"type": "Polygon", "coordinates": [[[-30535.417, -11573.305], [-30534.509, -11577.491], [-30529.641, -11577.11], [-30522.536, -11574.882], [-30517.009, -11574.582], [-30511.652, -11575.19], [-30498.773, -11560.474], [-30505.743, -11558.12], [-30522.482, -11546.887], [-30525.072, -11545.594], [-30533.253, -11538.49], [-30534.126, -11542.803], [-30532.746, -11553.637], [-30530.763, -11558.024], [-30530.31, -11562.512], [-30532.465, -11564.642], [-30535.417, -11573.305]]]}}, {"type": "Feature", "properties": {"nome": "632", "codice": "18", "vertici": 25}, "geometry": {"type": "Polygon", "coordinates": [[[-30990.697, -11455.094], [-30988.617, -11453.981], [-30986.03, -11451.125], [-30986.324, -11450.845], [-30985.434, -11449.563], [-30987.588, -11448.32], [-30987.01, -11447.207], [-30984.764, -11444.254], [-30985.622, -11442.943], [-30993.111, -11438.783], [-30995.509, -11442.509], [-31001.836, -11441.086], [-31006.643, -11441.938], [-31009.763, -11443.509], [-31009.406, -11444.215], [-31009.013, -11445.933], [-31008.548, -11447.182], [-31005.356, -11447.048], [-31004.008, -11447.389], [-30996.311, -11449.313], [-30994.073, -11452.686], [-30992.654, -11453.391], [-30991.712, -11455.688], [-30991.445, -11456.236], [-30990.697, -11455.094]]]}}, {"type": "Feature", "properties": {"nome": "633", "codice": "12", "vertici": 11}, "geometry": {"type": "Polygon", "coordinates": [[[-29957.791, -11503.954], [-29960.003, -11507.402], [-29954.871, -11510.558], [-29953.72, -11510.145], [-29951.188, -11511.709], [-29948.976, -11508.018], [-29946.762, -11503.902], [-29955.647, -11498.754], [-29958.006, -11502.689], [-29958.503, -11503.453], [-29957.791, -11503.954]]]}}, {"type": "Feature", "properties": {"nome": "635", "codice": "18", "vertici": 6}, "geometry": {"type": "Polygon", "coordinates": [[[-30231.924, -11781.198], [-30235.154, -11785.691], [-30214.301, -11797.115], [-30213.93, -11795.932], [-30227.387, -11787.42], [-30231.924, -11781.198]]]}}, {"type": "Feature", "properties": {"nome": "636", "codice": "18", "vertici": 5}, "geometry": {"type": "Polygon", "coordinates": [[[-30263.199, -11758.364], [-30265.081, -11762.696], [-30250.427, -11769.078], [-30247.624, -11763.925], [-30263.199, -11758.364]]]}}, {"type": "Feature", "properties": {"nome": "638", "codice": "18", "vertici": 5}, "geometry": {"type": "Polygon", "coordinates": [[[-30277.019, -11696.509], [-30274.603, -11702.586], [-30265.122, -11707.633], [-30257.861, -11707.43], [-30277.019, -11696.509]]]}}, {"type": "Feature", "properties": {"nome": "639", "codice": "18", "vertici": 5}, "geometry": {"type": "Polygon", "coordinates": [[[-30240.763, -11718.272], [-30242.826, -11727.914], [-30239.781, -11730.053], [-30232.273, -11722.272], [-30240.763, -11718.272]]]}}, {"type": "Feature", "properties": {"nome": "64", "codice": "18", "vertici": 46}, "geometry": {"type": "Polygon", "coordinates": [[[-30498.773, -11560.474], [-30498.426, -11562.064], [-30494.748, -11564.471], [-30492.248, -11565.096], [-30487.367, -11567.245], [-30483.715, -11567.379], [-30482.914, -11576.665], [-30480.591, -11576.845], [-30477.474, -11576.922], [-30468.373, -11574.07], [-30466.407, -11580.43], [-30470.516, -11582.65], [-30480.251, -11584.019], [-30482.04, -11585.451], [-30484.254, -11585.509], [-30484.791, -11594.713], [-30480.937, -11596.386], [-30478.963, -11596.374], [-30471.328, -11593.953], [-30469.019, -11599.781], [-30467.763, -11602.756], [-30464.374, -11603.288], [-30460.693, -11602.502], [-30460.177, -11601.161], [-30454.808, -11599.619], [-30448.68, -11598.541], [-30434.324, -11596.862], [-30430.241, -11597.605], [-30422.403, -11596.342], [-30426.147, -11584.601], [-30428.293, -11574.7], [-30429.374, -11571.152], [-30435.05, -11561.731], [-30444.329, -11548.029], [-30447.765, -11541.212], [-30448.381, -11537.856], [-30450.435, -11535.18], [-30453.987, -11533.381], [-30458.42, -11529.878], [-30463.616, -11527.848], [-30471.806, -11519.131], [-30478.95, -11510.003], [-30484.354, -11520.73], [-30489.656, -11536.838], [-30491.209, -11547.195], [-30498.773, -11560.474]]]}}, {"type": "Feature", "properties": {"nome": "640", "codice": "18", "vertici": 6}, "geometry": {"type": "Polygon", "coordinates": [[[-30258.788, -11751.338], [-30261.509, -11755.509], [-30257.592, -11756.088], [-30255.374, -11751.957], [-30257.135, -11749.267], [-30258.788, -11751.338]]]}}, {"type": "Feature", "properties": {"nome": "641", "codice": "12", "vertici": 6}, "geometry": {"type": "Polygon", "coordinates": [[[-30096.072, -11938.561], [-30096.493, -11945.214], [-30094.168, -11945.228], [-30091.588, -11945.231], [-30091.763, -11938.509], [-30096.072, -11938.561]]]}}, {"type": "Feature", "properties": {"nome": "642", "codice": "12", "vertici": 5}, "geometry": {"type": "Polygon", "coordinates": [[[-30101.359, -11944.614], [-30102.049, -11951.322], [-30097.255, -11951.688], [-30096.493, -11945.214], [-30101.359, -11944.614]]]}}, {"type": "Feature", "properties": {"nome": "65", "codice": "18", "vertici": 18}, "geometry": {"type": "Polygon", "coordinates": [[[-30695.763, -11636.527], [-30690.189, -11635.105], [-30687.505, -11630.96], [-30683.82, -11630.726], [-30681.431, -11627.296], [-30679.666, -11629.062], [-30677.477, -11628.711], [-30675.694, -11632.036], [-30668.84, -11639.191], [-30665.262, -11640.303], [-30661.879, -11629.825], [-30659.752, -11623.593], [-30666.351, -11616.046], [-30666.267, -11603.862], [-30679.384, -11606.751], [-30684.508, -11607.096], [-30687.657, -11620.857], [-30695.763, -11636.527]]]}}, {"type": "Feature", "properties": {"nome": "651", "codice": "18", "vertici": 12}, "geometry": {"type": "LineString", "coordinates": [[-29987.809, -12107.811], [-29998.867, -12113.278], [-29989.184, -12129.993], [-29980.161, -12125.429], [-29977.595, -12123.938], [-29979.113, -12122.261], [-29987.809, -12107.811], [-29982.466, -12125.157], [-29984.63, -12126.395], [-29988.764, -12119.571], [-29986.599, -12118.334], [-29982.466, -12125.157]]}}, {"type": "Feature", "properties": {"nome": "66", "codice": "18", "vertici": 8}, "geometry": {"type": "Polygon", "coordinates": [[[-30658.958, -11603.515], [-30666.267, -11603.862], [-30666.351, -11616.046], [-30659.752, -11623.593], [-30657.555, -11617.492], [-30654.556, -11612.453], [-30657.247, -11608.93], [-30658.958, -11603.515]]]}}, {"type": "Feature", "properties": {"nome": "660", "codice": "12", "vertici": 10}, "geometry": {"type": "Polygon", "coordinates": [[[-29930.495, -11681.617], [-29928.985, -11687.78], [-29918.164, -11679.974], [-29915.909, -11681.595], [-29898.594, -11666.411], [-29900.568, -11658.628], [-29901.735, -11659.188], [-29902.097, -11659.988], [-29919.648, -11676.482], [-29930.495, -11681.617]]]}}, {"type": "Feature", "properties": {"nome": "661", "codice": "12", "vertici": 14}, "geometry": {"type": "Polygon", "coordinates": [[[-29991.267, -11727.441], [-30005.436, -11737.783], [-30002.508, -11742.509], [-29997.251, -11739.064], [-29991.704, -11741.851], [-29986.464, -11746.582], [-29976.904, -11752.193], [-29968.349, -11755.041], [-29965.31, -11757.108], [-29965.124, -11753.792], [-29972.814, -11720.481], [-29974.864, -11711.275], [-29991.796, -11720.521], [-29991.267, -11727.441]]]}}, {"type": "Feature", "properties": {"nome": "662", "codice": "12", "vertici": 5}, "geometry": {"type": "Polygon", "coordinates": [[[-29964.648, -11757.137], [-29965.124, -11753.792], [-29965.31, -11757.108], [-29964.898, -11757.388], [-29964.648, -11757.137]]]}}, {"type": "Feature", "properties": {"nome": "663", "codice": "18", "vertici": 21}, "geometry": {"type": "Polygon", "coordinates": [[[-30060.571, -11777.932], [-30059.541, -11778.855], [-30055.46, -11781.952], [-30045.782, -11787.508], [-30041.903, -11777.977], [-30030.117, -11779.292], [-30017.735, -11784.982], [-30015.871, -11787.438], [-30011.312, -11787.166], [-30000.999, -11774.306], [-29996.763, -11775.123], [-29993.788, -11773.066], [-29988.12, -11774.763], [-29983.263, -11771.049], [-29985.095, -11764.633], [-29990.397, -11759.194], [-29994.093, -11753.716], [-29997.484, -11751.93], [-30002.508, -11742.509], [-30005.436, -11737.783], [-30060.571, -11777.932]]]}}, {"type": "Feature", "properties": {"nome": "664", "codice": "18", "vertici": 6}, "geometry": {"type": "Polygon", "coordinates": [[[-29988.12, -11774.763], [-29985.733, -11775.458], [-29981.073, -11774.333], [-29981.254, -11773.523], [-29983.263, -11771.049], [-29988.12, -11774.763]]]}}, {"type": "Feature", "properties": {"nome": "665", "codice": "18", "vertici": 7}, "geometry": {"type": "Polygon", "coordinates": [[[-30011.312, -11787.166], [-30003.908, -11787.003], [-29988.12, -11774.763], [-29993.788, -11773.066], [-29996.763, -11775.123], [-30000.999, -11774.306], [-30011.312, -11787.166]]]}}, {"type": "Feature", "properties": {"nome": "666", "codice": "18", "vertici": 14}, "geometry": {"type": "Polygon", "coordinates": [[[-30048.463, -11797.152], [-30047.616, -11803.899], [-30043.089, -11809.387], [-30042.782, -11813.66], [-30032.322, -11799.808], [-30028.78, -11796.056], [-30017.643, -11788.203], [-30015.871, -11787.438], [-30017.735, -11784.982], [-30030.117, -11779.292], [-30041.903, -11777.977], [-30045.782, -11787.508], [-30046.272, -11791.0], [-30048.463, -11797.152]]]}}, {"type": "Feature", "properties": {"nome": "667", "codice": "18", "vertici": 10}, "geometry": {"type": "Polygon", "coordinates": [[[-30063.195, -11780.132], [-30068.94, -11784.146], [-30046.158, -11815.866], [-30042.782, -11813.66], [-30043.089, -11809.387], [-30047.616, -11803.899], [-30048.463, -11797.152], [-30046.272, -11791.0], [-30058.508, -11783.595], [-30063.195, -11780.132]]]}}, {"type": "Feature", "properties": {"nome": "668", "codice": "12", "vertici": 5}, "geometry": {"type": "Polygon", "coordinates": [[[-29798.396, -11678.209], [-29801.144, -11680.467], [-29796.894, -11685.11], [-29795.163, -11682.07], [-29798.396, -11678.209]]]}}, {"type": "Feature", "properties": {"nome": "67", "codice": "18", "vertici": 17}, "geometry": {"type": "Polygon", "coordinates": [[[-30661.879, -11629.825], [-30660.012, -11629.741], [-30658.49, -11630.82], [-30653.577, -11633.757], [-30647.646, -11638.33], [-30639.397, -11641.426], [-30640.219, -11623.289], [-30639.581, -11617.389], [-30639.071, -11604.886], [-30639.514, -11602.234], [-30641.9, -11603.754], [-30643.191, -11606.023], [-30651.591, -11611.024], [-30654.556, -11612.453], [-30657.555, -11617.492], [-30659.752, -11623.593], [-30661.879, -11629.825]]]}}, {"type": "Feature", "properties": {"nome": "676", "codice": "12", "vertici": 4}, "geometry": {"type": "Polygon", "coordinates": [[[-29880.033, -12086.391], [-29882.872, -12086.431], [-29876.384, -12112.675], [-29880.033, -12086.391]]]}}, {"type": "Feature", "properties": {"nome": "677", "codice": "18", "vertici": 5}, "geometry": {"type": "Polygon", "coordinates": [[[-29903.779, -12086.935], [-29903.926, -12088.47], [-29901.597, -12088.326], [-29901.439, -12086.991], [-29903.779, -12086.935]]]}}, {"type": "Feature", "properties": {"nome": "678", "codice": "12", "vertici": 5}, "geometry": {"type": "Polygon", "coordinates": [[[-29907.692, -12087.158], [-29907.938, -12088.402], [-29903.926, -12088.47], [-29903.779, -12086.935], [-29907.692, -12087.158]]]}}, {"type": "Feature", "properties": {"nome": "679", "codice": "18", "vertici": 7}, "geometry": {"type": "Polygon", "coordinates": [[[-29894.457, -11629.85], [-29885.198, -11640.691], [-29867.726, -11624.912], [-29876.462, -11613.617], [-29886.777, -11623.304], [-29893.572, -11629.095], [-29894.457, -11629.85]]]}}, {"type": "Feature", "properties": {"nome": "68", "codice": "18", "vertici": 19}, "geometry": {"type": "Polygon", "coordinates": [[[-30637.6, -11647.608], [-30638.921, -11658.961], [-30633.076, -11659.886], [-30631.408, -11659.916], [-30625.803, -11659.435], [-30619.991, -11657.661], [-30620.401, -11652.859], [-30626.917, -11626.921], [-30624.874, -11613.023], [-30625.625, -11607.073], [-30632.275, -11606.562], [-30632.932, -11606.004], [-30637.254, -11604.782], [-30637.683, -11612.504], [-30637.615, -11617.453], [-30638.413, -11625.134], [-30637.564, -11642.051], [-30638.392, -11645.029], [-30637.6, -11647.608]]]}}, {"type": "Feature", "properties": {"nome": "680", "codice": "12", "vertici": 8}, "geometry": {"type": "Polygon", "coordinates": [[[-29876.462, -11613.617], [-29867.726, -11624.912], [-29859.708, -11617.648], [-29854.362, -11612.909], [-29857.559, -11606.23], [-29858.651, -11603.89], [-29866.947, -11604.251], [-29876.462, -11613.617]]]}}, {"type": "Feature", "properties": {"nome": "681", "codice": "18", "vertici": 20}, "geometry": {"type": "Polygon", "coordinates": [[[-30568.424, -11501.182], [-30568.516, -11502.807], [-30568.3, -11507.699], [-30567.252, -11517.915], [-30565.131, -11535.757], [-30561.869, -11540.086], [-30551.434, -11537.748], [-30545.731, -11537.088], [-30533.046, -11532.926], [-30533.136, -11531.933], [-30511.319, -11513.971], [-30519.312, -11497.986], [-30519.214, -11496.712], [-30521.941, -11482.797], [-30531.452, -11473.149], [-30543.91, -11478.413], [-30555.047, -11486.011], [-30561.838, -11492.196], [-30566.093, -11492.907], [-30568.424, -11501.182]]]}}, {"type": "Feature", "properties": {"nome": "683", "codice": "12", "vertici": 8}, "geometry": {"type": "Polygon", "coordinates": [[[-29992.062, -12148.813], [-29990.846, -12152.465], [-29982.254, -12158.236], [-29980.503, -12156.888], [-29970.358, -12141.77], [-29984.323, -12148.795], [-29988.635, -12149.408], [-29992.062, -12148.813]]]}}, {"type": "Feature", "properties": {"nome": "689", "codice": "12", "vertici": 5}, "geometry": {"type": "Polygon", "coordinates": [[[-30207.535, -11637.494], [-30201.939, -11642.183], [-30193.149, -11642.603], [-30193.356, -11637.548], [-30207.535, -11637.494]]]}}, {"type": "Feature", "properties": {"nome": "69", "codice": "18", "vertici": 30}, "geometry": {"type": "Polygon", "coordinates": [[[-30638.921, -11658.961], [-30639.103, -11659.324], [-30637.509, -11663.018], [-30634.509, -11664.018], [-30632.762, -11667.018], [-30629.254, -11667.509], [-30605.602, -11658.826], [-30597.427, -11656.86], [-30600.974, -11648.437], [-30596.12, -11643.257], [-30592.517, -11636.947], [-30590.675, -11632.452], [-30587.881, -11633.321], [-30585.206, -11609.688], [-30586.265, -11604.702], [-30591.37, -11605.04], [-30598.898, -11602.58], [-30612.028, -11603.82], [-30615.632, -11604.199], [-30619.334, -11606.257], [-30622.669, -11605.581], [-30625.625, -11607.073], [-30624.874, -11613.023], [-30626.917, -11626.921], [-30620.401, -11652.859], [-30619.991, -11657.661], [-30625.803, -11659.435], [-30631.408, -11659.916], [-30633.076, -11659.886], [-30638.921, -11658.961]]]}}, {"type": "Feature", "properties": {"nome": "690", "codice": "12", "vertici": 5}, "geometry": {"type": "Polygon", "coordinates": [[[-30193.356, -11637.548], [-30193.149, -11642.603], [-30183.82, -11643.125], [-30186.16, -11637.615], [-30193.356, -11637.548]]]}}, {"type": "Feature", "properties": {"nome": "691", "codice": "12", "vertici": 22}, "geometry": {"type": "LineString", "coordinates": [[-30249.848, -11682.385], [-30249.712, -11679.609], [-30249.58, -11675.931], [-30249.652, -11675.292], [-30272.501, -11674.283], [-30283.255, -11668.509], [-30280.358, -11678.933], [-30279.729, -11685.802], [-30280.793, -11687.436], [-30281.369, -11693.32], [-30277.019, -11696.509], [-30274.751, -11694.519], [-30269.284, -11688.343], [-30262.228, -11688.763], [-30258.004, -11687.691], [-30250.807, -11689.05], [-30249.848, -11682.385], [-30266.392, -11684.146], [-30279.368, -11680.785], [-30277.942, -11676.478], [-30264.858, -11679.836], [-30266.392, -11684.146]]}}, {"type": "Feature", "properties": {"nome": "692", "codice": "12", "vertici": 17}, "geometry": {"type": "Polygon", "coordinates": [[[-30260.677, -11745.776], [-30258.173, -11747.565], [-30259.698, -11750.617], [-30258.788, -11751.338], [-30257.135, -11749.267], [-30252.801, -11743.42], [-30249.409, -11739.859], [-30292.194, -11723.078], [-30293.008, -11731.93], [-30295.892, -11734.406], [-30295.83, -11739.777], [-30286.403, -11744.122], [-30279.579, -11749.086], [-30275.203, -11740.739], [-30264.947, -11742.751], [-30262.555, -11744.433], [-30260.677, -11745.776]]]}}, {"type": "Feature", "properties": {"nome": "694", "codice": "18", "vertici": 6}, "geometry": {"type": "Polygon", "coordinates": [[[-29896.226, -12153.821], [-29889.649, -12157.286], [-29876.355, -12129.123], [-29882.832, -12125.682], [-29895.385, -12152.057], [-29896.226, -12153.821]]]}}, {"type": "Feature", "properties": {"nome": "695", "codice": "12", "vertici": 8}, "geometry": {"type": "Polygon", "coordinates": [[[-30071.071, -11958.296], [-30072.283, -11957.594], [-30074.208, -11959.286], [-30072.03, -11961.024], [-30070.162, -11958.83], [-30067.76, -11955.97], [-30068.555, -11955.494], [-30071.071, -11958.296]]]}}, {"type": "Feature", "properties": {"nome": "697", "codice": "18", "vertici": 21}, "geometry": {"type": "Polygon", "coordinates": [[[-30330.093, -11728.28], [-30330.938, -11729.729], [-30324.88, -11734.462], [-30312.518, -11740.023], [-30306.338, -11740.879], [-30302.397, -11741.069], [-30297.172, -11742.993], [-30293.287, -11744.482], [-30282.087, -11751.748], [-30263.199, -11758.364], [-30262.26, -11757.121], [-30277.023, -11750.849], [-30279.793, -11750.874], [-30285.914, -11746.654], [-30292.353, -11743.891], [-30296.896, -11741.402], [-30302.149, -11740.319], [-30305.172, -11739.829], [-30313.024, -11739.22], [-30320.848, -11735.202], [-30330.093, -11728.28]]]}}, {"type": "Feature", "properties": {"nome": "698", "codice": "18", "vertici": 5}, "geometry": {"type": "Polygon", "coordinates": [[[-30226.88, -11770.986], [-30231.384, -11769.626], [-30209.966, -11782.721], [-30204.373, -11783.995], [-30226.88, -11770.986]]]}}, {"type": "Feature", "properties": {"nome": "699", "codice": "18", "vertici": 5}, "geometry": {"type": "Polygon", "coordinates": [[[-30262.26, -11757.121], [-30263.199, -11758.364], [-30247.624, -11763.925], [-30255.506, -11759.836], [-30262.26, -11757.121]]]}}, {"type": "Feature", "properties": {"nome": "7", "codice": "18", "vertici": 26}, "geometry": {"type": "Polygon", "coordinates": [[[-31082.888, -11555.145], [-31082.692, -11561.817], [-31078.778, -11559.41], [-31073.273, -11553.649], [-31054.562, -11542.878], [-31044.762, -11540.797], [-31036.61, -11537.505], [-31025.503, -11529.975], [-31017.169, -11518.84], [-31009.002, -11511.017], [-31006.255, -11510.254], [-31018.935, -11490.865], [-31028.591, -11497.15], [-31039.423, -11499.118], [-31050.446, -11498.455], [-31051.536, -11508.301], [-31068.485, -11513.131], [-31067.975, -11524.101], [-31059.174, -11522.603], [-31041.5, -11522.349], [-31039.419, -11536.548], [-31049.662, -11535.983], [-31056.905, -11541.454], [-31063.663, -11545.892], [-31071.989, -11548.444], [-31082.888, -11555.145]]]}}, {"type": "Feature", "properties": {"nome": "70", "codice": "18", "vertici": 12}, "geometry": {"type": "Polygon", "coordinates": [[[-30550.763, -11587.509], [-30557.254, -11590.254], [-30550.515, -11600.998], [-30546.951, -11608.335], [-30541.197, -11614.073], [-30537.162, -11615.97], [-30532.01, -11616.746], [-30531.657, -11611.903], [-30530.606, -11607.673], [-30542.916, -11600.041], [-30547.089, -11594.875], [-30550.763, -11587.509]]]}}, {"type": "Feature", "properties": {"nome": "700", "codice": "12", "vertici": 10}, "geometry": {"type": "Polygon", "coordinates": [[[-30237.402, -11768.656], [-30233.662, -11770.639], [-30226.786, -11776.156], [-30211.604, -11784.865], [-30209.767, -11784.685], [-30205.97, -11786.508], [-30204.373, -11783.995], [-30209.966, -11782.721], [-30231.384, -11769.626], [-30237.402, -11768.656]]]}}, {"type": "Feature", "properties": {"nome": "701", "codice": "12", "vertici": 5}, "geometry": {"type": "Polygon", "coordinates": [[[-29896.226, -12153.821], [-29895.385, -12152.057], [-29902.89, -12148.076], [-29903.849, -12149.742], [-29896.226, -12153.821]]]}}, {"type": "Feature", "properties": {"nome": "703", "codice": "12", "vertici": 5}, "geometry": {"type": "Polygon", "coordinates": [[[-30518.047, -11686.474], [-30516.971, -11694.002], [-30508.647, -11692.565], [-30509.675, -11685.35], [-30518.047, -11686.474]]]}}, {"type": "Feature", "properties": {"nome": "704", "codice": "18", "vertici": 34}, "geometry": {"type": "Polygon", "coordinates": [[[-30612.88, -11589.747], [-30612.795, -11598.116], [-30612.028, -11603.82], [-30598.898, -11602.58], [-30591.37, -11605.04], [-30586.265, -11604.702], [-30577.099, -11601.808], [-30577.277, -11599.885], [-30577.877, -11595.024], [-30579.527, -11589.884], [-30582.464, -11586.714], [-30585.137, -11586.475], [-30587.02, -11577.833], [-30588.625, -11564.605], [-30591.043, -11554.642], [-30591.484, -11552.102], [-30584.59, -11548.497], [-30577.921, -11546.734], [-30582.987, -11543.196], [-30583.811, -11533.241], [-30583.278, -11521.427], [-30582.01, -11519.477], [-30581.254, -11511.412], [-30584.626, -11512.055], [-30592.31, -11516.364], [-30592.185, -11517.533], [-30600.299, -11527.735], [-30605.338, -11538.247], [-30606.887, -11546.126], [-30609.509, -11553.0], [-30604.623, -11557.853], [-30608.688, -11579.635], [-30611.066, -11583.574], [-30612.88, -11589.747]]]}}, {"type": "Feature", "properties": {"nome": "706", "codice": "18", "vertici": 38}, "geometry": {"type": "Polygon", "coordinates": [[[-30540.481, -11634.656], [-30545.614, -11645.665], [-30532.199, -11646.297], [-30515.912, -11643.071], [-30514.058, -11627.573], [-30509.365, -11626.001], [-30498.959, -11630.981], [-30489.235, -11638.576], [-30466.867, -11644.716], [-30466.523, -11643.009], [-30461.468, -11645.511], [-30459.637, -11644.642], [-30460.331, -11642.441], [-30458.734, -11631.827], [-30459.836, -11626.431], [-30458.943, -11625.041], [-30454.671, -11626.114], [-30452.987, -11625.744], [-30454.088, -11617.068], [-30455.761, -11613.061], [-30462.434, -11614.556], [-30466.576, -11614.008], [-30470.56, -11615.853], [-30473.625, -11614.798], [-30478.029, -11614.972], [-30483.023, -11614.187], [-30497.209, -11607.134], [-30502.293, -11605.943], [-30508.105, -11606.313], [-30520.125, -11608.791], [-30523.651, -11610.568], [-30531.657, -11611.903], [-30532.01, -11616.746], [-30530.846, -11620.664], [-30529.179, -11620.35], [-30529.149, -11630.884], [-30533.23, -11633.172], [-30540.481, -11634.656]]]}}, {"type": "Feature", "properties": {"nome": "707", "codice": "12", "vertici": 7}, "geometry": {"type": "Polygon", "coordinates": [[[-30399.399, -11673.384], [-30390.711, -11670.803], [-30394.046, -11667.255], [-30394.303, -11666.982], [-30396.962, -11667.105], [-30397.345, -11668.09], [-30399.399, -11673.384]]]}}, {"type": "Feature", "properties": {"nome": "71", "codice": "18", "vertici": 17}, "geometry": {"type": "Polygon", "coordinates": [[[-30511.652, -11575.19], [-30509.509, -11590.509], [-30501.015, -11590.24], [-30487.528, -11596.998], [-30483.527, -11599.647], [-30483.834, -11601.067], [-30479.437, -11601.852], [-30474.227, -11601.405], [-30469.019, -11599.781], [-30471.328, -11593.953], [-30478.963, -11596.374], [-30480.937, -11596.386], [-30484.791, -11594.713], [-30484.254, -11585.509], [-30492.357, -11581.788], [-30503.104, -11578.728], [-30511.652, -11575.19]]]}}, {"type": "Feature", "properties": {"nome": "712", "codice": "12", "vertici": 9}, "geometry": {"type": "Polygon", "coordinates": [[[-29960.278, -11958.831], [-29961.933, -11959.316], [-29956.279, -11974.379], [-29950.99, -11993.051], [-29946.976, -12003.464], [-29937.816, -12020.05], [-29946.102, -12003.085], [-29953.159, -11982.186], [-29960.278, -11958.831]]]}}, {"type": "Feature", "properties": {"nome": "713", "codice": "18", "vertici": 10}, "geometry": {"type": "Polygon", "coordinates": [[[-29916.637, -11926.239], [-29913.057, -11933.824], [-29910.182, -11942.416], [-29904.383, -11951.258], [-29902.921, -11950.401], [-29903.71, -11943.667], [-29904.122, -11941.382], [-29909.953, -11928.657], [-29912.079, -11922.871], [-29916.637, -11926.239]]]}}, {"type": "Feature", "properties": {"nome": "715", "codice": "12", "vertici": 13}, "geometry": {"type": "Polygon", "coordinates": [[[-29943.497, -11894.1], [-29946.755, -11895.684], [-29942.024, -11901.748], [-29939.269, -11905.575], [-29935.55, -11910.737], [-29930.108, -11912.918], [-29920.005, -11921.44], [-29916.637, -11926.239], [-29912.079, -11922.871], [-29913.018, -11920.104], [-29937.684, -11898.393], [-29941.39, -11894.131], [-29943.497, -11894.1]]]}}, {"type": "Feature", "properties": {"nome": "716", "codice": "12", "vertici": 8}, "geometry": {"type": "Polygon", "coordinates": [[[-29930.108, -11912.918], [-29935.55, -11910.737], [-29933.369, -11913.601], [-29923.229, -11926.916], [-29921.383, -11930.371], [-29916.637, -11926.239], [-29920.005, -11921.44], [-29930.108, -11912.918]]]}}, {"type": "Feature", "properties": {"nome": "717", "codice": "12", "vertici": 17}, "geometry": {"type": "Polygon", "coordinates": [[[-29983.018, -11871.509], [-29979.157, -11877.687], [-29978.499, -11882.021], [-29975.269, -11881.462], [-29971.409, -11873.57], [-29961.722, -11879.149], [-29954.803, -11886.837], [-29947.754, -11894.656], [-29946.755, -11895.684], [-29943.497, -11894.1], [-29941.39, -11894.131], [-29952.133, -11881.027], [-29962.213, -11872.328], [-29962.981, -11871.671], [-29968.762, -11869.145], [-29975.223, -11869.954], [-29983.018, -11871.509]]]}}, {"type": "Feature", "properties": {"nome": "718", "codice": "12", "vertici": 6}, "geometry": {"type": "Polygon", "coordinates": [[[-29971.409, -11873.57], [-29975.269, -11881.462], [-29970.348, -11880.222], [-29965.001, -11883.763], [-29961.722, -11879.149], [-29971.409, -11873.57]]]}}, {"type": "Feature", "properties": {"nome": "719", "codice": "18", "vertici": 8}, "geometry": {"type": "Polygon", "coordinates": [[[-29984.956, -11877.965], [-29984.643, -11878.844], [-29979.354, -11893.946], [-29977.072, -11892.399], [-29980.477, -11882.774], [-29981.56, -11877.671], [-29984.311, -11873.946], [-29984.956, -11877.965]]]}}, {"type": "Feature", "properties": {"nome": "72", "codice": "18", "vertici": 42}, "geometry": {"type": "Polygon", "coordinates": [[[-30530.606, -11607.673], [-30531.657, -11611.903], [-30523.651, -11610.568], [-30520.125, -11608.791], [-30508.105, -11606.313], [-30502.293, -11605.943], [-30497.209, -11607.134], [-30483.023, -11614.187], [-30478.029, -11614.972], [-30473.625, -11614.798], [-30470.56, -11615.853], [-30466.576, -11614.008], [-30462.434, -11614.556], [-30455.761, -11613.061], [-30453.2, -11610.661], [-30438.444, -11609.02], [-30433.617, -11607.504], [-30425.799, -11605.741], [-30420.253, -11605.066], [-30421.221, -11602.05], [-30421.907, -11599.248], [-30422.403, -11596.342], [-30430.241, -11597.605], [-30434.324, -11596.862], [-30448.68, -11598.541], [-30454.808, -11599.619], [-30460.177, -11601.161], [-30460.693, -11602.502], [-30464.374, -11603.288], [-30467.763, -11602.756], [-30469.019, -11599.781], [-30474.227, -11601.405], [-30479.437, -11601.852], [-30483.834, -11601.067], [-30484.079, -11602.762], [-30487.796, -11601.266], [-30496.955, -11596.413], [-30504.199, -11594.209], [-30519.536, -11599.788], [-30525.015, -11602.346], [-30529.874, -11603.86], [-30530.606, -11607.673]]]}}, {"type": "Feature", "properties": {"nome": "720", "codice": "18", "vertici": 14}, "geometry": {"type": "Polygon", "coordinates": [[[-29977.072, -11892.399], [-29979.354, -11893.946], [-29975.445, -11904.718], [-29974.924, -11915.8], [-29974.283, -11931.324], [-29973.095, -11934.409], [-29969.44, -11947.257], [-29968.127, -11946.67], [-29970.172, -11938.412], [-29972.319, -11928.473], [-29974.114, -11911.151], [-29973.159, -11904.018], [-29974.944, -11896.786], [-29977.072, -11892.399]]]}}, {"type": "Feature", "properties": {"nome": "721", "codice": "18", "vertici": 9}, "geometry": {"type": "Polygon", "coordinates": [[[-29970.657, -11905.888], [-29971.608, -11913.276], [-29970.213, -11928.18], [-29968.554, -11930.93], [-29970.384, -11917.392], [-29969.603, -11912.544], [-29968.281, -11911.936], [-29969.416, -11907.82], [-29970.657, -11905.888]]]}}, {"type": "Feature", "properties": {"nome": "722", "codice": "12", "vertici": 9}, "geometry": {"type": "Polygon", "coordinates": [[[-29968.127, -11946.67], [-29969.44, -11947.257], [-29965.572, -11961.251], [-29960.478, -11976.188], [-29958.022, -11984.288], [-29956.298, -11983.247], [-29958.815, -11974.956], [-29964.318, -11960.384], [-29968.127, -11946.67]]]}}, {"type": "Feature", "properties": {"nome": "723", "codice": "12", "vertici": 4}, "geometry": {"type": "Polygon", "coordinates": [[[-29978.499, -11882.021], [-29977.454, -11885.654], [-29975.269, -11881.462], [-29978.499, -11882.021]]]}}, {"type": "Feature", "properties": {"nome": "724", "codice": "12", "vertici": 6}, "geometry": {"type": "Polygon", "coordinates": [[[-29956.298, -11983.247], [-29958.022, -11984.288], [-29954.188, -11995.456], [-29950.226, -12004.663], [-29952.495, -11993.508], [-29956.298, -11983.247]]]}}, {"type": "Feature", "properties": {"nome": "726", "codice": "18", "vertici": 5}, "geometry": {"type": "Polygon", "coordinates": [[[-29937.989, -12030.964], [-29937.241, -12032.556], [-29935.225, -12031.958], [-29936.191, -12029.757], [-29937.989, -12030.964]]]}}, {"type": "Feature", "properties": {"nome": "727", "codice": "12", "vertici": 7}, "geometry": {"type": "Polygon", "coordinates": [[[-29935.225, -12031.958], [-29937.241, -12032.556], [-29933.363, -12047.082], [-29932.738, -12053.404], [-29930.899, -12052.835], [-29934.447, -12033.699], [-29935.225, -12031.958]]]}}, {"type": "Feature", "properties": {"nome": "728", "codice": "12", "vertici": 6}, "geometry": {"type": "Polygon", "coordinates": [[[-29932.738, -12053.404], [-29930.954, -12062.892], [-29929.031, -12074.271], [-29927.17, -12073.785], [-29930.899, -12052.835], [-29932.738, -12053.404]]]}}, {"type": "Feature", "properties": {"nome": "729", "codice": "12", "vertici": 14}, "geometry": {"type": "Polygon", "coordinates": [[[-29940.746, -12117.406], [-29939.625, -12120.306], [-29937.008, -12118.829], [-29933.163, -12114.588], [-29927.544, -12105.314], [-29925.314, -12098.691], [-29924.466, -12088.947], [-29927.17, -12073.785], [-29929.031, -12074.271], [-29927.967, -12079.202], [-29927.765, -12086.99], [-29931.283, -12102.488], [-29936.343, -12112.324], [-29940.746, -12117.406]]]}}, {"type": "Feature", "properties": {"nome": "73", "codice": "18", "vertici": 45}, "geometry": {"type": "LineString", "coordinates": [[-30695.763, -11636.527], [-30696.951, -11645.996], [-30688.819, -11650.721], [-30685.482, -11654.184], [-30678.118, -11658.15], [-30673.722, -11667.586], [-30670.674, -11678.511], [-30658.56, -11686.447], [-30659.348, -11689.386], [-30638.795, -11689.374], [-30639.023, -11692.403], [-30628.773, -11690.353], [-30629.102, -11685.664], [-30630.626, -11680.295], [-30629.998, -11677.729], [-30633.417, -11677.557], [-30635.166, -11674.925], [-30634.268, -11667.531], [-30635.545, -11664.842], [-30638.345, -11664.264], [-30640.514, -11659.753], [-30638.911, -11647.95], [-30640.542, -11645.516], [-30639.397, -11641.426], [-30647.646, -11638.33], [-30653.577, -11633.757], [-30658.49, -11630.82], [-30660.012, -11629.741], [-30661.879, -11629.825], [-30665.262, -11640.303], [-30668.84, -11639.191], [-30675.694, -11632.036], [-30677.477, -11628.711], [-30679.666, -11629.062], [-30681.431, -11627.296], [-30683.82, -11630.726], [-30687.505, -11630.96], [-30690.189, -11635.105], [-30695.763, -11636.527], [-30692.509, -11645.018], [-30689.763, -11641.272], [-30678.349, -11647.411], [-30678.433, -11650.73], [-30680.353, -11652.38], [-30692.509, -11645.018]]}}, {"type": "Feature", "properties": {"nome": "730", "codice": "12", "vertici": 5}, "geometry": {"type": "Polygon", "coordinates": [[[-29946.427, -12124.113], [-29941.424, -12121.73], [-29939.625, -12120.306], [-29940.746, -12117.406], [-29946.427, -12124.113]]]}}, {"type": "Feature", "properties": {"nome": "731", "codice": "18", "vertici": 6}, "geometry": {"type": "Polygon", "coordinates": [[[-29952.654, -12132.797], [-29944.357, -12136.496], [-29941.689, -12132.711], [-29942.444, -12132.608], [-29943.254, -12129.254], [-29952.654, -12132.797]]]}}, {"type": "Feature", "properties": {"nome": "737", "codice": "12", "vertici": 5}, "geometry": {"type": "Polygon", "coordinates": [[[-29720.094, -11600.845], [-29718.503, -11601.792], [-29695.138, -11569.604], [-29708.593, -11585.956], [-29720.094, -11600.845]]]}}, {"type": "Feature", "properties": {"nome": "738", "codice": "18", "vertici": 14}, "geometry": {"type": "Polygon", "coordinates": [[[-29777.035, -11664.855], [-29776.227, -11665.652], [-29766.463, -11670.042], [-29766.439, -11670.008], [-29765.757, -11670.316], [-29756.914, -11657.839], [-29748.339, -11644.009], [-29738.869, -11628.005], [-29736.793, -11624.338], [-29725.892, -11608.261], [-29721.104, -11602.138], [-29727.4, -11599.589], [-29734.466, -11596.623], [-29777.035, -11664.855]]]}}, {"type": "Feature", "properties": {"nome": "739", "codice": "18", "vertici": 7}, "geometry": {"type": "Polygon", "coordinates": [[[-29857.678, -11668.746], [-29856.066, -11670.219], [-29854.484, -11671.779], [-29817.846, -11642.272], [-29820.667, -11639.247], [-29828.887, -11645.438], [-29857.678, -11668.746]]]}}, {"type": "Feature", "properties": {"nome": "74", "codice": "18", "vertici": 6}, "geometry": {"type": "Polygon", "coordinates": [[[-30689.763, -11641.272], [-30692.509, -11645.018], [-30680.353, -11652.38], [-30678.433, -11650.73], [-30678.349, -11647.411], [-30689.763, -11641.272]]]}}, {"type": "Feature", "properties": {"nome": "740", "codice": "12", "vertici": 5}, "geometry": {"type": "Polygon", "coordinates": [[[-30544.451, -11551.342], [-30542.239, -11556.844], [-30538.576, -11555.543], [-30541.099, -11549.891], [-30544.451, -11551.342]]]}}, {"type": "Feature", "properties": {"nome": "741", "codice": "18", "vertici": 5}, "geometry": {"type": "Polygon", "coordinates": [[[-30228.688, -11547.885], [-30229.177, -11549.981], [-30227.667, -11550.314], [-30227.177, -11548.189], [-30228.688, -11547.885]]]}}, {"type": "Feature", "properties": {"nome": "742", "codice": "18", "vertici": 12}, "geometry": {"type": "Polygon", "coordinates": [[[-30217.583, -11506.166], [-30221.169, -11506.407], [-30221.663, -11507.071], [-30223.443, -11519.08], [-30225.43, -11529.897], [-30227.708, -11541.616], [-30227.307, -11541.779], [-30223.91, -11542.279], [-30221.952, -11531.762], [-30220.53, -11524.268], [-30219.676, -11519.696], [-30217.583, -11506.166]]]}}, {"type": "Feature", "properties": {"nome": "743", "codice": "12", "vertici": 10}, "geometry": {"type": "Polygon", "coordinates": [[[-30301.869, -11725.135], [-30301.47, -11724.032], [-30303.143, -11723.38], [-30304.936, -11728.577], [-30303.927, -11728.975], [-30303.553, -11728.131], [-30302.982, -11728.425], [-30294.835, -11732.588], [-30293.116, -11730.076], [-30301.869, -11725.135]]]}}, {"type": "Feature", "properties": {"nome": "745", "codice": "12", "vertici": 5}, "geometry": {"type": "Polygon", "coordinates": [[[-30201.607, -11686.178], [-30199.932, -11687.813], [-30196.878, -11684.593], [-30198.54, -11683.066], [-30201.607, -11686.178]]]}}, {"type": "Feature", "properties": {"nome": "746", "codice": "12", "vertici": 5}, "geometry": {"type": "Polygon", "coordinates": [[[-30207.378, -11689.032], [-30206.11, -11690.862], [-30203.433, -11688.974], [-30204.671, -11687.166], [-30207.378, -11689.032]]]}}, {"type": "Feature", "properties": {"nome": "747", "codice": "12", "vertici": 5}, "geometry": {"type": "Polygon", "coordinates": [[[-30217.482, -11693.617], [-30216.497, -11695.433], [-30213.778, -11693.948], [-30214.786, -11692.042], [-30217.482, -11693.617]]]}}, {"type": "Feature", "properties": {"nome": "75", "codice": "12", "vertici": 8}, "geometry": {"type": "Polygon", "coordinates": [[[-30632.762, -11667.018], [-30633.62, -11674.714], [-30632.311, -11676.16], [-30628.861, -11676.417], [-30629.356, -11672.641], [-30628.202, -11672.586], [-30629.254, -11667.509], [-30632.762, -11667.018]]]}}, {"type": "Feature", "properties": {"nome": "750", "codice": "18", "vertici": 6}, "geometry": {"type": "Polygon", "coordinates": [[[-30394.522, -11431.09], [-30394.176, -11432.954], [-30393.438, -11436.588], [-30387.44, -11440.715], [-30385.437, -11437.459], [-30394.522, -11431.09]]]}}, {"type": "Feature", "properties": {"nome": "751", "codice": "18", "vertici": 9}, "geometry": {"type": "Polygon", "coordinates": [[[-30387.44, -11440.715], [-30382.841, -11443.478], [-30381.946, -11444.371], [-30376.312, -11449.752], [-30375.813, -11450.213], [-30373.733, -11448.607], [-30379.67, -11441.708], [-30385.437, -11437.459], [-30387.44, -11440.715]]]}}, {"type": "Feature", "properties": {"nome": "752", "codice": "18", "vertici": 9}, "geometry": {"type": "Polygon", "coordinates": [[[-30344.896, -11475.021], [-30345.149, -11475.799], [-30341.828, -11478.656], [-30334.231, -11484.793], [-30328.069, -11489.922], [-30326.019, -11487.509], [-30334.317, -11481.328], [-30344.324, -11472.83], [-30344.896, -11475.021]]]}}, {"type": "Feature", "properties": {"nome": "753", "codice": "12", "vertici": 6}, "geometry": {"type": "Polygon", "coordinates": [[[-30324.823, -11488.4], [-30327.428, -11491.335], [-30303.082, -11512.558], [-30300.447, -11509.912], [-30312.654, -11499.586], [-30324.823, -11488.4]]]}}, {"type": "Feature", "properties": {"nome": "754", "codice": "12", "vertici": 17}, "geometry": {"type": "Polygon", "coordinates": [[[-30268.611, -11543.78], [-30267.532, -11549.849], [-30277.658, -11570.802], [-30283.08, -11573.896], [-30286.075, -11577.709], [-30289.799, -11579.68], [-30287.098, -11582.629], [-30285.489, -11581.033], [-30272.078, -11569.303], [-30264.526, -11543.702], [-30264.926, -11541.233], [-30263.51, -11540.254], [-30270.45, -11533.58], [-30289.838, -11518.612], [-30291.407, -11520.845], [-30273.294, -11535.932], [-30268.611, -11543.78]]]}}, {"type": "Feature", "properties": {"nome": "755", "codice": "12", "vertici": 6}, "geometry": {"type": "Polygon", "coordinates": [[[-30283.53, -11582.638], [-30272.078, -11569.303], [-30285.489, -11581.033], [-30287.098, -11582.629], [-30286.251, -11583.553], [-30283.53, -11582.638]]]}}, {"type": "Feature", "properties": {"nome": "756", "codice": "12", "vertici": 4}, "geometry": {"type": "Polygon", "coordinates": [[[-30263.51, -11540.254], [-30264.926, -11541.233], [-30264.526, -11543.702], [-30263.51, -11540.254]]]}}, {"type": "Feature", "properties": {"nome": "757", "codice": "18", "vertici": 4}, "geometry": {"type": "Polygon", "coordinates": [[[-30264.526, -11543.702], [-30272.078, -11569.303], [-30265.505, -11555.765], [-30264.526, -11543.702]]]}}, {"type": "Feature", "properties": {"nome": "758", "codice": "18", "vertici": 5}, "geometry": {"type": "Polygon", "coordinates": [[[-30262.312, -11532.429], [-30267.693, -11532.321], [-30258.449, -11542.14], [-30257.879, -11537.849], [-30262.312, -11532.429]]]}}, {"type": "Feature", "properties": {"nome": "759", "codice": "12", "vertici": 36}, "geometry": {"type": "Polygon", "coordinates": [[[-30346.14, -11606.92], [-30340.013, -11600.411], [-30329.155, -11592.609], [-30327.547, -11591.786], [-30321.14, -11589.563], [-30312.59, -11587.417], [-30299.266, -11585.464], [-30295.177, -11585.393], [-30293.179, -11585.919], [-30289.223, -11584.739], [-30287.098, -11582.629], [-30289.799, -11579.68], [-30291.055, -11578.309], [-30294.538, -11579.249], [-30312.26, -11582.061], [-30320.257, -11584.29], [-30330.061, -11587.568], [-30331.067, -11588.004], [-30336.737, -11591.512], [-30335.876, -11592.699], [-30349.75, -11608.203], [-30371.356, -11631.035], [-30371.871, -11631.724], [-30377.826, -11639.767], [-30384.384, -11648.253], [-30389.005, -11653.962], [-30391.716, -11655.343], [-30388.688, -11659.004], [-30386.249, -11659.412], [-30384.425, -11658.634], [-30382.446, -11654.582], [-30379.432, -11649.44], [-30373.997, -11642.13], [-30365.323, -11630.386], [-30352.011, -11613.77], [-30346.14, -11606.92]]]}}, {"type": "Feature", "properties": {"nome": "761", "codice": "12", "vertici": 7}, "geometry": {"type": "Polygon", "coordinates": [[[-30392.969, -11653.827], [-30391.716, -11655.343], [-30389.005, -11653.962], [-30384.384, -11648.253], [-30377.826, -11639.767], [-30371.871, -11631.724], [-30392.969, -11653.827]]]}}, {"type": "Feature", "properties": {"nome": "762", "codice": "12", "vertici": 4}, "geometry": {"type": "Polygon", "coordinates": [[[-30286.251, -11583.553], [-30287.098, -11582.629], [-30289.223, -11584.739], [-30286.251, -11583.553]]]}}, {"type": "Feature", "properties": {"nome": "763", "codice": "12", "vertici": 8}, "geometry": {"type": "Polygon", "coordinates": [[[-30351.176, -11606.674], [-30349.75, -11608.203], [-30335.876, -11592.699], [-30336.737, -11591.512], [-30337.926, -11592.248], [-30343.925, -11598.459], [-30346.657, -11601.159], [-30351.176, -11606.674]]]}}, {"type": "Feature", "properties": {"nome": "764", "codice": "12", "vertici": 7}, "geometry": {"type": "Polygon", "coordinates": [[[-30361.681, -11618.068], [-30371.356, -11631.035], [-30349.75, -11608.203], [-30351.176, -11606.674], [-30354.922, -11610.273], [-30355.77, -11611.286], [-30361.681, -11618.068]]]}}, {"type": "Feature", "properties": {"nome": "765", "codice": "18", "vertici": 8}, "geometry": {"type": "Polygon", "coordinates": [[[-30386.249, -11659.412], [-30388.688, -11659.004], [-30384.745, -11666.12], [-30383.359, -11667.78], [-30384.343, -11663.504], [-30384.766, -11661.348], [-30384.425, -11658.634], [-30386.249, -11659.412]]]}}, {"type": "Feature", "properties": {"nome": "766", "codice": "18", "vertici": 14}, "geometry": {"type": "Polygon", "coordinates": [[[-30373.733, -11448.607], [-30375.813, -11450.213], [-30369.987, -11455.594], [-30364.851, -11460.018], [-30360.102, -11463.822], [-30357.633, -11465.748], [-30350.896, -11471.005], [-30345.149, -11475.799], [-30344.896, -11475.021], [-30344.324, -11472.83], [-30345.507, -11472.006], [-30349.818, -11469.995], [-30365.975, -11457.353], [-30373.733, -11448.607]]]}}, {"type": "Feature", "properties": {"nome": "77", "codice": "18", "vertici": 112}, "geometry": {"type": "LineString", "coordinates": [[-30393.622, -11696.812], [-30408.975, -11692.567], [-30419.162, -11690.352], [-30418.855, -11685.102], [-30419.043, -11672.41], [-30417.048, -11664.306], [-30416.49, -11658.371], [-30415.147, -11649.757], [-30412.718, -11650.998], [-30404.628, -11651.961], [-30399.969, -11650.702], [-30396.31, -11651.319], [-30397.971, -11647.083], [-30406.617, -11636.519], [-30414.528, -11619.617], [-30420.253, -11605.066], [-30425.799, -11605.741], [-30433.617, -11607.504], [-30438.444, -11609.02], [-30453.2, -11610.661], [-30455.761, -11613.061], [-30454.088, -11617.068], [-30452.987, -11625.744], [-30454.671, -11626.114], [-30458.943, -11625.041], [-30459.836, -11626.431], [-30458.734, -11631.827], [-30460.331, -11642.441], [-30459.637, -11644.642], [-30461.468, -11645.511], [-30466.523, -11643.009], [-30466.867, -11644.716], [-30467.248, -11650.95], [-30467.462, -11652.847], [-30470.553, -11653.189], [-30479.211, -11653.296], [-30479.286, -11662.228], [-30481.263, -11668.436], [-30483.682, -11673.443], [-30483.139, -11674.801], [-30485.743, -11681.505], [-30484.708, -11684.887], [-30485.999, -11690.28], [-30487.147, -11694.082], [-30488.451, -11695.301], [-30488.79, -11698.498], [-30489.168, -11701.585], [-30491.528, -11705.806], [-30491.378, -11708.676], [-30494.456, -11719.413], [-30496.667, -11724.893], [-30496.276, -11730.782], [-30501.928, -11747.78], [-30501.861, -11750.2], [-30503.346, -11754.716], [-30505.548, -11760.944], [-30505.328, -11764.198], [-30505.951, -11772.001], [-30506.951, -11778.182], [-30504.348, -11779.294], [-30498.582, -11782.702], [-30496.177, -11785.079], [-30491.763, -11786.019], [-30485.021, -11782.441], [-30482.369, -11775.797], [-30476.433, -11770.174], [-30470.98, -11768.67], [-30468.254, -11768.018], [-30469.788, -11761.792], [-30455.506, -11753.089], [-30458.085, -11746.569], [-30460.573, -11727.715], [-30445.628, -11725.909], [-30419.749, -11720.364], [-30420.723, -11729.698], [-30419.888, -11736.907], [-30415.653, -11736.856], [-30405.468, -11737.732], [-30390.4, -11735.226], [-30381.126, -11736.941], [-30377.969, -11735.399], [-30361.042, -11739.432], [-30351.297, -11737.488], [-30344.528, -11740.046], [-30338.763, -11740.763], [-30336.392, -11736.53], [-30332.509, -11732.527], [-30339.304, -11729.937], [-30343.867, -11726.24], [-30355.0, -11720.331], [-30356.31, -11719.327], [-30358.992, -11717.686], [-30360.914, -11716.556], [-30364.732, -11713.734], [-30366.798, -11711.854], [-30370.571, -11707.835], [-30369.754, -11705.507], [-30386.041, -11698.969], [-30393.622, -11696.812], [-30428.891, -11649.954], [-30429.021, -11653.388], [-30427.606, -11653.436], [-30427.648, -11654.734], [-30429.07, -11654.669], [-30429.018, -11657.763], [-30441.836, -11657.481], [-30441.215, -11644.358], [-30428.639, -11645.566], [-30428.786, -11647.153], [-30427.804, -11647.19], [-30427.896, -11649.985], [-30428.891, -11649.954]]}}, {"type": "Feature", "properties": {"nome": "770", "codice": "12", "vertici": 6}, "geometry": {"type": "Polygon", "coordinates": [[[-30300.447, -11509.912], [-30303.082, -11512.558], [-30291.407, -11520.845], [-30289.838, -11518.612], [-30293.529, -11515.763], [-30300.447, -11509.912]]]}}, {"type": "Feature", "properties": {"nome": "771", "codice": "12", "vertici": 5}, "geometry": {"type": "Polygon", "coordinates": [[[-29940.671, -11961.608], [-29944.327, -11963.984], [-29938.086, -11974.39], [-29934.557, -11972.077], [-29940.671, -11961.608]]]}}, {"type": "Feature", "properties": {"nome": "772", "codice": "18", "vertici": 24}, "geometry": {"type": "LineString", "coordinates": [[-30155.224, -11994.241], [-30158.497, -11995.484], [-30141.009, -12030.304], [-30135.708, -12027.763], [-30129.498, -12022.301], [-30119.736, -12018.173], [-30107.49, -12010.746], [-30109.738, -12003.451], [-30113.419, -11993.034], [-30120.186, -11982.516], [-30123.511, -11974.669], [-30126.761, -11975.367], [-30130.075, -11976.387], [-30131.515, -11978.612], [-30135.388, -11978.884], [-30139.479, -11982.624], [-30145.746, -11984.0], [-30156.059, -11986.545], [-30155.224, -11994.241], [-30153.728, -11994.343], [-30155.036, -11991.215], [-30151.039, -11989.826], [-30149.882, -11993.08], [-30153.728, -11994.343]]}}, {"type": "Feature", "properties": {"nome": "773", "codice": "12", "vertici": 5}, "geometry": {"type": "Polygon", "coordinates": [[[-30155.036, -11991.215], [-30153.728, -11994.343], [-30149.882, -11993.08], [-30151.039, -11989.826], [-30155.036, -11991.215]]]}}, {"type": "Feature", "properties": {"nome": "779", "codice": "12", "vertici": 9}, "geometry": {"type": "Polygon", "coordinates": [[[-30058.981, -11439.338], [-30060.321, -11447.559], [-30054.528, -11448.276], [-30045.235, -11448.763], [-30044.743, -11445.863], [-30050.538, -11445.042], [-30049.879, -11441.135], [-30058.887, -11438.993], [-30058.981, -11439.338]]]}}, {"type": "Feature", "properties": {"nome": "78", "codice": "18", "vertici": 13}, "geometry": {"type": "Polygon", "coordinates": [[[-30428.786, -11647.153], [-30428.639, -11645.566], [-30441.215, -11644.358], [-30441.836, -11657.481], [-30429.018, -11657.763], [-30429.07, -11654.669], [-30427.648, -11654.734], [-30427.606, -11653.436], [-30429.021, -11653.388], [-30428.891, -11649.954], [-30427.896, -11649.985], [-30427.804, -11647.19], [-30428.786, -11647.153]]]}}, {"type": "Feature", "properties": {"nome": "780", "codice": "18", "vertici": 9}, "geometry": {"type": "Polygon", "coordinates": [[[-29923.503, -12395.082], [-29922.13, -12385.845], [-29921.975, -12384.011], [-29923.656, -12383.781], [-29929.379, -12425.755], [-29927.37, -12425.967], [-29925.724, -12412.015], [-29924.886, -12404.191], [-29923.503, -12395.082]]]}}, {"type": "Feature", "properties": {"nome": "781", "codice": "12", "vertici": 5}, "geometry": {"type": "Polygon", "coordinates": [[[-30049.879, -11441.135], [-30050.538, -11445.042], [-30044.743, -11445.863], [-30044.114, -11442.155], [-30049.879, -11441.135]]]}}, {"type": "Feature", "properties": {"nome": "782", "codice": "12", "vertici": 15}, "geometry": {"type": "Polygon", "coordinates": [[[-30073.857, -11411.869], [-30075.204, -11415.356], [-30064.925, -11417.485], [-30064.548, -11416.118], [-30066.109, -11415.802], [-30065.355, -11412.259], [-30063.733, -11412.542], [-30062.903, -11407.84], [-30053.25, -11409.626], [-30039.502, -11414.954], [-30038.939, -11411.637], [-30055.415, -11406.31], [-30071.319, -11400.088], [-30073.799, -11407.945], [-30073.857, -11411.869]]]}}, {"type": "Feature", "properties": {"nome": "785", "codice": "12", "vertici": 10}, "geometry": {"type": "Polygon", "coordinates": [[[-30079.862, -11435.207], [-30082.044, -11442.436], [-30070.566, -11445.413], [-30060.321, -11447.559], [-30058.981, -11439.338], [-30058.887, -11438.993], [-30069.429, -11437.29], [-30073.959, -11436.386], [-30077.67, -11435.645], [-30079.862, -11435.207]]]}}, {"type": "Feature", "properties": {"nome": "787", "codice": "18", "vertici": 24}, "geometry": {"type": "Polygon", "coordinates": [[[-30934.912, -11467.985], [-30934.971, -11468.326], [-30933.951, -11469.938], [-30931.408, -11473.968], [-30931.245, -11474.227], [-30923.649, -11467.905], [-30916.951, -11464.255], [-30914.129, -11462.485], [-30908.64, -11459.952], [-30903.538, -11456.5], [-30901.521, -11454.686], [-30895.686, -11451.475], [-30890.034, -11444.627], [-30886.223, -11439.763], [-30884.458, -11433.782], [-30887.16, -11430.391], [-30887.261, -11432.383], [-30887.772, -11435.299], [-30892.479, -11441.946], [-30895.966, -11445.145], [-30904.655, -11451.268], [-30913.774, -11456.71], [-30931.287, -11465.759], [-30934.912, -11467.985]]]}}, {"type": "Feature", "properties": {"nome": "79", "codice": "18", "vertici": 18}, "geometry": {"type": "Polygon", "coordinates": [[[-30417.048, -11664.306], [-30419.043, -11672.41], [-30399.399, -11673.384], [-30397.345, -11668.09], [-30396.962, -11667.105], [-30394.303, -11666.982], [-30394.046, -11667.255], [-30390.711, -11670.803], [-30386.305, -11669.323], [-30395.687, -11655.969], [-30394.06, -11654.4], [-30396.31, -11651.319], [-30399.969, -11650.702], [-30404.628, -11651.961], [-30412.718, -11650.998], [-30415.147, -11649.757], [-30416.49, -11658.371], [-30417.048, -11664.306]]]}}, {"type": "Feature", "properties": {"nome": "796", "codice": "18", "vertici": 9}, "geometry": {"type": "Polygon", "coordinates": [[[-30018.021, -11628.238], [-30017.534, -11630.291], [-30017.975, -11635.282], [-30009.023, -11638.067], [-30004.91, -11638.475], [-30003.326, -11628.073], [-30004.23, -11623.539], [-30012.633, -11625.861], [-30018.021, -11628.238]]]}}, {"type": "Feature", "properties": {"nome": "799", "codice": "18", "vertici": 8}, "geometry": {"type": "Polygon", "coordinates": [[[-30006.668, -11650.886], [-30007.643, -11659.801], [-30005.085, -11659.963], [-29999.45, -11658.601], [-29996.577, -11657.607], [-30000.018, -11651.763], [-30003.81, -11650.965], [-30006.668, -11650.886]]]}}, {"type": "Feature", "properties": {"nome": "8", "codice": "18", "vertici": 21}, "geometry": {"type": "Polygon", "coordinates": [[[-31116.763, -11582.018], [-31117.399, -11585.174], [-31115.528, -11590.054], [-31113.144, -11594.383], [-31109.719, -11594.511], [-31098.227, -11589.695], [-31095.669, -11585.911], [-31092.266, -11582.585], [-31092.434, -11578.601], [-31087.68, -11575.445], [-31085.584, -11572.22], [-31082.692, -11561.817], [-31082.888, -11555.145], [-31095.559, -11559.581], [-31098.481, -11559.885], [-31104.379, -11554.921], [-31109.957, -11561.187], [-31110.792, -11571.446], [-31108.755, -11578.484], [-31112.143, -11580.962], [-31116.763, -11582.018]]]}}, {"type": "Feature", "properties": {"nome": "80", "codice": "18", "vertici": 16}, "geometry": {"type": "Polygon", "coordinates": [[[-30387.96, -11677.669], [-30393.622, -11696.812], [-30386.041, -11698.969], [-30369.754, -11705.507], [-30365.425, -11700.52], [-30371.536, -11690.332], [-30371.926, -11689.668], [-30377.742, -11679.768], [-30386.305, -11669.323], [-30390.711, -11670.803], [-30388.022, -11674.285], [-30390.58, -11674.821], [-30390.68, -11676.328], [-30390.368, -11677.742], [-30389.919, -11677.713], [-30387.96, -11677.669]]]}}, {"type": "Feature", "properties": {"nome": "800", "codice": "18", "vertici": 12}, "geometry": {"type": "Polygon", "coordinates": [[[-30009.303, -11671.265], [-30008.166, -11672.784], [-30006.617, -11672.409], [-29998.042, -11672.124], [-29991.081, -11670.457], [-29987.528, -11668.763], [-29992.297, -11663.708], [-29996.577, -11657.607], [-29999.45, -11658.601], [-30005.085, -11659.963], [-30007.643, -11659.801], [-30009.303, -11671.265]]]}}, {"type": "Feature", "properties": {"nome": "801", "codice": "18", "vertici": 18}, "geometry": {"type": "Polygon", "coordinates": [[[-30006.617, -11672.409], [-30008.166, -11672.784], [-29982.095, -11706.195], [-29977.201, -11701.233], [-29979.025, -11694.351], [-29975.567, -11693.733], [-29968.43, -11693.317], [-29956.757, -11694.412], [-29956.575, -11688.742], [-29957.375, -11678.965], [-29958.355, -11671.059], [-29961.946, -11671.528], [-29966.71, -11671.692], [-29976.608, -11669.185], [-29987.528, -11668.763], [-29991.081, -11670.457], [-29998.042, -11672.124], [-30006.617, -11672.409]]]}}, {"type": "Feature", "properties": {"nome": "802", "codice": "18", "vertici": 7}, "geometry": {"type": "Polygon", "coordinates": [[[-29898.718, -11633.605], [-29898.763, -11637.272], [-29894.505, -11643.697], [-29892.143, -11646.518], [-29885.198, -11640.691], [-29894.457, -11629.85], [-29898.718, -11633.605]]]}}, {"type": "Feature", "properties": {"nome": "82", "codice": "18", "vertici": 22}, "geometry": {"type": "Polygon", "coordinates": [[[-30681.244, -11693.081], [-30682.51, -11696.777], [-30678.802, -11698.846], [-30656.833, -11705.713], [-30654.687, -11705.267], [-30654.376, -11700.599], [-30648.156, -11701.617], [-30634.569, -11698.379], [-30625.651, -11697.63], [-30626.996, -11694.682], [-30629.62, -11693.114], [-30628.553, -11691.03], [-30628.773, -11690.353], [-30639.023, -11692.403], [-30638.795, -11689.374], [-30659.348, -11689.386], [-30658.56, -11686.447], [-30670.674, -11678.511], [-30673.722, -11667.586], [-30675.932, -11676.192], [-30679.421, -11684.811], [-30681.244, -11693.081]]]}}, {"type": "Feature", "properties": {"nome": "83", "codice": "18", "vertici": 24}, "geometry": {"type": "Polygon", "coordinates": [[[-30654.376, -11700.599], [-30654.687, -11705.267], [-30650.553, -11705.076], [-30637.303, -11707.299], [-30625.286, -11706.485], [-30604.702, -11709.472], [-30592.215, -11707.893], [-30582.509, -11711.763], [-30580.955, -11714.686], [-30576.032, -11709.674], [-30574.624, -11704.986], [-30575.124, -11700.634], [-30583.994, -11698.321], [-30588.937, -11700.515], [-30601.279, -11698.828], [-30610.655, -11699.284], [-30617.707, -11701.248], [-30622.495, -11701.077], [-30623.338, -11699.787], [-30624.525, -11697.516], [-30625.651, -11697.63], [-30634.569, -11698.379], [-30648.156, -11701.617], [-30654.376, -11700.599]]]}}, {"type": "Feature", "properties": {"nome": "84", "codice": "18", "vertici": 24}, "geometry": {"type": "Polygon", "coordinates": [[[-30534.105, -11697.052], [-30526.486, -11701.985], [-30523.578, -11702.322], [-30521.266, -11702.321], [-30519.509, -11701.527], [-30519.824, -11693.345], [-30522.85, -11691.239], [-30525.185, -11690.999], [-30529.224, -11689.482], [-30532.763, -11687.271], [-30533.425, -11688.387], [-30535.034, -11690.934], [-30535.506, -11691.552], [-30536.463, -11691.06], [-30537.554, -11692.924], [-30541.763, -11689.254], [-30544.216, -11692.043], [-30543.272, -11693.389], [-30538.84, -11695.576], [-30538.5, -11694.87], [-30537.138, -11695.542], [-30537.225, -11695.72], [-30534.258, -11697.182], [-30534.105, -11697.052]]]}}, {"type": "Feature", "properties": {"nome": "85", "codice": "18", "vertici": 7}, "geometry": {"type": "Polygon", "coordinates": [[[-30519.509, -11701.527], [-30519.343, -11703.757], [-30518.509, -11710.018], [-30513.254, -11709.509], [-30513.895, -11703.055], [-30514.255, -11700.563], [-30519.509, -11701.527]]]}}, {"type": "Feature", "properties": {"nome": "856", "codice": "12", "vertici": 12}, "geometry": {"type": "Polygon", "coordinates": [[[-30000.786, -11532.527], [-30002.272, -11535.018], [-29999.206, -11543.245], [-29998.75, -11542.664], [-29993.392, -11537.738], [-29990.56, -11535.899], [-29988.255, -11535.343], [-29987.45, -11535.548], [-29985.102, -11534.077], [-29989.809, -11526.227], [-29992.299, -11529.447], [-30000.786, -11532.527]]]}}, {"type": "Feature", "properties": {"nome": "857", "codice": "18", "vertici": 26}, "geometry": {"type": "Polygon", "coordinates": [[[-30030.585, -11593.309], [-30029.509, -11595.762], [-30015.266, -11586.426], [-30013.931, -11585.824], [-30011.246, -11575.063], [-30012.322, -11572.91], [-30013.723, -11573.109], [-30013.261, -11569.602], [-30009.147, -11568.315], [-30007.937, -11572.913], [-30005.533, -11574.605], [-30004.177, -11578.772], [-30003.057, -11578.788], [-30002.832, -11579.703], [-30001.272, -11578.479], [-30001.308, -11578.315], [-30011.357, -11558.031], [-30012.639, -11550.793], [-30012.686, -11546.588], [-30011.104, -11543.002], [-30008.552, -11540.137], [-30005.763, -11537.787], [-30008.472, -11531.28], [-30029.413, -11566.1], [-30021.923, -11575.814], [-30030.585, -11593.309]]]}}, {"type": "Feature", "properties": {"nome": "858", "codice": "12", "vertici": 20}, "geometry": {"type": "Polygon", "coordinates": [[[-30012.686, -11546.588], [-30012.639, -11550.793], [-30011.357, -11558.031], [-30001.308, -11578.315], [-30001.272, -11578.479], [-29998.039, -11575.938], [-29995.072, -11574.225], [-29995.251, -11573.222], [-29992.533, -11572.369], [-29994.104, -11568.135], [-30003.458, -11554.245], [-30004.315, -11550.265], [-30003.236, -11547.399], [-30002.326, -11546.043], [-29999.206, -11543.245], [-30002.272, -11535.018], [-30005.763, -11537.787], [-30008.552, -11540.137], [-30011.104, -11543.002], [-30012.686, -11546.588]]]}}, {"type": "Feature", "properties": {"nome": "859", "codice": "12", "vertici": 18}, "geometry": {"type": "Polygon", "coordinates": [[[-30004.315, -11550.265], [-30003.458, -11554.245], [-29994.104, -11568.135], [-29992.533, -11572.369], [-29995.251, -11573.222], [-29995.072, -11574.225], [-29991.254, -11572.018], [-29987.0, -11568.018], [-29988.222, -11565.231], [-29989.467, -11563.911], [-30000.076, -11554.032], [-29997.605, -11550.934], [-29998.452, -11549.948], [-29996.953, -11548.288], [-29999.206, -11543.245], [-30002.326, -11546.043], [-30003.236, -11547.399], [-30004.315, -11550.265]]]}}, {"type": "Feature", "properties": {"nome": "86", "codice": "18", "vertici": 11}, "geometry": {"type": "Polygon", "coordinates": [[[-30460.573, -11727.715], [-30458.085, -11746.569], [-30455.506, -11753.089], [-30453.914, -11752.343], [-30452.3, -11744.625], [-30437.721, -11745.747], [-30419.888, -11736.907], [-30420.723, -11729.698], [-30419.749, -11720.364], [-30445.628, -11725.909], [-30460.573, -11727.715]]]}}, {"type": "Feature", "properties": {"nome": "860", "codice": "18", "vertici": 27}, "geometry": {"type": "Polygon", "coordinates": [[[-30029.509, -11595.762], [-30027.774, -11598.464], [-30020.037, -11596.417], [-30016.505, -11597.699], [-30016.466, -11600.264], [-30012.605, -11599.615], [-30011.934, -11602.235], [-30010.234, -11601.784], [-29998.098, -11598.456], [-29997.551, -11596.395], [-29995.654, -11595.988], [-30001.272, -11578.479], [-30002.832, -11579.703], [-29998.805, -11592.922], [-30003.99, -11594.614], [-30004.363, -11593.464], [-30007.501, -11594.329], [-30007.844, -11593.269], [-30011.486, -11594.29], [-30012.05, -11593.225], [-30016.136, -11594.432], [-30017.73, -11590.555], [-30017.06, -11588.497], [-30014.793, -11587.592], [-30013.931, -11585.824], [-30015.266, -11586.426], [-30029.509, -11595.762]]]}}, {"type": "Feature", "properties": {"nome": "861", "codice": "18", "vertici": 12}, "geometry": {"type": "Polygon", "coordinates": [[[-29998.039, -11575.938], [-30001.272, -11578.479], [-29995.654, -11595.988], [-29992.155, -11595.205], [-29991.068, -11598.067], [-29985.956, -11595.896], [-29990.662, -11579.062], [-29991.75, -11579.42], [-29992.174, -11577.764], [-29993.808, -11578.197], [-29995.072, -11574.225], [-29998.039, -11575.938]]]}}, {"type": "Feature", "properties": {"nome": "862", "codice": "12", "vertici": 12}, "geometry": {"type": "Polygon", "coordinates": [[[-29995.072, -11574.225], [-29993.808, -11578.197], [-29992.174, -11577.764], [-29991.75, -11579.42], [-29990.662, -11579.062], [-29985.956, -11595.896], [-29985.476, -11595.693], [-29984.139, -11595.126], [-29986.184, -11588.269], [-29987.163, -11582.389], [-29991.254, -11572.018], [-29995.072, -11574.225]]]}}, {"type": "Feature", "properties": {"nome": "863", "codice": "12", "vertici": 5}, "geometry": {"type": "Polygon", "coordinates": [[[-29866.861, -11585.662], [-29861.636, -11597.263], [-29853.193, -11584.413], [-29851.773, -11582.236], [-29866.861, -11585.662]]]}}, {"type": "Feature", "properties": {"nome": "864", "codice": "18", "vertici": 29}, "geometry": {"type": "Polygon", "coordinates": [[[-29917.208, -11562.558], [-29910.081, -11563.549], [-29895.299, -11565.934], [-29887.933, -11570.571], [-29884.249, -11575.009], [-29880.88, -11579.354], [-29879.587, -11580.98], [-29878.028, -11582.834], [-29877.706, -11583.727], [-29878.382, -11589.457], [-29881.716, -11589.564], [-29881.778, -11591.728], [-29878.375, -11592.227], [-29878.464, -11592.798], [-29881.944, -11597.585], [-29884.355, -11599.241], [-29898.903, -11598.751], [-29907.449, -11598.156], [-29917.019, -11591.509], [-29915.871, -11598.81], [-29914.928, -11604.806], [-29882.964, -11604.949], [-29880.165, -11604.826], [-29866.861, -11585.662], [-29869.208, -11579.866], [-29873.223, -11576.578], [-29883.501, -11568.165], [-29891.675, -11561.893], [-29917.208, -11562.558]]]}}, {"type": "Feature", "properties": {"nome": "865", "codice": "18", "vertici": 7}, "geometry": {"type": "Polygon", "coordinates": [[[-29880.165, -11604.826], [-29878.688, -11604.762], [-29866.947, -11604.251], [-29858.651, -11603.89], [-29861.636, -11597.263], [-29866.861, -11585.662], [-29880.165, -11604.826]]]}}, {"type": "Feature", "properties": {"nome": "866", "codice": "18", "vertici": 21}, "geometry": {"type": "Polygon", "coordinates": [[[-30415.527, -11421.508], [-30415.398, -11422.161], [-30407.968, -11423.127], [-30404.813, -11426.683], [-30407.89, -11435.979], [-30412.927, -11453.236], [-30413.588, -11485.202], [-30407.245, -11484.793], [-30408.333, -11471.943], [-30408.447, -11467.488], [-30408.546, -11464.407], [-30401.699, -11446.887], [-30399.322, -11441.998], [-30396.242, -11433.516], [-30395.621, -11431.988], [-30394.176, -11432.954], [-30394.522, -11431.09], [-30401.717, -11425.974], [-30406.493, -11421.45], [-30410.234, -11420.545], [-30415.527, -11421.508]]]}}, {"type": "Feature", "properties": {"nome": "87", "codice": "18", "vertici": 17}, "geometry": {"type": "Polygon", "coordinates": [[[-30340.097, -11720.638], [-30350.984, -11712.092], [-30352.423, -11711.21], [-30353.543, -11710.016], [-30363.865, -11699.303], [-30365.425, -11700.52], [-30369.754, -11705.507], [-30370.571, -11707.835], [-30366.798, -11711.854], [-30364.732, -11713.734], [-30360.914, -11716.556], [-30358.992, -11717.686], [-30356.31, -11719.327], [-30355.0, -11720.331], [-30343.867, -11726.24], [-30340.738, -11721.569], [-30340.097, -11720.638]]]}}, {"type": "Feature", "properties": {"nome": "875", "codice": "12", "vertici": 7}, "geometry": {"type": "Polygon", "coordinates": [[[-30515.622, -11673.273], [-30515.941, -11677.331], [-30504.895, -11678.946], [-30504.82, -11678.314], [-30500.917, -11678.548], [-30500.446, -11675.062], [-30515.622, -11673.273]]]}}, {"type": "Feature", "properties": {"nome": "876", "codice": "18", "vertici": 24}, "geometry": {"type": "Polygon", "coordinates": [[[-30130.768, -12097.657], [-30130.641, -12103.494], [-30105.579, -12106.5], [-30105.451, -12108.673], [-30105.398, -12113.667], [-30103.5, -12126.756], [-30097.151, -12138.306], [-30089.639, -12145.704], [-30096.965, -12152.979], [-30089.703, -12157.706], [-30081.711, -12159.158], [-30063.556, -12156.016], [-30059.568, -12155.7], [-30015.896, -12122.383], [-30030.885, -12102.447], [-30036.093, -12094.423], [-30040.144, -12077.518], [-30041.509, -12068.43], [-30042.785, -12064.703], [-30072.934, -12072.204], [-30116.427, -12077.608], [-30108.314, -12086.245], [-30125.56, -12096.214], [-30130.768, -12097.657]]]}}, {"type": "Feature", "properties": {"nome": "877", "codice": "12", "vertici": 20}, "geometry": {"type": "Polygon", "coordinates": [[[-30111.926, -12076.077], [-30116.427, -12077.608], [-30072.934, -12072.204], [-30042.785, -12064.703], [-30045.763, -12056.0], [-30055.443, -12057.282], [-30060.093, -12059.383], [-30063.181, -12058.972], [-30064.427, -12059.191], [-30068.133, -12059.844], [-30069.621, -12060.314], [-30069.488, -12062.386], [-30080.259, -12063.948], [-30080.363, -12064.022], [-30084.087, -12066.759], [-30086.615, -12066.54], [-30091.534, -12067.26], [-30094.942, -12067.951], [-30101.607, -12069.982], [-30111.926, -12076.077]]]}}, {"type": "Feature", "properties": {"nome": "879", "codice": "12", "vertici": 14}, "geometry": {"type": "Polygon", "coordinates": [[[-30077.065, -11425.937], [-30078.419, -11430.425], [-30076.783, -11430.744], [-30076.643, -11429.976], [-30072.907, -11430.594], [-30073.066, -11431.467], [-30069.691, -11432.125], [-30068.807, -11428.133], [-30066.691, -11428.428], [-30064.925, -11417.485], [-30075.204, -11415.356], [-30075.562, -11416.283], [-30076.258, -11419.711], [-30077.065, -11425.937]]]}}, {"type": "Feature", "properties": {"nome": "880", "codice": "12", "vertici": 5}, "geometry": {"type": "Polygon", "coordinates": [[[-30076.643, -11429.976], [-30076.783, -11430.744], [-30073.066, -11431.467], [-30072.907, -11430.594], [-30076.643, -11429.976]]]}}, {"type": "Feature", "properties": {"nome": "881", "codice": "12", "vertici": 5}, "geometry": {"type": "Polygon", "coordinates": [[[-30078.419, -11430.425], [-30079.862, -11435.207], [-30077.67, -11435.645], [-30076.783, -11430.744], [-30078.419, -11430.425]]]}}, {"type": "Feature", "properties": {"nome": "882", "codice": "12", "vertici": 5}, "geometry": {"type": "Polygon", "coordinates": [[[-30077.67, -11435.645], [-30073.959, -11436.386], [-30073.066, -11431.467], [-30076.783, -11430.744], [-30077.67, -11435.645]]]}}, {"type": "Feature", "properties": {"nome": "883", "codice": "12", "vertici": 6}, "geometry": {"type": "Polygon", "coordinates": [[[-30073.959, -11436.386], [-30069.429, -11437.29], [-30068.572, -11432.365], [-30069.691, -11432.125], [-30073.066, -11431.467], [-30073.959, -11436.386]]]}}, {"type": "Feature", "properties": {"nome": "884", "codice": "18", "vertici": 23}, "geometry": {"type": "Polygon", "coordinates": [[[-30360.506, -11697.893], [-30348.744, -11709.318], [-30345.625, -11711.974], [-30339.226, -11717.025], [-30334.565, -11715.343], [-30334.07, -11715.33], [-30335.968, -11708.334], [-30337.529, -11699.284], [-30333.92, -11683.887], [-30333.955, -11683.455], [-30334.14, -11683.066], [-30334.451, -11682.765], [-30334.847, -11682.595], [-30342.447, -11680.851], [-30342.907, -11680.837], [-30343.336, -11680.996], [-30343.677, -11681.308], [-30343.875, -11681.723], [-30344.388, -11683.697], [-30354.805, -11681.511], [-30355.299, -11683.157], [-30358.308, -11696.391], [-30360.506, -11697.893]]]}}, {"type": "Feature", "properties": {"nome": "885", "codice": "12", "vertici": 13}, "geometry": {"type": "Polygon", "coordinates": [[[-30366.029, -11693.432], [-30365.428, -11694.465], [-30355.116, -11706.16], [-30352.203, -11709.543], [-30346.643, -11713.745], [-30329.481, -11725.971], [-30339.226, -11717.025], [-30345.625, -11711.974], [-30348.744, -11709.318], [-30360.506, -11697.893], [-30364.657, -11693.859], [-30365.968, -11693.469], [-30366.029, -11693.432]]]}}, {"type": "Feature", "properties": {"nome": "888", "codice": "12", "vertici": 5}, "geometry": {"type": "Polygon", "coordinates": [[[-30096.997, -11956.988], [-30096.965, -11957.819], [-30093.678, -11957.711], [-30093.58, -11956.71], [-30096.997, -11956.988]]]}}, {"type": "Feature", "properties": {"nome": "889", "codice": "12", "vertici": 5}, "geometry": {"type": "Polygon", "coordinates": [[[-30086.764, -11956.509], [-30086.362, -11958.347], [-30083.691, -11958.187], [-30084.283, -11956.386], [-30086.764, -11956.509]]]}}, {"type": "Feature", "properties": {"nome": "89", "codice": "18", "vertici": 19}, "geometry": {"type": "Polygon", "coordinates": [[[-30580.955, -11714.686], [-30579.079, -11718.927], [-30574.973, -11731.18], [-30576.772, -11734.669], [-30562.222, -11757.848], [-30556.687, -11763.199], [-30536.774, -11770.067], [-30523.574, -11772.32], [-30506.951, -11778.182], [-30505.951, -11772.001], [-30505.328, -11764.198], [-30505.548, -11760.944], [-30503.346, -11754.716], [-30533.079, -11743.307], [-30554.877, -11733.931], [-30564.062, -11728.674], [-30566.884, -11726.548], [-30576.032, -11709.674], [-30580.955, -11714.686]]]}}, {"type": "Feature", "properties": {"nome": "890", "codice": "12", "vertici": 4}, "geometry": {"type": "Polygon", "coordinates": [[[-30083.43, -11966.006], [-30082.65, -11966.55], [-30081.158, -11965.793], [-30083.43, -11966.006]]]}}, {"type": "Feature", "properties": {"nome": "891", "codice": "12", "vertici": 9}, "geometry": {"type": "Polygon", "coordinates": [[[-30098.179, -11957.274], [-30097.953, -11958.234], [-30095.115, -11968.698], [-30091.475, -11967.322], [-30093.254, -11961.254], [-30093.678, -11957.711], [-30096.965, -11957.819], [-30096.997, -11956.988], [-30098.179, -11957.274]]]}}, {"type": "Feature", "properties": {"nome": "892", "codice": "18", "vertici": 20}, "geometry": {"type": "Polygon", "coordinates": [[[-29990.866, -11502.629], [-29988.306, -11506.913], [-29988.89, -11519.463], [-29985.028, -11524.953], [-29978.415, -11510.739], [-29967.037, -11518.146], [-29963.337, -11512.289], [-29962.8, -11511.43], [-29943.988, -11523.63], [-29938.658, -11513.522], [-29948.976, -11508.018], [-29951.188, -11511.709], [-29953.72, -11510.145], [-29954.871, -11510.558], [-29960.003, -11507.402], [-29957.791, -11503.954], [-29958.503, -11503.453], [-29958.006, -11502.689], [-29982.904, -11489.087], [-29990.866, -11502.629]]]}}, {"type": "Feature", "properties": {"nome": "894", "codice": "18", "vertici": 15}, "geometry": {"type": "Polygon", "coordinates": [[[-29945.509, -11526.509], [-29944.527, -11524.648], [-29943.988, -11523.63], [-29962.8, -11511.43], [-29963.337, -11512.289], [-29967.037, -11518.146], [-29978.415, -11510.739], [-29985.028, -11524.953], [-29979.317, -11533.009], [-29971.927, -11541.514], [-29963.75, -11550.242], [-29959.232, -11554.227], [-29958.664, -11555.117], [-29947.317, -11530.445], [-29945.509, -11526.509]]]}}, {"type": "Feature", "properties": {"nome": "895", "codice": "12", "vertici": 6}, "geometry": {"type": "Polygon", "coordinates": [[[-30095.115, -11968.698], [-30094.918, -11969.438], [-30091.314, -11967.895], [-30089.735, -11967.223], [-30091.475, -11967.322], [-30095.115, -11968.698]]]}}, {"type": "Feature", "properties": {"nome": "896", "codice": "12", "vertici": 8}, "geometry": {"type": "Polygon", "coordinates": [[[-30205.659, -11798.406], [-30208.059, -11803.065], [-30203.296, -11805.699], [-30198.842, -11808.153], [-30194.823, -11799.488], [-30199.207, -11797.004], [-30203.634, -11794.52], [-30205.659, -11798.406]]]}}, {"type": "Feature", "properties": {"nome": "898", "codice": "12", "vertici": 8}, "geometry": {"type": "Polygon", "coordinates": [[[-30002.347, -11873.902], [-30002.514, -11874.084], [-29984.643, -11878.844], [-29984.956, -11877.965], [-29984.311, -11873.946], [-29989.764, -11865.272], [-29996.961, -11870.84], [-30002.347, -11873.902]]]}}, {"type": "Feature", "properties": {"nome": "9", "codice": "18", "vertici": 24}, "geometry": {"type": "Polygon", "coordinates": [[[-30951.436, -11459.254], [-30949.297, -11456.472], [-30949.666, -11456.15], [-30953.717, -11451.832], [-30955.207, -11450.354], [-30956.308, -11451.247], [-30959.04, -11453.463], [-30963.164, -11449.778], [-30968.504, -11453.516], [-30964.966, -11474.828], [-30963.395, -11477.561], [-30960.488, -11478.915], [-30959.164, -11478.882], [-30957.465, -11476.862], [-30956.824, -11476.418], [-30957.39, -11475.418], [-30956.249, -11474.719], [-30955.759, -11475.407], [-30954.536, -11474.715], [-30953.565, -11474.159], [-30951.318, -11472.401], [-30945.388, -11467.764], [-30947.996, -11463.782], [-30951.436, -11459.254]]]}}, {"type": "Feature", "properties": {"nome": "90", "codice": "18", "vertici": 20}, "geometry": {"type": "Polygon", "coordinates": [[[-30419.888, -11736.907], [-30437.721, -11745.747], [-30415.596, -11748.165], [-30404.601, -11750.104], [-30401.921, -11749.731], [-30400.417, -11750.131], [-30326.254, -11760.018], [-30324.505, -11756.107], [-30322.948, -11744.702], [-30327.97, -11742.654], [-30338.763, -11740.763], [-30344.528, -11740.046], [-30351.297, -11737.488], [-30361.042, -11739.432], [-30377.969, -11735.399], [-30381.126, -11736.941], [-30390.4, -11735.226], [-30405.468, -11737.732], [-30415.653, -11736.856], [-30419.888, -11736.907]]]}}, {"type": "Feature", "properties": {"nome": "900", "codice": "18", "vertici": 13}, "geometry": {"type": "Polygon", "coordinates": [[[-30033.826, -11865.046], [-30002.514, -11874.084], [-30002.347, -11873.902], [-29996.961, -11870.84], [-29989.764, -11865.272], [-29993.18, -11860.891], [-29995.922, -11857.282], [-30014.397, -11854.216], [-30020.915, -11851.908], [-30024.449, -11849.37], [-30031.065, -11861.257], [-30033.178, -11864.159], [-30033.826, -11865.046]]]}}, {"type": "Feature", "properties": {"nome": "901", "codice": "18", "vertici": 12}, "geometry": {"type": "Polygon", "coordinates": [[[-30052.684, -11893.679], [-30049.623, -11896.092], [-30039.56, -11915.353], [-30030.203, -11904.627], [-30028.312, -11901.735], [-30027.378, -11900.31], [-30020.105, -11893.211], [-30002.514, -11874.084], [-30033.826, -11865.046], [-30037.18, -11869.651], [-30047.726, -11887.003], [-30052.684, -11893.679]]]}}, {"type": "Feature", "properties": {"nome": "902", "codice": "18", "vertici": 12}, "geometry": {"type": "Polygon", "coordinates": [[[-30047.765, -11844.135], [-30050.154, -11846.666], [-30046.645, -11853.412], [-30033.178, -11864.159], [-30031.065, -11861.257], [-30024.449, -11849.37], [-30026.145, -11847.982], [-30029.682, -11845.192], [-30033.827, -11841.144], [-30038.158, -11833.574], [-30044.946, -11844.218], [-30047.765, -11844.135]]]}}, {"type": "Feature", "properties": {"nome": "903", "codice": "18", "vertici": 38}, "geometry": {"type": "Polygon", "coordinates": [[[-30100.832, -11885.223], [-30096.191, -11894.855], [-30092.823, -11907.807], [-30084.452, -11905.11], [-30082.798, -11904.538], [-30079.821, -11907.461], [-30076.779, -11904.185], [-30072.07, -11908.637], [-30075.189, -11912.026], [-30070.053, -11916.819], [-30067.644, -11914.354], [-30061.959, -11903.064], [-30052.684, -11893.679], [-30047.726, -11887.003], [-30037.18, -11869.651], [-30033.826, -11865.046], [-30033.178, -11864.159], [-30046.645, -11853.412], [-30050.154, -11846.666], [-30050.075, -11849.848], [-30054.541, -11854.102], [-30059.007, -11853.693], [-30060.09, -11855.646], [-30061.712, -11856.186], [-30062.621, -11856.498], [-30064.77, -11858.89], [-30064.949, -11860.512], [-30068.051, -11861.345], [-30068.792, -11864.588], [-30073.021, -11867.454], [-30073.172, -11869.644], [-30080.245, -11876.483], [-30081.57, -11878.486], [-30084.408, -11883.666], [-30087.77, -11886.008], [-30090.29, -11885.345], [-30096.211, -11889.562], [-30100.832, -11885.223]]]}}, {"type": "Feature", "properties": {"nome": "904", "codice": "18", "vertici": 24}, "geometry": {"type": "Polygon", "coordinates": [[[-30095.237, -11798.875], [-30097.568, -11802.205], [-30079.109, -11825.287], [-30069.281, -11841.099], [-30061.712, -11856.186], [-30060.09, -11855.646], [-30059.007, -11853.693], [-30054.541, -11854.102], [-30050.075, -11849.848], [-30050.154, -11846.666], [-30047.765, -11844.135], [-30044.946, -11844.218], [-30038.158, -11833.574], [-30038.681, -11832.658], [-30042.729, -11818.031], [-30042.782, -11813.66], [-30046.158, -11815.866], [-30068.94, -11784.146], [-30063.195, -11780.132], [-30067.378, -11773.854], [-30070.948, -11766.384], [-30080.493, -11779.295], [-30088.594, -11787.605], [-30095.237, -11798.875]]]}}, {"type": "Feature", "properties": {"nome": "905", "codice": "18", "vertici": 31}, "geometry": {"type": "Polygon", "coordinates": [[[-30127.338, -11839.812], [-30126.259, -11841.79], [-30120.544, -11849.44], [-30109.387, -11870.926], [-30101.824, -11883.16], [-30100.832, -11885.223], [-30096.211, -11889.562], [-30090.29, -11885.345], [-30087.77, -11886.008], [-30084.408, -11883.666], [-30081.57, -11878.486], [-30080.245, -11876.483], [-30073.172, -11869.644], [-30073.021, -11867.454], [-30068.792, -11864.588], [-30068.051, -11861.345], [-30064.949, -11860.512], [-30064.77, -11858.89], [-30062.621, -11856.498], [-30061.712, -11856.186], [-30069.281, -11841.099], [-30079.109, -11825.287], [-30097.568, -11802.205], [-30097.757, -11802.476], [-30099.57, -11805.067], [-30104.963, -11813.608], [-30111.54, -11822.846], [-30116.99, -11831.762], [-30120.283, -11834.598], [-30122.95, -11836.929], [-30127.338, -11839.812]]]}}, {"type": "Feature", "properties": {"nome": "906", "codice": "18", "vertici": 55}, "geometry": {"type": "Polygon", "coordinates": [[[-30384.425, -11658.634], [-30384.766, -11661.348], [-30384.343, -11663.504], [-30383.359, -11667.78], [-30379.375, -11672.549], [-30374.623, -11678.688], [-30366.029, -11693.432], [-30365.968, -11693.469], [-30364.657, -11693.859], [-30360.506, -11697.893], [-30358.308, -11696.391], [-30355.299, -11683.157], [-30354.805, -11681.511], [-30344.388, -11683.697], [-30343.875, -11681.723], [-30343.677, -11681.308], [-30343.336, -11680.996], [-30342.907, -11680.837], [-30342.447, -11680.851], [-30334.847, -11682.595], [-30334.451, -11682.765], [-30334.14, -11683.066], [-30333.955, -11683.455], [-30333.92, -11683.887], [-30337.529, -11699.284], [-30335.968, -11708.334], [-30334.07, -11715.33], [-30334.565, -11715.343], [-30339.226, -11717.025], [-30329.481, -11725.971], [-30329.174, -11726.376], [-30324.255, -11720.904], [-30322.937, -11713.092], [-30322.995, -11707.264], [-30324.521, -11693.527], [-30322.824, -11677.908], [-30320.586, -11671.034], [-30311.241, -11657.216], [-30306.415, -11653.119], [-30308.158, -11645.255], [-30308.373, -11636.521], [-30311.66, -11623.018], [-30316.509, -11612.763], [-30320.472, -11607.176], [-30322.282, -11601.832], [-30324.668, -11602.534], [-30339.724, -11606.77], [-30341.868, -11610.34], [-30355.361, -11625.281], [-30362.177, -11633.457], [-30368.231, -11642.353], [-30370.599, -11647.345], [-30375.473, -11653.626], [-30376.064, -11655.062], [-30384.425, -11658.634]]]}}, {"type": "Feature", "properties": {"nome": "908", "codice": "12", "vertici": 5}, "geometry": {"type": "Polygon", "coordinates": [[[-30277.942, -11676.478], [-30279.368, -11680.785], [-30266.392, -11684.146], [-30264.858, -11679.836], [-30277.942, -11676.478]]]}}, {"type": "Feature", "properties": {"nome": "91", "codice": "18", "vertici": 22}, "geometry": {"type": "Polygon", "coordinates": [[[-30450.141, -11777.572], [-30448.526, -11784.664], [-30434.238, -11782.396], [-30422.374, -11785.644], [-30411.145, -11784.632], [-30398.883, -11787.298], [-30390.81, -11787.071], [-30383.93, -11790.109], [-30369.856, -11800.037], [-30344.365, -11812.982], [-30333.264, -11809.847], [-30325.446, -11806.221], [-30321.283, -11803.273], [-30322.229, -11797.237], [-30339.279, -11802.632], [-30360.153, -11793.259], [-30358.597, -11789.56], [-30373.558, -11781.22], [-30388.594, -11773.039], [-30415.646, -11768.638], [-30436.391, -11777.546], [-30450.141, -11777.572]]]}}, {"type": "Feature", "properties": {"nome": "911", "codice": "18", "vertici": 16}, "geometry": {"type": "Polygon", "coordinates": [[[-29676.059, -11513.862], [-29670.119, -11508.178], [-29651.116, -11490.4], [-29635.489, -11475.644], [-29631.502, -11471.789], [-29626.027, -11466.572], [-29622.524, -11462.113], [-29617.439, -11457.041], [-29618.361, -11455.828], [-29636.779, -11474.124], [-29642.183, -11467.777], [-29663.858, -11487.767], [-29677.405, -11500.184], [-29671.652, -11506.464], [-29677.704, -11512.056], [-29676.059, -11513.862]]]}}, {"type": "Feature", "properties": {"nome": "912", "codice": "12", "vertici": 38}, "geometry": {"type": "Polygon", "coordinates": [[[-29780.943, -11660.776], [-29780.852, -11660.865], [-29780.926, -11661.013], [-29777.035, -11664.855], [-29734.466, -11596.623], [-29727.4, -11599.589], [-29721.104, -11602.138], [-29720.094, -11600.845], [-29708.593, -11585.956], [-29695.138, -11569.604], [-29691.448, -11566.314], [-29680.362, -11549.647], [-29678.988, -11547.535], [-29677.327, -11545.393], [-29675.197, -11542.458], [-29675.036, -11542.478], [-29671.847, -11538.034], [-29676.598, -11533.244], [-29662.129, -11513.946], [-29662.904, -11513.509], [-29626.027, -11466.572], [-29631.502, -11471.789], [-29635.489, -11475.644], [-29651.116, -11490.4], [-29670.119, -11508.178], [-29676.059, -11513.862], [-29674.129, -11516.237], [-29684.849, -11526.263], [-29725.913, -11564.067], [-29718.692, -11572.096], [-29735.441, -11592.985], [-29738.7, -11596.561], [-29739.115, -11597.097], [-29738.575, -11598.139], [-29741.959, -11602.266], [-29750.805, -11614.292], [-29774.397, -11649.474], [-29780.943, -11660.776]]]}}, {"type": "Feature", "properties": {"nome": "913", "codice": "12", "vertici": 13}, "geometry": {"type": "Polygon", "coordinates": [[[-29998.413, -11613.304], [-29998.038, -11617.95], [-29999.533, -11618.066], [-29998.782, -11627.677], [-29989.808, -11626.916], [-29989.261, -11626.862], [-29989.868, -11618.207], [-29989.88, -11618.017], [-29989.931, -11617.287], [-29991.751, -11617.441], [-29992.074, -11612.825], [-29997.948, -11613.273], [-29998.413, -11613.304]]]}}, {"type": "Feature", "properties": {"nome": "914", "codice": "12", "vertici": 18}, "geometry": {"type": "Polygon", "coordinates": [[[-30000.479, -11627.032], [-29997.866, -11631.732], [-29996.055, -11640.042], [-29994.149, -11640.029], [-29993.623, -11651.064], [-29990.092, -11650.868], [-29990.955, -11631.206], [-29989.535, -11631.127], [-29989.567, -11630.375], [-29989.808, -11626.916], [-29998.782, -11627.677], [-29999.533, -11618.066], [-29998.038, -11617.95], [-29998.413, -11613.304], [-29997.948, -11613.273], [-29997.966, -11612.775], [-30002.045, -11613.003], [-30000.479, -11627.032]]]}}, {"type": "Feature", "properties": {"nome": "915", "codice": "12", "vertici": 17}, "geometry": {"type": "Polygon", "coordinates": [[[-29984.872, -11630.098], [-29984.89, -11629.71], [-29979.346, -11628.987], [-29980.264, -11621.45], [-29979.82, -11620.787], [-29979.612, -11616.403], [-29982.832, -11616.68], [-29982.839, -11616.302], [-29985.18, -11616.872], [-29989.931, -11617.287], [-29989.88, -11618.017], [-29989.868, -11618.207], [-29989.261, -11626.862], [-29989.808, -11626.916], [-29989.567, -11630.375], [-29986.374, -11630.199], [-29984.872, -11630.098]]]}}, {"type": "Feature", "properties": {"nome": "916", "codice": "12", "vertici": 8}, "geometry": {"type": "Polygon", "coordinates": [[[-29979.489, -11615.135], [-29979.18, -11603.227], [-29983.032, -11599.257], [-29986.076, -11602.15], [-29983.854, -11604.445], [-29983.432, -11605.902], [-29984.246, -11614.981], [-29979.489, -11615.135]]]}}, {"type": "Feature", "properties": {"nome": "917", "codice": "18", "vertici": 23}, "geometry": {"type": "Polygon", "coordinates": [[[-29983.032, -11599.257], [-29979.18, -11603.227], [-29979.489, -11615.135], [-29979.612, -11616.403], [-29979.82, -11620.787], [-29980.264, -11621.45], [-29979.346, -11628.987], [-29979.263, -11630.136], [-29978.309, -11630.011], [-29977.98, -11630.021], [-29978.101, -11621.648], [-29978.092, -11621.293], [-29978.146, -11616.271], [-29978.012, -11612.579], [-29977.814, -11612.575], [-29977.779, -11608.594], [-29977.578, -11608.592], [-29977.762, -11602.458], [-29981.964, -11598.467], [-29982.957, -11595.381], [-29984.139, -11595.126], [-29985.476, -11595.693], [-29983.032, -11599.257]]]}}, {"type": "Feature", "properties": {"nome": "918", "codice": "12", "vertici": 16}, "geometry": {"type": "Polygon", "coordinates": [[[-29978.146, -11616.271], [-29978.092, -11621.293], [-29978.101, -11621.648], [-29974.663, -11621.618], [-29974.659, -11628.3], [-29967.637, -11628.197], [-29964.608, -11628.138], [-29964.64, -11623.575], [-29965.687, -11623.602], [-29965.711, -11613.88], [-29964.7, -11613.704], [-29964.755, -11609.121], [-29974.104, -11609.431], [-29974.741, -11609.444], [-29974.716, -11616.176], [-29978.146, -11616.271]]]}}, {"type": "Feature", "properties": {"nome": "919", "codice": "12", "vertici": 15}, "geometry": {"type": "Polygon", "coordinates": [[[-29981.964, -11598.467], [-29977.762, -11602.458], [-29977.578, -11608.592], [-29977.779, -11608.594], [-29977.814, -11612.575], [-29978.012, -11612.579], [-29978.146, -11616.271], [-29974.716, -11616.176], [-29974.741, -11609.444], [-29974.104, -11609.431], [-29974.883, -11602.985], [-29976.464, -11599.711], [-29970.482, -11597.993], [-29971.297, -11595.549], [-29981.964, -11598.467]]]}}, {"type": "Feature", "properties": {"nome": "92", "codice": "18", "vertici": 7}, "geometry": {"type": "Polygon", "coordinates": [[[-30365.393, -11755.776], [-30369.209, -11763.439], [-30363.457, -11769.025], [-30339.041, -11776.438], [-30335.055, -11766.658], [-30357.007, -11761.727], [-30365.393, -11755.776]]]}}, {"type": "Feature", "properties": {"nome": "920", "codice": "12", "vertici": 7}, "geometry": {"type": "Polygon", "coordinates": [[[-29974.659, -11628.3], [-29974.663, -11621.618], [-29978.101, -11621.648], [-29977.98, -11630.021], [-29967.64, -11629.638], [-29967.637, -11628.197], [-29974.659, -11628.3]]]}}, {"type": "Feature", "properties": {"nome": "921", "codice": "12", "vertici": 14}, "geometry": {"type": "Polygon", "coordinates": [[[-29974.787, -11639.269], [-29973.86, -11645.926], [-29977.299, -11646.371], [-29976.571, -11651.566], [-29973.089, -11651.278], [-29972.143, -11657.957], [-29962.174, -11656.748], [-29962.788, -11652.094], [-29963.782, -11652.209], [-29965.109, -11642.657], [-29964.114, -11642.522], [-29964.807, -11637.99], [-29965.462, -11638.05], [-29974.787, -11639.269]]]}}, {"type": "Feature", "properties": {"nome": "922", "codice": "12", "vertici": 8}, "geometry": {"type": "Polygon", "coordinates": [[[-29914.601, -11611.193], [-29918.18, -11614.117], [-29919.893, -11617.3], [-29918.713, -11618.329], [-29910.38, -11611.821], [-29911.595, -11610.472], [-29914.186, -11610.67], [-29914.601, -11611.193]]]}}, {"type": "Feature", "properties": {"nome": "923", "codice": "12", "vertici": 12}, "geometry": {"type": "Polygon", "coordinates": [[[-29974.787, -11639.269], [-29965.462, -11638.05], [-29965.682, -11636.639], [-29979.443, -11638.447], [-29978.928, -11646.582], [-29978.744, -11649.738], [-29977.31, -11649.631], [-29977.088, -11651.625], [-29976.571, -11651.566], [-29977.299, -11646.371], [-29973.86, -11645.926], [-29974.787, -11639.269]]]}}, {"type": "Feature", "properties": {"nome": "924", "codice": "12", "vertici": 15}, "geometry": {"type": "Polygon", "coordinates": [[[-29962.174, -11656.748], [-29972.143, -11657.957], [-29973.089, -11651.278], [-29976.571, -11651.566], [-29977.088, -11651.625], [-29977.009, -11652.262], [-29976.556, -11652.209], [-29975.436, -11656.77], [-29974.616, -11657.587], [-29974.445, -11657.508], [-29969.834, -11662.518], [-29966.195, -11662.42], [-29966.713, -11658.654], [-29961.993, -11658.039], [-29962.174, -11656.748]]]}}, {"type": "Feature", "properties": {"nome": "925", "codice": "12", "vertici": 23}, "geometry": {"type": "Polygon", "coordinates": [[[-29981.586, -11661.08], [-29981.665, -11661.291], [-29982.318, -11664.973], [-29981.203, -11665.392], [-29976.085, -11666.346], [-29967.107, -11668.846], [-29964.977, -11668.98], [-29966.038, -11662.417], [-29966.195, -11662.42], [-29969.834, -11662.518], [-29974.445, -11657.508], [-29974.616, -11657.587], [-29975.436, -11656.77], [-29976.556, -11652.209], [-29977.009, -11652.262], [-29977.088, -11651.625], [-29977.31, -11649.631], [-29978.744, -11649.738], [-29981.125, -11649.956], [-29981.38, -11653.164], [-29981.273, -11659.044], [-29981.601, -11660.924], [-29981.586, -11661.08]]]}}, {"type": "Feature", "properties": {"nome": "926", "codice": "12", "vertici": 18}, "geometry": {"type": "Polygon", "coordinates": [[[-29954.652, -11631.595], [-29950.606, -11630.786], [-29950.361, -11634.232], [-29947.226, -11633.022], [-29946.076, -11632.777], [-29942.256, -11631.791], [-29933.747, -11628.434], [-29936.642, -11625.405], [-29933.527, -11623.51], [-29938.433, -11617.635], [-29941.494, -11610.929], [-29945.025, -11604.869], [-29947.974, -11608.68], [-29953.117, -11615.764], [-29956.698, -11616.022], [-29956.824, -11620.153], [-29955.596, -11631.57], [-29954.652, -11631.595]]]}}, {"type": "Feature", "properties": {"nome": "927", "codice": "18", "vertici": 33}, "geometry": {"type": "Polygon", "coordinates": [[[-29950.6, -11652.264], [-29950.129, -11654.232], [-29941.114, -11652.413], [-29940.701, -11652.276], [-29932.7, -11649.585], [-29927.077, -11646.975], [-29925.202, -11646.173], [-29912.212, -11639.847], [-29914.16, -11637.432], [-29911.031, -11634.938], [-29906.9, -11631.611], [-29913.193, -11624.133], [-29920.334, -11629.802], [-29920.709, -11630.103], [-29918.898, -11632.111], [-29920.04, -11632.93], [-29922.53, -11629.505], [-29924.814, -11630.932], [-29924.98, -11631.036], [-29924.223, -11632.488], [-29927.071, -11633.863], [-29928.237, -11634.294], [-29928.925, -11634.614], [-29937.918, -11638.802], [-29939.355, -11639.504], [-29940.01, -11638.06], [-29942.777, -11639.019], [-29942.417, -11640.551], [-29943.786, -11640.861], [-29946.129, -11641.341], [-29952.365, -11642.757], [-29952.763, -11642.845], [-29950.6, -11652.264]]]}}, {"type": "Feature", "properties": {"nome": "928", "codice": "12", "vertici": 7}, "geometry": {"type": "Polygon", "coordinates": [[[-29939.665, -11662.304], [-29938.666, -11661.576], [-29940.701, -11652.276], [-29941.114, -11652.413], [-29950.129, -11654.232], [-29947.627, -11666.355], [-29939.665, -11662.304]]]}}, {"type": "Feature", "properties": {"nome": "929", "codice": "12", "vertici": 7}, "geometry": {"type": "Polygon", "coordinates": [[[-29933.753, -11658.121], [-29930.295, -11655.467], [-29929.798, -11655.187], [-29932.7, -11649.585], [-29940.701, -11652.276], [-29938.666, -11661.576], [-29933.753, -11658.121]]]}}, {"type": "Feature", "properties": {"nome": "93", "codice": "18", "vertici": 12}, "geometry": {"type": "Polygon", "coordinates": [[[-30369.703, -11770.014], [-30373.558, -11781.22], [-30358.597, -11789.56], [-30360.153, -11793.259], [-30339.279, -11802.632], [-30322.229, -11797.237], [-30327.565, -11767.853], [-30335.055, -11766.658], [-30339.041, -11776.438], [-30339.776, -11777.962], [-30360.267, -11774.295], [-30369.703, -11770.014]]]}}, {"type": "Feature", "properties": {"nome": "930", "codice": "12", "vertici": 9}, "geometry": {"type": "Polygon", "coordinates": [[[-29926.933, -11653.181], [-29922.585, -11651.387], [-29925.378, -11646.877], [-29926.75, -11647.602], [-29927.077, -11646.975], [-29932.7, -11649.585], [-29929.798, -11655.187], [-29927.876, -11654.103], [-29926.933, -11653.181]]]}}, {"type": "Feature", "properties": {"nome": "931", "codice": "18", "vertici": 15}, "geometry": {"type": "Polygon", "coordinates": [[[-29925.202, -11646.173], [-29927.077, -11646.975], [-29926.75, -11647.602], [-29925.378, -11646.877], [-29922.585, -11651.387], [-29922.167, -11651.214], [-29919.548, -11650.395], [-29909.818, -11649.828], [-29899.255, -11645.018], [-29902.0, -11638.018], [-29901.46, -11631.962], [-29901.762, -11631.356], [-29910.816, -11639.145], [-29912.212, -11639.847], [-29925.202, -11646.173]]]}}, {"type": "Feature", "properties": {"nome": "932", "codice": "12", "vertici": 16}, "geometry": {"type": "Polygon", "coordinates": [[[-29913.193, -11624.133], [-29906.9, -11631.611], [-29911.031, -11634.938], [-29914.16, -11637.432], [-29912.212, -11639.847], [-29910.816, -11639.145], [-29901.762, -11631.356], [-29902.411, -11630.057], [-29905.078, -11624.563], [-29905.625, -11617.178], [-29906.214, -11616.511], [-29913.059, -11622.053], [-29920.61, -11627.765], [-29921.563, -11628.306], [-29920.334, -11629.802], [-29913.193, -11624.133]]]}}, {"type": "Feature", "properties": {"nome": "933", "codice": "12", "vertici": 16}, "geometry": {"type": "Polygon", "coordinates": [[[-29915.979, -11622.252], [-29924.1, -11628.085], [-29925.099, -11628.985], [-29925.219, -11630.057], [-29924.814, -11630.932], [-29922.53, -11629.505], [-29920.04, -11632.93], [-29918.898, -11632.111], [-29920.709, -11630.103], [-29920.334, -11629.802], [-29921.563, -11628.306], [-29920.61, -11627.765], [-29913.059, -11622.053], [-29906.214, -11616.511], [-29906.953, -11615.672], [-29915.979, -11622.252]]]}}, {"type": "Feature", "properties": {"nome": "934", "codice": "18", "vertici": 122}, "geometry": {"type": "Polygon", "coordinates": [[[-29996.055, -11640.042], [-29997.866, -11631.732], [-30000.479, -11627.032], [-30002.045, -11613.003], [-29997.966, -11612.775], [-29997.948, -11613.273], [-29992.074, -11612.825], [-29991.751, -11617.441], [-29989.931, -11617.287], [-29985.18, -11616.872], [-29982.839, -11616.302], [-29982.832, -11616.68], [-29979.612, -11616.403], [-29979.489, -11615.135], [-29984.246, -11614.981], [-29983.432, -11605.902], [-29983.854, -11604.445], [-29986.076, -11602.15], [-29983.032, -11599.257], [-29985.476, -11595.693], [-29985.956, -11595.896], [-29991.068, -11598.067], [-29992.155, -11595.205], [-29995.654, -11595.988], [-29997.551, -11596.395], [-29998.098, -11598.456], [-30010.234, -11601.784], [-30004.23, -11623.539], [-30003.326, -11628.073], [-30004.91, -11638.475], [-30006.308, -11647.652], [-29998.679, -11648.897], [-29992.181, -11660.017], [-29985.254, -11665.763], [-29982.958, -11664.731], [-29982.318, -11664.973], [-29981.665, -11661.291], [-29981.586, -11661.08], [-29981.601, -11660.924], [-29981.273, -11659.044], [-29981.38, -11653.164], [-29981.125, -11649.956], [-29978.744, -11649.738], [-29978.928, -11646.582], [-29979.443, -11638.447], [-29965.682, -11636.639], [-29965.462, -11638.05], [-29964.807, -11637.99], [-29964.114, -11642.522], [-29965.109, -11642.657], [-29963.782, -11652.209], [-29962.788, -11652.094], [-29962.174, -11656.748], [-29961.993, -11658.039], [-29966.713, -11658.654], [-29966.195, -11662.42], [-29966.038, -11662.417], [-29964.977, -11668.98], [-29961.652, -11669.192], [-29955.381, -11667.8], [-29947.627, -11666.355], [-29950.129, -11654.232], [-29950.6, -11652.264], [-29952.763, -11642.845], [-29952.365, -11642.757], [-29952.599, -11640.755], [-29948.939, -11640.277], [-29942.888, -11638.706], [-29942.777, -11639.019], [-29940.01, -11638.06], [-29939.355, -11639.504], [-29937.918, -11638.802], [-29938.706, -11637.195], [-29934.945, -11635.694], [-29929.545, -11633.375], [-29931.267, -11630.053], [-29932.625, -11630.668], [-29933.747, -11628.434], [-29942.256, -11631.791], [-29946.076, -11632.777], [-29947.226, -11633.022], [-29950.361, -11634.232], [-29950.606, -11630.786], [-29954.652, -11631.595], [-29955.596, -11631.57], [-29956.824, -11620.153], [-29956.698, -11616.022], [-29953.117, -11615.764], [-29947.974, -11608.68], [-29945.025, -11604.869], [-29948.425, -11599.035], [-29948.811, -11597.159], [-29952.653, -11597.16], [-29955.857, -11597.243], [-29956.542, -11598.516], [-29968.878, -11602.798], [-29970.482, -11597.993], [-29976.464, -11599.711], [-29974.883, -11602.985], [-29974.104, -11609.431], [-29964.755, -11609.121], [-29964.7, -11613.704], [-29965.711, -11613.88], [-29965.687, -11623.602], [-29964.64, -11623.575], [-29964.608, -11628.138], [-29967.637, -11628.197], [-29967.64, -11629.638], [-29977.98, -11630.021], [-29978.309, -11630.011], [-29979.263, -11630.136], [-29979.346, -11628.987], [-29984.89, -11629.71], [-29984.872, -11630.098], [-29986.374, -11630.199], [-29989.567, -11630.375], [-29989.535, -11631.127], [-29990.955, -11631.206], [-29990.092, -11650.868], [-29993.623, -11651.064], [-29994.149, -11640.029], [-29996.055, -11640.042]]]}}, {"type": "Feature", "properties": {"nome": "935", "codice": "12", "vertici": 6}, "geometry": {"type": "Polygon", "coordinates": [[[-29928.925, -11634.614], [-29929.545, -11633.375], [-29934.945, -11635.694], [-29938.706, -11637.195], [-29937.918, -11638.802], [-29928.925, -11634.614]]]}}, {"type": "Feature", "properties": {"nome": "936", "codice": "12", "vertici": 9}, "geometry": {"type": "Polygon", "coordinates": [[[-29946.129, -11641.341], [-29943.786, -11640.861], [-29942.417, -11640.551], [-29942.777, -11639.019], [-29942.888, -11638.706], [-29948.939, -11640.277], [-29952.599, -11640.755], [-29952.365, -11642.757], [-29946.129, -11641.341]]]}}, {"type": "Feature", "properties": {"nome": "937", "codice": "12", "vertici": 23}, "geometry": {"type": "Polygon", "coordinates": [[[-29918.713, -11618.329], [-29919.893, -11617.3], [-29921.349, -11620.058], [-29926.509, -11624.018], [-29933.527, -11623.51], [-29936.642, -11625.405], [-29933.747, -11628.434], [-29932.625, -11630.668], [-29931.267, -11630.053], [-29929.545, -11633.375], [-29928.925, -11634.614], [-29928.237, -11634.294], [-29927.071, -11633.863], [-29924.223, -11632.488], [-29924.98, -11631.036], [-29924.814, -11630.932], [-29925.219, -11630.057], [-29925.099, -11628.985], [-29924.1, -11628.085], [-29915.979, -11622.252], [-29906.953, -11615.672], [-29910.38, -11611.821], [-29918.713, -11618.329]]]}}, {"type": "Feature", "properties": {"nome": "94", "codice": "18", "vertici": 34}, "geometry": {"type": "Polygon", "coordinates": [[[-30212.504, -11802.754], [-30210.514, -11797.444], [-30213.93, -11795.932], [-30214.301, -11797.115], [-30235.154, -11785.691], [-30231.924, -11781.198], [-30231.035, -11780.027], [-30229.463, -11776.48], [-30227.73, -11777.645], [-30226.786, -11776.156], [-30233.662, -11770.639], [-30237.402, -11768.656], [-30247.624, -11763.925], [-30250.427, -11769.078], [-30265.081, -11762.696], [-30263.199, -11758.364], [-30282.087, -11751.748], [-30293.287, -11744.482], [-30297.172, -11742.993], [-30302.397, -11741.069], [-30306.338, -11740.879], [-30312.518, -11740.023], [-30324.88, -11734.462], [-30330.938, -11729.729], [-30332.509, -11732.527], [-30336.392, -11736.53], [-30338.763, -11740.763], [-30327.97, -11742.654], [-30322.948, -11744.702], [-30324.505, -11756.107], [-30326.254, -11760.018], [-30273.013, -11786.415], [-30215.861, -11815.009], [-30212.504, -11802.754]]]}}, {"type": "Feature", "properties": {"nome": "944", "codice": "18", "vertici": 15}, "geometry": {"type": "Polygon", "coordinates": [[[-30095.237, -11798.875], [-30088.594, -11787.605], [-30080.493, -11779.295], [-30070.948, -11766.384], [-30074.723, -11753.885], [-30077.217, -11750.078], [-30083.0, -11748.509], [-30087.661, -11743.454], [-30091.394, -11735.579], [-30096.746, -11736.0], [-30115.496, -11764.735], [-30125.393, -11770.161], [-30097.757, -11802.476], [-30097.568, -11802.205], [-30095.237, -11798.875]]]}}, {"type": "Feature", "properties": {"nome": "945", "codice": "18", "vertici": 18}, "geometry": {"type": "Polygon", "coordinates": [[[-30099.57, -11805.067], [-30097.757, -11802.476], [-30125.393, -11770.161], [-30158.831, -11788.117], [-30162.6, -11797.073], [-30147.258, -11808.42], [-30134.109, -11823.742], [-30138.611, -11829.576], [-30127.338, -11839.812], [-30122.95, -11836.929], [-30125.483, -11833.34], [-30122.763, -11831.272], [-30120.785, -11833.89], [-30120.283, -11834.598], [-30116.99, -11831.762], [-30111.54, -11822.846], [-30104.963, -11813.608], [-30099.57, -11805.067]]]}}, {"type": "Feature", "properties": {"nome": "946", "codice": "12", "vertici": 5}, "geometry": {"type": "Polygon", "coordinates": [[[-29917.208, -11562.558], [-29917.376, -11565.446], [-29916.584, -11565.201], [-29910.081, -11563.549], [-29917.208, -11562.558]]]}}, {"type": "Feature", "properties": {"nome": "947", "codice": "12", "vertici": 6}, "geometry": {"type": "Polygon", "coordinates": [[[-29869.208, -11579.866], [-29865.335, -11578.69], [-29866.818, -11578.517], [-29868.321, -11578.052], [-29870.33, -11577.115], [-29869.208, -11579.866]]]}}, {"type": "Feature", "properties": {"nome": "948", "codice": "12", "vertici": 20}, "geometry": {"type": "Polygon", "coordinates": [[[-29851.773, -11582.236], [-29853.193, -11584.413], [-29847.735, -11583.05], [-29844.029, -11581.803], [-29842.281, -11580.928], [-29841.249, -11579.886], [-29839.237, -11577.914], [-29838.15, -11576.763], [-29836.685, -11575.775], [-29834.953, -11575.171], [-29832.417, -11575.215], [-29829.72, -11575.206], [-29825.551, -11573.855], [-29825.764, -11569.728], [-29827.239, -11570.578], [-29831.447, -11570.649], [-29835.587, -11569.647], [-29837.226, -11568.743], [-29847.092, -11581.219], [-29851.773, -11582.236]]]}}, {"type": "Feature", "properties": {"nome": "949", "codice": "12", "vertici": 13}, "geometry": {"type": "Polygon", "coordinates": [[[-29910.509, -11607.526], [-29907.762, -11610.255], [-29906.639, -11610.001], [-29906.698, -11606.304], [-29901.577, -11606.032], [-29901.482, -11607.991], [-29886.553, -11607.621], [-29882.495, -11607.139], [-29881.598, -11606.768], [-29882.964, -11604.949], [-29914.928, -11604.806], [-29914.763, -11606.272], [-29910.509, -11607.526]]]}}, {"type": "Feature", "properties": {"nome": "95", "codice": "12", "vertici": 12}, "geometry": {"type": "Polygon", "coordinates": [[[-30231.035, -11780.027], [-30231.924, -11781.198], [-30227.387, -11787.42], [-30213.93, -11795.932], [-30210.514, -11797.444], [-30205.97, -11786.508], [-30209.767, -11784.685], [-30211.604, -11784.865], [-30226.786, -11776.156], [-30227.73, -11777.645], [-30229.463, -11776.48], [-30231.035, -11780.027]]]}}, {"type": "Feature", "properties": {"nome": "950", "codice": "12", "vertici": 13}, "geometry": {"type": "Polygon", "coordinates": [[[-29880.825, -11607.799], [-29881.598, -11606.768], [-29882.495, -11607.139], [-29886.553, -11607.621], [-29901.482, -11607.991], [-29901.577, -11606.032], [-29906.698, -11606.304], [-29906.639, -11610.001], [-29904.322, -11609.493], [-29886.26, -11608.948], [-29882.124, -11608.39], [-29881.165, -11608.075], [-29880.825, -11607.799]]]}}, {"type": "Feature", "properties": {"nome": "951", "codice": "12", "vertici": 12}, "geometry": {"type": "Polygon", "coordinates": [[[-29907.762, -11610.255], [-29903.96, -11614.034], [-29899.576, -11613.639], [-29894.583, -11613.421], [-29893.06, -11614.775], [-29893.058, -11616.391], [-29894.129, -11618.133], [-29882.124, -11608.39], [-29886.26, -11608.948], [-29904.322, -11609.493], [-29906.639, -11610.001], [-29907.762, -11610.255]]]}}, {"type": "Feature", "properties": {"nome": "952", "codice": "12", "vertici": 6}, "geometry": {"type": "Polygon", "coordinates": [[[-29901.137, -11623.857], [-29899.067, -11627.811], [-29899.576, -11613.639], [-29903.96, -11614.034], [-29903.181, -11614.808], [-29901.137, -11623.857]]]}}, {"type": "Feature", "properties": {"nome": "953", "codice": "12", "vertici": 10}, "geometry": {"type": "Polygon", "coordinates": [[[-29894.583, -11613.421], [-29899.576, -11613.639], [-29899.067, -11627.811], [-29898.527, -11624.846], [-29897.191, -11622.047], [-29895.624, -11619.515], [-29894.129, -11618.133], [-29893.058, -11616.391], [-29893.06, -11614.775], [-29894.583, -11613.421]]]}}, {"type": "Feature", "properties": {"nome": "954", "codice": "12", "vertici": 19}, "geometry": {"type": "Polygon", "coordinates": [[[-29898.527, -11624.846], [-29899.067, -11627.811], [-29898.171, -11629.52], [-29898.718, -11633.605], [-29894.457, -11629.85], [-29893.572, -11629.095], [-29893.47, -11627.454], [-29892.868, -11625.583], [-29892.144, -11623.87], [-29888.702, -11621.138], [-29886.777, -11623.304], [-29876.462, -11613.617], [-29880.825, -11607.799], [-29881.165, -11608.075], [-29882.124, -11608.39], [-29894.129, -11618.133], [-29895.624, -11619.515], [-29897.191, -11622.047], [-29898.527, -11624.846]]]}}, {"type": "Feature", "properties": {"nome": "955", "codice": "12", "vertici": 7}, "geometry": {"type": "Polygon", "coordinates": [[[-29893.572, -11629.095], [-29886.777, -11623.304], [-29888.702, -11621.138], [-29892.144, -11623.87], [-29892.868, -11625.583], [-29893.47, -11627.454], [-29893.572, -11629.095]]]}}, {"type": "Feature", "properties": {"nome": "956", "codice": "12", "vertici": 6}, "geometry": {"type": "Polygon", "coordinates": [[[-29882.964, -11604.949], [-29881.598, -11606.768], [-29879.527, -11605.915], [-29878.688, -11604.762], [-29880.165, -11604.826], [-29882.964, -11604.949]]]}}, {"type": "Feature", "properties": {"nome": "957", "codice": "12", "vertici": 5}, "geometry": {"type": "Polygon", "coordinates": [[[-29881.598, -11606.768], [-29880.825, -11607.799], [-29880.611, -11607.626], [-29879.527, -11605.915], [-29881.598, -11606.768]]]}}, {"type": "Feature", "properties": {"nome": "958", "codice": "12", "vertici": 7}, "geometry": {"type": "Polygon", "coordinates": [[[-29876.462, -11613.617], [-29866.947, -11604.251], [-29878.688, -11604.762], [-29879.527, -11605.915], [-29880.611, -11607.626], [-29880.825, -11607.799], [-29876.462, -11613.617]]]}}, {"type": "Feature", "properties": {"nome": "968", "codice": "18", "vertici": 21}, "geometry": {"type": "Polygon", "coordinates": [[[-29965.776, -12003.586], [-29968.012, -12004.676], [-29957.144, -12022.405], [-29948.528, -12018.388], [-29937.989, -12030.964], [-29936.191, -12029.757], [-29942.264, -12017.312], [-29943.15, -12015.933], [-29944.344, -12016.823], [-29947.036, -12014.318], [-29947.646, -12012.76], [-29951.068, -12005.65], [-29953.254, -12006.132], [-29954.851, -12002.785], [-29952.907, -12000.238], [-29953.921, -11997.893], [-29956.444, -11998.442], [-29960.861, -12000.821], [-29963.526, -11996.134], [-29968.411, -11998.877], [-29965.776, -12003.586]]]}}, {"type": "Feature", "properties": {"nome": "969", "codice": "12", "vertici": 5}, "geometry": {"type": "Polygon", "coordinates": [[[-30970.137, -11467.144], [-30969.195, -11461.462], [-30975.687, -11460.365], [-30976.594, -11465.755], [-30970.137, -11467.144]]]}}, {"type": "Feature", "properties": {"nome": "970", "codice": "18", "vertici": 52}, "geometry": {"type": "LineString", "coordinates": [[-30838.822, -11494.201], [-30845.619, -11474.581], [-30847.395, -11469.892], [-30848.584, -11462.912], [-30849.586, -11460.077], [-30852.998, -11453.855], [-30854.173, -11449.27], [-30856.222, -11447.215], [-30871.912, -11439.674], [-30879.653, -11437.835], [-30882.629, -11436.081], [-30884.458, -11433.782], [-30886.223, -11439.763], [-30890.034, -11444.627], [-30895.686, -11451.475], [-30901.521, -11454.686], [-30903.538, -11456.5], [-30908.64, -11459.952], [-30914.129, -11462.485], [-30916.951, -11464.255], [-30923.649, -11467.905], [-30931.245, -11474.227], [-30907.331, -11512.093], [-30897.017, -11533.491], [-30888.135, -11533.047], [-30881.858, -11531.101], [-30869.001, -11531.115], [-30860.771, -11532.435], [-30861.401, -11527.173], [-30860.28, -11519.754], [-30854.398, -11521.646], [-30851.708, -11521.172], [-30841.469, -11523.923], [-30831.958, -11525.121], [-30827.027, -11523.057], [-30826.551, -11518.749], [-30825.032, -11511.908], [-30833.547, -11509.233], [-30836.34, -11507.245], [-30838.3, -11503.641], [-30837.815, -11500.799], [-30838.822, -11494.201], [-30876.754, -11443.259], [-30870.618, -11448.303], [-30873.806, -11452.081], [-30879.944, -11447.033], [-30876.754, -11443.259], [-30873.284, -11466.05], [-30869.35, -11465.541], [-30869.017, -11468.016], [-30872.951, -11468.524], [-30873.284, -11466.05]]}}, {"type": "Feature", "properties": {"nome": "971", "codice": "12", "vertici": 5}, "geometry": {"type": "Polygon", "coordinates": [[[-30870.618, -11448.303], [-30876.754, -11443.259], [-30879.944, -11447.033], [-30873.806, -11452.081], [-30870.618, -11448.303]]]}}, {"type": "Feature", "properties": {"nome": "972", "codice": "18", "vertici": 5}, "geometry": {"type": "Polygon", "coordinates": [[[-30869.35, -11465.541], [-30873.284, -11466.05], [-30872.951, -11468.524], [-30869.017, -11468.016], [-30869.35, -11465.541]]]}}, {"type": "Feature", "properties": {"nome": "973", "codice": "18", "vertici": 26}, "geometry": {"type": "Polygon", "coordinates": [[[-30340.151, -11504.138], [-30351.193, -11497.139], [-30366.228, -11493.282], [-30365.063, -11482.446], [-30363.94, -11481.708], [-30357.633, -11465.748], [-30360.102, -11463.822], [-30364.851, -11460.018], [-30369.987, -11455.594], [-30375.813, -11450.213], [-30376.528, -11450.768], [-30382.809, -11459.217], [-30384.765, -11475.508], [-30384.174, -11483.546], [-30383.826, -11488.069], [-30379.852, -11488.351], [-30379.053, -11519.387], [-30381.048, -11529.969], [-30375.465, -11532.769], [-30373.237, -11530.7], [-30370.215, -11533.694], [-30367.537, -11530.149], [-30356.453, -11517.747], [-30354.546, -11517.409], [-30348.176, -11514.062], [-30340.151, -11504.138]]]}}, {"type": "Feature", "properties": {"nome": "974", "codice": "12", "vertici": 10}, "geometry": {"type": "Polygon", "coordinates": [[[-30350.054, -11494.445], [-30348.232, -11485.326], [-30345.149, -11475.799], [-30350.896, -11471.005], [-30357.633, -11465.748], [-30363.94, -11481.708], [-30365.063, -11482.446], [-30366.228, -11493.282], [-30351.193, -11497.139], [-30350.054, -11494.445]]]}}, {"type": "Feature", "properties": {"nome": "98", "codice": "18", "vertici": 16}, "geometry": {"type": "Polygon", "coordinates": [[[-30634.713, -11575.179], [-30637.244, -11587.681], [-30633.056, -11587.775], [-30625.138, -11576.863], [-30619.868, -11572.899], [-30616.643, -11568.444], [-30614.563, -11562.422], [-30614.19, -11557.242], [-30612.508, -11552.254], [-30617.19, -11549.793], [-30618.683, -11554.993], [-30621.658, -11560.114], [-30625.579, -11563.916], [-30629.007, -11566.102], [-30634.367, -11567.747], [-30634.713, -11575.179]]]}}, {"type": "Feature", "properties": {"nome": "992", "codice": "18", "vertici": 19}, "geometry": {"type": "Polygon", "coordinates": [[[-30468.985, -11474.11], [-30468.48, -11476.266], [-30465.891, -11475.558], [-30467.206, -11470.131], [-30469.847, -11470.776], [-30470.119, -11469.422], [-30471.948, -11469.755], [-30472.126, -11465.948], [-30473.314, -11462.334], [-30473.901, -11462.462], [-30474.047, -11462.493], [-30479.763, -11463.509], [-30479.509, -11467.509], [-30479.078, -11469.42], [-30475.713, -11468.584], [-30473.532, -11477.994], [-30469.254, -11476.763], [-30469.894, -11474.37], [-30468.985, -11474.11]]]}}, {"type": "Feature", "properties": {"nome": "993", "codice": "18", "vertici": 13}, "geometry": {"type": "LineString", "coordinates": [[-29933.557, -12367.413], [-29948.562, -12337.357], [-29968.249, -12350.505], [-29948.664, -12365.477], [-29939.696, -12389.455], [-29940.907, -12402.865], [-29938.532, -12404.099], [-29933.557, -12367.413], [-29947.427, -12359.327], [-29951.696, -12356.231], [-29949.891, -12353.778], [-29945.621, -12356.874], [-29947.427, -12359.327]]}}, {"type": "Feature", "properties": {"nome": "994", "codice": "18", "vertici": 5}, "geometry": {"type": "Polygon", "coordinates": [[[-29951.696, -12356.231], [-29947.427, -12359.327], [-29945.621, -12356.874], [-29949.891, -12353.778], [-29951.696, -12356.231]]]}}, {"type": "Feature", "properties": {"nome": "A", "codice": "25", "vertici": 56}, "geometry": {"type": "Polygon", "coordinates": [[[-29895.883, -11861.17], [-29891.798, -11832.389], [-29888.509, -11832.763], [-29888.098, -11829.201], [-29891.273, -11828.726], [-29889.087, -11814.222], [-29886.376, -11815.599], [-29882.286, -11811.425], [-29899.117, -11798.623], [-29929.231, -11781.296], [-29936.509, -11791.113], [-29938.296, -11793.524], [-29945.477, -11792.284], [-29946.285, -11796.355], [-29947.489, -11795.727], [-29951.401, -11794.882], [-29952.152, -11794.852], [-29955.039, -11795.218], [-29978.977, -11791.065], [-30002.349, -11786.887], [-30003.908, -11787.003], [-30011.312, -11787.166], [-30015.871, -11787.438], [-30017.643, -11788.203], [-30028.78, -11796.056], [-30032.322, -11799.808], [-30042.782, -11813.66], [-30042.729, -11818.031], [-30038.681, -11832.658], [-30038.158, -11833.574], [-30033.827, -11841.144], [-30029.682, -11845.192], [-30026.145, -11847.982], [-30024.449, -11849.37], [-30020.915, -11851.908], [-30014.397, -11854.216], [-29995.922, -11857.282], [-29995.763, -11855.018], [-29992.972, -11855.436], [-29961.127, -11860.086], [-29961.368, -11862.943], [-29962.213, -11872.328], [-29952.133, -11881.027], [-29941.39, -11894.131], [-29937.684, -11898.393], [-29913.018, -11920.104], [-29912.079, -11922.871], [-29909.904, -11921.258], [-29908.768, -11916.211], [-29908.523, -11914.008], [-29888.634, -11891.855], [-29888.265, -11887.176], [-29884.807, -11867.36], [-29890.981, -11865.87], [-29893.701, -11863.257], [-29895.883, -11861.17]]]}}, {"type": "Feature", "properties": {"nome": "370+", "codice": "12", "vertici": 16}, "geometry": {"type": "Polygon", "coordinates": [[[-29871.426, -11550.162], [-29869.677, -11557.71], [-29867.619, -11557.351], [-29864.615, -11568.104], [-29862.116, -11577.206], [-29862.917, -11577.495], [-29862.62, -11578.508], [-29848.718, -11575.198], [-29850.745, -11567.217], [-29852.584, -11567.605], [-29855.531, -11554.833], [-29853.811, -11554.293], [-29854.823, -11551.016], [-29856.44, -11551.433], [-29857.339, -11546.609], [-29871.426, -11550.162]]]}}, {"type": "Feature", "properties": {"nome": "159+", "codice": "12", "vertici": 5}, "geometry": {"type": "Polygon", "coordinates": [[[-30155.084, -11551.999], [-30152.746, -11554.237], [-30150.444, -11551.427], [-30152.733, -11549.482], [-30155.084, -11551.999]]]}}, {"type": "Feature", "properties": {"nome": "55+", "codice": "12", "vertici": 11}, "geometry": {"type": "Polygon", "coordinates": [[[-30526.046, -11452.019], [-30520.682, -11463.857], [-30519.183, -11463.15], [-30518.182, -11465.292], [-30511.558, -11461.986], [-30513.164, -11458.673], [-30511.636, -11457.937], [-30513.891, -11453.057], [-30517.697, -11454.939], [-30520.194, -11449.328], [-30526.046, -11452.019]]]}}, {"type": "Feature", "properties": {"nome": "5+", "codice": "12", "vertici": 5}, "geometry": {"type": "Polygon", "coordinates": [[[-31006.078, -11450.241], [-31006.254, -11456.254], [-31001.763, -11457.0], [-31000.955, -11450.639], [-31006.078, -11450.241]]]}}, {"type": "Feature", "properties": {"nome": "15+", "codice": "12", "vertici": 5}, "geometry": {"type": "Polygon", "coordinates": [[[-30937.25, -11459.136], [-30940.825, -11462.289], [-30937.12, -11466.829], [-30933.509, -11463.763], [-30937.25, -11459.136]]]}}, {"type": "Feature", "properties": {"nome": "456+", "codice": "12", "vertici": 5}, "geometry": {"type": "Polygon", "coordinates": [[[-30331.627, -11463.423], [-30333.517, -11465.558], [-30329.93, -11468.697], [-30327.782, -11466.379], [-30331.627, -11463.423]]]}}, {"type": "Feature", "properties": {"nome": "603+", "codice": "12", "vertici": 6}, "geometry": {"type": "Polygon", "coordinates": [[[-29976.052, -12058.98], [-29972.959, -12071.578], [-29966.687, -12069.273], [-29968.092, -12065.25], [-29971.003, -12057.356], [-29976.052, -12058.98]]]}}, {"type": "Feature", "properties": {"nome": "695+", "codice": "12", "vertici": 6}, "geometry": {"type": "Polygon", "coordinates": [[[-30074.208, -11959.286], [-30072.03, -11961.024], [-30070.162, -11958.83], [-30071.071, -11958.296], [-30072.283, -11957.594], [-30074.208, -11959.286]]]}}, {"type": "Feature", "properties": {"nome": "111+", "codice": "12", "vertici": 5}, "geometry": {"type": "Polygon", "coordinates": [[[-30399.559, -11521.135], [-30399.791, -11523.175], [-30397.54, -11523.116], [-30397.612, -11521.046], [-30399.559, -11521.135]]]}}, {"type": "Feature", "properties": {"nome": "114+", "codice": "12", "vertici": 9}, "geometry": {"type": "Polygon", "coordinates": [[[-30387.061, -11516.74], [-30386.998, -11513.308], [-30390.28, -11513.307], [-30390.478, -11516.708], [-30390.932, -11523.119], [-30386.736, -11523.312], [-30386.535, -11521.734], [-30387.522, -11521.584], [-30387.061, -11516.74]]]}}, {"type": "Feature", "properties": {"nome": "192+", "codice": "12", "vertici": 23}, "geometry": {"type": "Polygon", "coordinates": [[[-29943.772, -11581.986], [-29943.542, -11586.292], [-29942.092, -11586.234], [-29941.979, -11590.292], [-29940.658, -11590.456], [-29940.705, -11591.927], [-29934.538, -11592.023], [-29934.795, -11595.528], [-29928.933, -11595.56], [-29928.909, -11596.061], [-29922.892, -11596.099], [-29922.635, -11591.623], [-29921.735, -11591.475], [-29921.048, -11576.9], [-29922.692, -11576.985], [-29922.777, -11574.545], [-29927.474, -11574.501], [-29927.647, -11581.136], [-29933.186, -11581.272], [-29933.436, -11584.247], [-29938.645, -11584.253], [-29938.708, -11581.814], [-29943.772, -11581.986]]]}}, {"type": "Feature", "properties": {"nome": "A+", "codice": "12", "vertici": 7}, "geometry": {"type": "Polygon", "coordinates": [[[-29890.653, -11876.893], [-29902.12, -11876.148], [-29903.38, -11890.752], [-29898.885, -11891.219], [-29898.575, -11889.211], [-29891.993, -11889.836], [-29890.653, -11876.893]]]}}, {"type": "Feature", "properties": {"nome": "486+", "codice": "12", "vertici": 10}, "geometry": {"type": "Polygon", "coordinates": [[[-29918.726, -11739.782], [-29917.375, -11738.219], [-29912.576, -11742.831], [-29916.8, -11747.456], [-29915.073, -11749.17], [-29897.951, -11728.238], [-29880.362, -11712.031], [-29889.77, -11701.762], [-29910.068, -11718.254], [-29918.726, -11739.782]]]}}, {"type": "Feature", "properties": {"nome": "261+", "codice": "12", "vertici": 7}, "geometry": {"type": "Polygon", "coordinates": [[[-29918.422, -12095.19], [-29923.461, -12111.196], [-29926.277, -12117.727], [-29927.183, -12118.557], [-29913.543, -12123.326], [-29905.031, -12100.426], [-29918.422, -12095.19]]]}}, {"type": "Feature", "properties": {"nome": "447+", "codice": "12", "vertici": 5}, "geometry": {"type": "Polygon", "coordinates": [[[-29888.182, -12111.509], [-29888.996, -12114.813], [-29883.818, -12116.095], [-29882.977, -12112.835], [-29888.182, -12111.509]]]}}, {"type": "Feature", "properties": {"nome": "1048+", "codice": "12", "vertici": 5}, "geometry": {"type": "Polygon", "coordinates": [[[-29984.63, -12126.395], [-29982.466, -12125.157], [-29986.599, -12118.334], [-29988.764, -12119.571], [-29984.63, -12126.395]]]}}, {"type": "Feature", "properties": {"nome": "23+", "codice": "12", "vertici": 11}, "geometry": {"type": "Polygon", "coordinates": [[[-30798.322, -11531.914], [-30798.431, -11531.769], [-30804.241, -11535.726], [-30801.73, -11539.229], [-30801.474, -11539.061], [-30801.501, -11539.023], [-30795.911, -11535.228], [-30795.762, -11535.441], [-30793.369, -11533.867], [-30795.915, -11530.301], [-30798.322, -11531.914]]]}}, {"type": "Feature", "properties": {"nome": "375+", "codice": "12", "vertici": 21}, "geometry": {"type": "Polygon", "coordinates": [[[-29896.639, -12086.846], [-29894.699, -12086.793], [-29892.378, -12086.718], [-29893.718, -12080.549], [-29893.488, -12080.508], [-29894.269, -12076.115], [-29895.049, -12071.724], [-29895.763, -12071.771], [-29897.322, -12063.845], [-29904.879, -12065.101], [-29903.547, -12073.379], [-29902.666, -12073.264], [-29902.463, -12074.231], [-29903.892, -12074.489], [-29903.605, -12076.009], [-29905.792, -12076.181], [-29905.261, -12078.956], [-29905.014, -12080.341], [-29903.779, -12086.935], [-29901.439, -12086.991], [-29896.639, -12086.846]]]}}, {"type": "Feature", "properties": {"nome": "312+", "codice": "12", "vertici": 5}, "geometry": {"type": "Polygon", "coordinates": [[[-29857.549, -12191.064], [-29864.683, -12199.299], [-29856.707, -12205.863], [-29849.294, -12197.191], [-29857.549, -12191.064]]]}}, {"type": "Feature", "properties": {"nome": "49+", "codice": "12", "vertici": 21}, "geometry": {"type": "Polygon", "coordinates": [[[-30571.681, -11409.666], [-30572.696, -11414.288], [-30568.787, -11415.157], [-30568.571, -11414.186], [-30565.322, -11414.959], [-30557.496, -11417.005], [-30557.036, -11415.112], [-30556.76, -11414.485], [-30556.447, -11412.217], [-30556.234, -11411.223], [-30559.659, -11410.415], [-30560.486, -11410.219], [-30560.101, -11408.485], [-30564.732, -11407.086], [-30564.563, -11406.331], [-30564.389, -11405.545], [-30566.539, -11405.036], [-30566.73, -11405.887], [-30566.903, -11405.852], [-30567.943, -11410.537], [-30571.681, -11409.666]]]}}, {"type": "Feature", "properties": {"nome": "156+", "codice": "12", "vertici": 14}, "geometry": {"type": "Polygon", "coordinates": [[[-30068.807, -11428.133], [-30069.691, -11432.125], [-30068.572, -11432.365], [-30069.429, -11437.29], [-30058.887, -11438.993], [-30053.25, -11409.626], [-30062.903, -11407.84], [-30063.733, -11412.542], [-30065.355, -11412.259], [-30066.109, -11415.802], [-30064.548, -11416.118], [-30064.925, -11417.485], [-30066.691, -11428.428], [-30068.807, -11428.133]]]}}, {"type": "Feature", "properties": {"nome": "48+", "codice": "12", "vertici": 5}, "geometry": {"type": "Polygon", "coordinates": [[[-30568.948, -11416.093], [-30569.482, -11418.857], [-30563.607, -11420.167], [-30563.103, -11417.422], [-30568.948, -11416.093]]]}}, {"type": "Feature", "properties": {"nome": "325+", "codice": "12", "vertici": 10}, "geometry": {"type": "Polygon", "coordinates": [[[-30035.133, -11421.319], [-30036.9, -11430.273], [-30034.965, -11430.496], [-30024.706, -11432.027], [-30023.856, -11427.749], [-30022.689, -11419.435], [-30031.195, -11417.997], [-30032.201, -11421.703], [-30033.318, -11421.542], [-30035.133, -11421.319]]]}}, {"type": "Feature", "properties": {"nome": "47+", "codice": "12", "vertici": 5}, "geometry": {"type": "Polygon", "coordinates": [[[-30631.735, -11428.768], [-30629.589, -11432.328], [-30626.166, -11430.275], [-30628.314, -11426.775], [-30631.735, -11428.768]]]}}, {"type": "Feature", "properties": {"nome": "884+", "codice": "12", "vertici": 9}, "geometry": {"type": "Polygon", "coordinates": [[[-30355.298, -11700.329], [-30354.139, -11700.583], [-30354.197, -11700.859], [-30353.484, -11701.013], [-30353.424, -11700.739], [-30346.705, -11702.21], [-30345.218, -11694.964], [-30353.782, -11693.108], [-30355.298, -11700.329]]]}}, {"type": "Feature", "properties": {"nome": "136+", "codice": "12", "vertici": 5}, "geometry": {"type": "Polygon", "coordinates": [[[-30253.655, -11697.127], [-30254.48, -11701.035], [-30248.648, -11702.042], [-30248.298, -11697.97], [-30253.655, -11697.127]]]}}, {"type": "Feature", "properties": {"nome": "137+", "codice": "12", "vertici": 8}, "geometry": {"type": "Polygon", "coordinates": [[[-30227.06, -11703.386], [-30225.767, -11707.128], [-30223.034, -11706.002], [-30221.509, -11710.254], [-30213.537, -11707.293], [-30214.108, -11705.732], [-30216.114, -11698.958], [-30227.06, -11703.386]]]}}, {"type": "Feature", "properties": {"nome": "692+", "codice": "12", "vertici": 5}, "geometry": {"type": "Polygon", "coordinates": [[[-30283.104, -11732.942], [-30283.998, -11734.682], [-30272.673, -11739.789], [-30271.568, -11738.108], [-30283.104, -11732.942]]]}}, {"type": "Feature", "properties": {"nome": "139+", "codice": "12", "vertici": 7}, "geometry": {"type": "Polygon", "coordinates": [[[-30273.689, -11744.085], [-30276.334, -11749.285], [-30268.069, -11752.715], [-30265.996, -11747.706], [-30264.731, -11744.822], [-30272.483, -11741.414], [-30273.689, -11744.085]]]}}, {"type": "Feature", "properties": {"nome": "689+", "codice": "12", "vertici": 7}, "geometry": {"type": "Polygon", "coordinates": [[[-30202.491, -11638.987], [-30202.399, -11640.191], [-30200.751, -11640.152], [-30200.733, -11641.201], [-30195.913, -11641.408], [-30195.95, -11639.142], [-30202.491, -11638.987]]]}}, {"type": "Feature", "properties": {"nome": "16+", "codice": "12", "vertici": 27}, "geometry": {"type": "Polygon", "coordinates": [[[-30951.164, -11499.345], [-30949.83, -11498.825], [-30949.407, -11499.187], [-30946.399, -11496.103], [-30945.511, -11496.933], [-30942.509, -11493.78], [-30943.694, -11492.661], [-30940.207, -11489.476], [-30942.618, -11487.293], [-30943.545, -11486.405], [-30946.832, -11489.668], [-30946.985, -11489.528], [-30949.258, -11491.448], [-30952.952, -11495.191], [-30954.004, -11493.054], [-30955.983, -11493.729], [-30956.665, -11491.846], [-30959.407, -11492.689], [-30959.004, -11493.798], [-30959.33, -11493.915], [-30959.011, -11494.79], [-30961.095, -11495.52], [-30959.698, -11502.705], [-30956.607, -11501.359], [-30956.003, -11502.444], [-30950.743, -11500.324], [-30951.164, -11499.345]]]}}, {"type": "Feature", "properties": {"nome": "258+", "codice": "12", "vertici": 17}, "geometry": {"type": "Polygon", "coordinates": [[[-29999.087, -12067.277], [-29998.369, -12068.149], [-29996.261, -12070.614], [-29995.356, -12069.884], [-29991.503, -12066.847], [-29993.688, -12064.208], [-29991.68, -12062.677], [-29985.345, -12059.868], [-29986.808, -12056.521], [-29987.187, -12055.764], [-29987.857, -12054.169], [-29994.223, -12057.088], [-29997.245, -12058.759], [-30001.463, -12062.087], [-30000.646, -12063.189], [-30002.202, -12064.443], [-29999.087, -12067.277]]]}}, {"type": "Feature", "properties": {"nome": "170+", "codice": "12", "vertici": 6}, "geometry": {"type": "Polygon", "coordinates": [[[-29918.175, -11497.762], [-29918.287, -11502.683], [-29918.131, -11504.199], [-29915.356, -11505.04], [-29915.151, -11498.128], [-29918.175, -11497.762]]]}}, {"type": "Feature", "properties": {"nome": "171+", "codice": "12", "vertici": 9}, "geometry": {"type": "Polygon", "coordinates": [[[-29913.185, -11480.587], [-29914.169, -11481.585], [-29912.664, -11482.539], [-29912.674, -11490.836], [-29911.726, -11490.742], [-29911.751, -11486.547], [-29910.311, -11486.776], [-29910.0, -11481.509], [-29913.185, -11480.587]]]}}, {"type": "Feature", "properties": {"nome": "172+", "codice": "12", "vertici": 11}, "geometry": {"type": "Polygon", "coordinates": [[[-29911.726, -11490.742], [-29912.001, -11496.491], [-29908.125, -11496.3], [-29907.603, -11493.619], [-29901.763, -11493.238], [-29900.727, -11482.498], [-29902.605, -11481.657], [-29910.0, -11481.509], [-29910.311, -11486.776], [-29911.751, -11486.547], [-29911.726, -11490.742]]]}}, {"type": "Feature", "properties": {"nome": "138+", "codice": "12", "vertici": 7}, "geometry": {"type": "Polygon", "coordinates": [[[-30232.273, -11722.272], [-30227.659, -11730.665], [-30221.714, -11732.967], [-30221.875, -11728.577], [-30221.143, -11721.975], [-30226.087, -11721.089], [-30232.273, -11722.272]]]}}, {"type": "Feature", "properties": {"nome": "1130+", "codice": "12", "vertici": 5}, "geometry": {"type": "Polygon", "coordinates": [[[-30077.94, -11960.831], [-30076.535, -11964.332], [-30073.018, -11962.785], [-30074.514, -11959.314], [-30077.94, -11960.831]]]}}, {"type": "Feature", "properties": {"nome": "143+", "codice": "12", "vertici": 13}, "geometry": {"type": "Polygon", "coordinates": [[[-30337.826, -11467.409], [-30342.198, -11472.361], [-30332.968, -11479.274], [-30328.355, -11473.814], [-30327.108, -11474.409], [-30326.356, -11473.054], [-30329.145, -11471.021], [-30330.246, -11471.864], [-30335.836, -11467.784], [-30335.419, -11467.088], [-30336.29, -11466.615], [-30337.083, -11467.305], [-30337.826, -11467.409]]]}}, {"type": "Feature", "properties": {"nome": "50+", "codice": "12", "vertici": 9}, "geometry": {"type": "Polygon", "coordinates": [[[-30676.325, -11474.733], [-30674.809, -11476.695], [-30676.137, -11477.679], [-30673.418, -11480.949], [-30671.449, -11479.078], [-30669.475, -11477.227], [-30670.944, -11475.551], [-30673.913, -11472.513], [-30676.325, -11474.733]]]}}, {"type": "Feature", "properties": {"nome": "1146+", "codice": "12", "vertici": 9}, "geometry": {"type": "Polygon", "coordinates": [[[-30957.465, -11476.862], [-30956.777, -11478.024], [-30953.675, -11476.013], [-30954.536, -11474.715], [-30955.759, -11475.407], [-30956.249, -11474.719], [-30957.39, -11475.418], [-30956.824, -11476.418], [-30957.465, -11476.862]]]}}, {"type": "Feature", "properties": {"nome": "50+", "codice": "12", "vertici": 7}, "geometry": {"type": "Polygon", "coordinates": [[[-30672.559, -11484.643], [-30668.884, -11488.24], [-30664.192, -11483.314], [-30667.358, -11479.647], [-30669.162, -11481.364], [-30670.961, -11483.102], [-30672.559, -11484.643]]]}}, {"type": "Feature", "properties": {"nome": "151+", "codice": "12", "vertici": 5}, "geometry": {"type": "Polygon", "coordinates": [[[-30320.449, -11484.482], [-30319.445, -11485.326], [-30317.251, -11483.353], [-30318.226, -11482.415], [-30320.449, -11484.482]]]}}, {"type": "Feature", "properties": {"nome": "110+", "codice": "12", "vertici": 5}, "geometry": {"type": "Polygon", "coordinates": [[[-30485.062, -11487.228], [-30483.252, -11494.798], [-30480.566, -11494.107], [-30482.88, -11486.718], [-30485.062, -11487.228]]]}}, {"type": "Feature", "properties": {"nome": "165+", "codice": "12", "vertici": 5}, "geometry": {"type": "Polygon", "coordinates": [[[-29947.052, -11489.469], [-29948.578, -11491.859], [-29944.779, -11494.407], [-29943.313, -11492.008], [-29947.052, -11489.469]]]}}, {"type": "Feature", "properties": {"nome": "157+", "codice": "12", "vertici": 5}, "geometry": {"type": "Polygon", "coordinates": [[[-30162.509, -11491.0], [-30165.864, -11496.66], [-30159.608, -11499.88], [-30157.509, -11494.253], [-30162.509, -11491.0]]]}}, {"type": "Feature", "properties": {"nome": "694+", "codice": "12", "vertici": 6}, "geometry": {"type": "Polygon", "coordinates": [[[-29896.226, -12153.821], [-29889.649, -12157.286], [-29876.355, -12129.123], [-29882.832, -12125.682], [-29895.385, -12152.057], [-29896.226, -12153.821]]]}}, {"type": "Feature", "properties": {"nome": "447+", "codice": "12", "vertici": 7}, "geometry": {"type": "Polygon", "coordinates": [[[-29907.605, -12136.755], [-29905.96, -12137.644], [-29901.317, -12140.387], [-29898.19, -12134.577], [-29902.984, -12132.023], [-29904.29, -12131.365], [-29907.605, -12136.755]]]}}, {"type": "Feature", "properties": {"nome": "95+", "codice": "12", "vertici": 17}, "geometry": {"type": "Polygon", "coordinates": [[[-30229.463, -11776.48], [-30231.035, -11780.027], [-30225.317, -11783.228], [-30226.232, -11784.845], [-30215.387, -11790.914], [-30214.562, -11789.263], [-30212.788, -11790.299], [-30212.266, -11789.276], [-30209.864, -11790.693], [-30209.402, -11789.758], [-30211.335, -11788.662], [-30210.992, -11787.977], [-30212.735, -11786.971], [-30211.604, -11784.865], [-30226.786, -11776.156], [-30227.73, -11777.645], [-30229.463, -11776.48]]]}}, {"type": "Feature", "properties": {"nome": "363+", "codice": "12", "vertici": 5}, "geometry": {"type": "Polygon", "coordinates": [[[-30167.723, -11812.476], [-30170.975, -11816.507], [-30165.275, -11820.586], [-30162.312, -11816.455], [-30167.723, -11812.476]]]}}, {"type": "Feature", "properties": {"nome": "123+", "codice": "12", "vertici": 6}, "geometry": {"type": "Polygon", "coordinates": [[[-30248.207, -11644.351], [-30246.535, -11647.949], [-30242.376, -11646.006], [-30240.026, -11644.87], [-30242.127, -11640.477], [-30248.207, -11644.351]]]}}, {"type": "Feature", "properties": {"nome": "126+", "codice": "12", "vertici": 11}, "geometry": {"type": "Polygon", "coordinates": [[[-30183.908, -11637.719], [-30184.308, -11637.956], [-30180.467, -11645.993], [-30179.587, -11647.586], [-30177.419, -11646.368], [-30176.91, -11647.228], [-30173.737, -11645.601], [-30174.027, -11644.621], [-30172.376, -11643.781], [-30177.295, -11634.224], [-30183.908, -11637.719]]]}}, {"type": "Feature", "properties": {"nome": "690+", "codice": "12", "vertici": 5}, "geometry": {"type": "Polygon", "coordinates": [[[-30191.584, -11638.816], [-30191.614, -11641.429], [-30186.095, -11641.62], [-30186.059, -11638.984], [-30191.584, -11638.816]]]}}, {"type": "Feature", "properties": {"nome": "438+", "codice": "12", "vertici": 13}, "geometry": {"type": "Polygon", "coordinates": [[[-29893.364, -12094.188], [-29892.226, -12100.646], [-29887.908, -12099.83], [-29883.943, -12099.082], [-29883.59, -12099.016], [-29884.503, -12095.074], [-29885.415, -12091.133], [-29887.376, -12091.556], [-29887.653, -12090.588], [-29887.593, -12087.199], [-29894.654, -12086.88], [-29894.353, -12088.582], [-29893.364, -12094.188]]]}}, {"type": "Feature", "properties": {"nome": "184+", "codice": "12", "vertici": 15}, "geometry": {"type": "Polygon", "coordinates": [[[-29833.891, -11517.083], [-29838.865, -11514.988], [-29839.229, -11515.868], [-29841.125, -11515.207], [-29841.625, -11516.397], [-29845.456, -11514.766], [-29852.014, -11532.488], [-29841.767, -11536.46], [-29839.548, -11530.205], [-29839.064, -11530.393], [-29837.685, -11526.379], [-29838.125, -11526.237], [-29835.928, -11520.64], [-29835.399, -11520.829], [-29833.891, -11517.083]]]}}, {"type": "Feature", "properties": {"nome": "918+", "codice": "12", "vertici": 16}, "geometry": {"type": "Polygon", "coordinates": [[[-29978.146, -11616.271], [-29978.092, -11621.293], [-29978.101, -11621.648], [-29974.663, -11621.618], [-29974.659, -11628.3], [-29967.637, -11628.197], [-29964.608, -11628.138], [-29964.64, -11623.575], [-29965.687, -11623.602], [-29965.711, -11613.88], [-29964.7, -11613.704], [-29964.755, -11609.121], [-29974.104, -11609.431], [-29974.741, -11609.444], [-29974.716, -11616.176], [-29978.146, -11616.271]]]}}, {"type": "Feature", "properties": {"nome": "479+", "codice": "12", "vertici": 7}, "geometry": {"type": "Polygon", "coordinates": [[[-29872.418, -11684.098], [-29889.02, -11698.592], [-29882.952, -11706.13], [-29882.844, -11706.056], [-29872.068, -11696.783], [-29866.143, -11691.587], [-29872.418, -11684.098]]]}}, {"type": "Feature", "properties": {"nome": "992+", "codice": "12", "vertici": 7}, "geometry": {"type": "Polygon", "coordinates": [[[-30469.718, -11471.414], [-30468.985, -11474.11], [-30468.48, -11476.266], [-30465.891, -11475.558], [-30467.206, -11470.131], [-30469.847, -11470.776], [-30469.718, -11471.414]]]}}, {"type": "Feature", "properties": {"nome": "992+", "codice": "12", "vertici": 10}, "geometry": {"type": "Polygon", "coordinates": [[[-30473.761, -11466.012], [-30473.269, -11465.917], [-30473.901, -11462.462], [-30474.047, -11462.493], [-30479.763, -11463.509], [-30479.509, -11467.509], [-30476.409, -11466.655], [-30475.055, -11466.368], [-30475.078, -11466.263], [-30473.761, -11466.012]]]}}, {"type": "Feature", "properties": {"nome": "84+", "codice": "12", "vertici": 25}, "geometry": {"type": "Polygon", "coordinates": [[[-30537.554, -11692.924], [-30541.763, -11689.254], [-30544.216, -11692.043], [-30543.272, -11693.389], [-30538.84, -11695.576], [-30538.5, -11694.87], [-30537.138, -11695.542], [-30537.225, -11695.72], [-30534.258, -11697.182], [-30534.105, -11697.052], [-30532.633, -11695.923], [-30531.9, -11694.657], [-30529.217, -11696.102], [-30524.413, -11698.92], [-30523.246, -11699.55], [-30521.913, -11696.868], [-30520.562, -11694.007], [-30523.4, -11692.529], [-30523.921, -11693.537], [-30528.631, -11691.004], [-30533.425, -11688.387], [-30535.034, -11690.934], [-30535.506, -11691.552], [-30536.463, -11691.06], [-30537.554, -11692.924]]]}}, {"type": "Feature", "properties": {"nome": "317+", "codice": "12", "vertici": 16}, "geometry": {"type": "Polygon", "coordinates": [[[-29660.386, -11560.606], [-29660.332, -11560.594], [-29660.628, -11559.281], [-29659.92, -11559.117], [-29659.026, -11563.226], [-29659.315, -11563.502], [-29656.509, -11567.017], [-29653.018, -11564.018], [-29654.601, -11560.938], [-29641.856, -11558.784], [-29642.984, -11553.509], [-29667.793, -11547.353], [-29668.604, -11548.849], [-29668.945, -11550.039], [-29661.459, -11560.859], [-29660.386, -11560.606]]]}}, {"type": "Feature", "properties": {"nome": "692+", "codice": "12", "vertici": 5}, "geometry": {"type": "Polygon", "coordinates": [[[-30260.677, -11745.776], [-30258.173, -11747.565], [-30257.287, -11746.245], [-30259.777, -11744.48], [-30260.677, -11745.776]]]}}, {"type": "Feature", "properties": {"nome": "469+", "codice": "12", "vertici": 11}, "geometry": {"type": "Polygon", "coordinates": [[[-30408.389, -11683.038], [-30409.257, -11688.158], [-30402.148, -11689.725], [-30402.278, -11690.445], [-30396.944, -11691.532], [-30395.935, -11685.733], [-30393.712, -11686.189], [-30392.928, -11681.04], [-30406.082, -11678.51], [-30406.914, -11683.316], [-30408.389, -11683.038]]]}}, {"type": "Feature", "properties": {"nome": "301+", "codice": "12", "vertici": 15}, "geometry": {"type": "Polygon", "coordinates": [[[-29654.383, -11568.135], [-29655.279, -11568.827], [-29646.364, -11580.435], [-29646.136, -11580.731], [-29638.65, -11579.306], [-29640.211, -11570.928], [-29641.419, -11570.808], [-29642.411, -11562.518], [-29641.362, -11562.23], [-29641.856, -11558.784], [-29654.601, -11560.938], [-29653.018, -11564.018], [-29651.087, -11566.286], [-29653.791, -11568.625], [-29654.383, -11568.135]]]}}, {"type": "Feature", "properties": {"nome": "116+", "codice": "12", "vertici": 7}, "geometry": {"type": "Polygon", "coordinates": [[[-30407.511, -11560.921], [-30410.78, -11568.869], [-30405.398, -11571.384], [-30404.489, -11568.963], [-30401.379, -11570.382], [-30398.956, -11564.695], [-30407.511, -11560.921]]]}}, {"type": "Feature", "properties": {"nome": "191+", "codice": "12", "vertici": 27}, "geometry": {"type": "Polygon", "coordinates": [[[-29982.089, -11582.109], [-29981.077, -11586.614], [-29979.61, -11586.167], [-29978.101, -11590.608], [-29973.086, -11589.272], [-29972.538, -11591.291], [-29969.373, -11590.625], [-29969.034, -11591.796], [-29963.504, -11589.99], [-29962.9, -11591.57], [-29958.969, -11590.521], [-29961.023, -11582.912], [-29960.582, -11582.575], [-29962.535, -11576.06], [-29961.709, -11575.654], [-29963.862, -11567.954], [-29970.948, -11570.151], [-29970.739, -11572.446], [-29971.371, -11572.722], [-29969.777, -11578.593], [-29971.204, -11578.682], [-29971.081, -11580.637], [-29973.272, -11581.073], [-29974.145, -11577.159], [-29977.681, -11578.102], [-29977.159, -11580.621], [-29982.089, -11582.109]]]}}, {"type": "Feature", "properties": {"nome": "302+", "codice": "12", "vertici": 6}, "geometry": {"type": "Polygon", "coordinates": [[[-29646.136, -11580.731], [-29643.445, -11587.748], [-29642.685, -11600.34], [-29636.26, -11599.674], [-29638.65, -11579.306], [-29646.136, -11580.731]]]}}, {"type": "Feature", "properties": {"nome": "517+", "codice": "12", "vertici": 16}, "geometry": {"type": "Polygon", "coordinates": [[[-30247.661, -11605.088], [-30249.977, -11606.609], [-30247.158, -11610.448], [-30244.764, -11614.052], [-30231.682, -11605.081], [-30234.084, -11601.478], [-30236.202, -11602.885], [-30236.946, -11601.922], [-30238.49, -11599.264], [-30239.397, -11597.858], [-30241.627, -11599.16], [-30241.429, -11599.467], [-30245.768, -11602.313], [-30245.984, -11602.021], [-30248.55, -11603.704], [-30247.661, -11605.088]]]}}, {"type": "Feature", "properties": {"nome": "680+", "codice": "12", "vertici": 9}, "geometry": {"type": "Polygon", "coordinates": [[[-29869.766, -11610.929], [-29868.23, -11614.982], [-29866.695, -11614.487], [-29865.942, -11616.962], [-29860.461, -11615.112], [-29861.223, -11612.544], [-29858.138, -11611.456], [-29859.731, -11607.121], [-29869.766, -11610.929]]]}}, {"type": "Feature", "properties": {"nome": "123+", "codice": "12", "vertici": 14}, "geometry": {"type": "Polygon", "coordinates": [[[-30242.891, -11624.559], [-30241.452, -11626.793], [-30236.837, -11624.151], [-30236.173, -11625.21], [-30230.296, -11633.691], [-30223.357, -11629.032], [-30224.023, -11628.091], [-30221.371, -11626.663], [-30222.136, -11625.023], [-30216.043, -11620.881], [-30221.191, -11613.593], [-30234.638, -11622.594], [-30236.187, -11620.126], [-30242.891, -11624.559]]]}}, {"type": "Feature", "properties": {"nome": "536+", "codice": "12", "vertici": 6}, "geometry": {"type": "Polygon", "coordinates": [[[-30445.248, -11501.952], [-30443.347, -11507.507], [-30438.751, -11505.553], [-30440.734, -11501.108], [-30441.906, -11501.33], [-30445.248, -11501.952]]]}}, {"type": "Feature", "properties": {"nome": "494+", "codice": "12", "vertici": 5}, "geometry": {"type": "Polygon", "coordinates": [[[-30501.988, -11508.31], [-30494.899, -11518.254], [-30486.947, -11513.045], [-30494.196, -11503.109], [-30501.988, -11508.31]]]}}, {"type": "Feature", "properties": {"nome": "603+", "codice": "12", "vertici": 5}, "geometry": {"type": "Polygon", "coordinates": [[[-29960.925, -12054.129], [-29962.033, -12054.483], [-29961.425, -12056.454], [-29960.247, -12055.996], [-29960.925, -12054.129]]]}}, {"type": "Feature", "properties": {"nome": "921+", "codice": "12", "vertici": 14}, "geometry": {"type": "Polygon", "coordinates": [[[-29973.86, -11645.926], [-29977.299, -11646.371], [-29976.571, -11651.566], [-29973.089, -11651.278], [-29972.143, -11657.957], [-29962.174, -11656.748], [-29962.788, -11652.094], [-29963.782, -11652.209], [-29965.109, -11642.657], [-29964.114, -11642.522], [-29964.807, -11637.99], [-29965.462, -11638.05], [-29974.787, -11639.269], [-29973.86, -11645.926]]]}}, {"type": "Feature", "properties": {"nome": "252+", "codice": "12", "vertici": 5}, "geometry": {"type": "Polygon", "coordinates": [[[-30064.525, -12025.776], [-30063.271, -12030.386], [-30058.297, -12028.893], [-30059.711, -12024.312], [-30064.525, -12025.776]]]}}, {"type": "Feature", "properties": {"nome": "524+", "codice": "12", "vertici": 7}, "geometry": {"type": "Polygon", "coordinates": [[[-29587.38, -11416.45], [-29582.322, -11422.027], [-29549.48, -11389.415], [-29556.25, -11382.793], [-29572.072, -11397.955], [-29570.552, -11399.628], [-29587.38, -11416.45]]]}}, {"type": "Feature", "properties": {"nome": "522+", "codice": "12", "vertici": 18}, "geometry": {"type": "Polygon", "coordinates": [[[-29726.309, -11545.265], [-29743.096, -11560.555], [-29744.696, -11561.98], [-29762.144, -11577.942], [-29759.095, -11581.376], [-29762.411, -11584.354], [-29758.905, -11588.504], [-29758.483, -11589.024], [-29719.176, -11553.173], [-29679.378, -11516.556], [-29680.553, -11515.253], [-29680.418, -11515.121], [-29680.683, -11514.804], [-29686.483, -11508.522], [-29723.256, -11542.468], [-29722.974, -11542.817], [-29726.007, -11545.602], [-29726.309, -11545.265]]]}}, {"type": "Feature", "properties": {"nome": "77+", "codice": "12", "vertici": 5}, "geometry": {"type": "Polygon", "coordinates": [[[-30448.407, -11628.417], [-30448.885, -11633.426], [-30444.581, -11633.807], [-30444.28, -11628.726], [-30448.407, -11628.417]]]}}, {"type": "Feature", "properties": {"nome": "78+", "codice": "12", "vertici": 15}, "geometry": {"type": "Polygon", "coordinates": [[[-30429.021, -11653.388], [-30428.891, -11649.954], [-30427.896, -11649.985], [-30427.804, -11647.19], [-30428.786, -11647.153], [-30439.433, -11646.429], [-30439.94, -11653.904], [-30436.638, -11654.175], [-30436.754, -11655.574], [-30432.295, -11655.814], [-30432.208, -11654.602], [-30429.07, -11654.669], [-30427.648, -11654.734], [-30427.606, -11653.436], [-30429.021, -11653.388]]]}}, {"type": "Feature", "properties": {"nome": "158+", "codice": "12", "vertici": 8}, "geometry": {"type": "Polygon", "coordinates": [[[-30216.469, -11573.119], [-30219.845, -11562.143], [-30223.201, -11563.256], [-30229.48, -11565.306], [-30230.541, -11565.651], [-30241.0, -11569.491], [-30232.583, -11578.523], [-30216.469, -11573.119]]]}}, {"type": "Feature", "properties": {"nome": "742+", "codice": "12", "vertici": 12}, "geometry": {"type": "Polygon", "coordinates": [[[-30217.583, -11506.166], [-30221.169, -11506.407], [-30221.663, -11507.071], [-30223.443, -11519.08], [-30225.43, -11529.897], [-30227.708, -11541.616], [-30227.307, -11541.779], [-30223.91, -11542.279], [-30221.952, -11531.762], [-30220.53, -11524.268], [-30219.676, -11519.696], [-30217.583, -11506.166]]]}}, {"type": "Feature", "properties": {"nome": "87+", "codice": "12", "vertici": 7}, "geometry": {"type": "Polygon", "coordinates": [[[-30368.176, -11706.151], [-30368.489, -11706.47], [-30361.277, -11713.422], [-30356.346, -11708.11], [-30357.514, -11707.008], [-30363.894, -11701.271], [-30368.176, -11706.151]]]}}, {"type": "Feature", "properties": {"nome": "994+", "codice": "12", "vertici": 5}, "geometry": {"type": "Polygon", "coordinates": [[[-29951.696, -12356.231], [-29947.427, -12359.327], [-29945.621, -12356.874], [-29949.891, -12353.778], [-29951.696, -12356.231]]]}}, {"type": "Feature", "properties": {"nome": "107+", "codice": "12", "vertici": 15}, "geometry": {"type": "Polygon", "coordinates": [[[-30495.132, -11478.012], [-30495.792, -11478.252], [-30494.06, -11483.319], [-30493.257, -11486.003], [-30492.323, -11485.776], [-30491.456, -11488.6], [-30487.011, -11487.678], [-30488.009, -11484.388], [-30484.763, -11483.333], [-30488.211, -11472.4], [-30491.131, -11473.077], [-30495.244, -11473.879], [-30494.881, -11475.441], [-30495.803, -11475.965], [-30495.132, -11478.012]]]}}, {"type": "Feature", "properties": {"nome": "632+", "codice": "12", "vertici": 5}, "geometry": {"type": "Polygon", "coordinates": [[[-31009.406, -11444.215], [-31009.013, -11445.933], [-31007.228, -11445.317], [-31007.417, -11443.724], [-31009.406, -11444.215]]]}}, {"type": "Feature", "properties": {"nome": "4+", "codice": "12", "vertici": 12}, "geometry": {"type": "Polygon", "coordinates": [[[-30987.01, -11447.207], [-30987.588, -11448.32], [-30985.434, -11449.563], [-30986.324, -11450.845], [-30986.03, -11451.125], [-30982.898, -11454.126], [-30982.063, -11454.538], [-30979.762, -11456.254], [-30977.003, -11452.086], [-30977.077, -11451.71], [-30984.764, -11444.254], [-30987.01, -11447.207]]]}}, {"type": "Feature", "properties": {"nome": "632+", "codice": "12", "vertici": 9}, "geometry": {"type": "Polygon", "coordinates": [[[-30995.509, -11442.509], [-30989.093, -11446.21], [-30989.66, -11447.12], [-30987.588, -11448.32], [-30987.01, -11447.207], [-30984.764, -11444.254], [-30985.622, -11442.943], [-30993.111, -11438.783], [-30995.509, -11442.509]]]}}, {"type": "Feature", "properties": {"nome": "201+", "codice": "12", "vertici": 12}, "geometry": {"type": "Polygon", "coordinates": [[[-29747.447, -11596.549], [-29747.531, -11596.475], [-29789.763, -11633.018], [-29783.518, -11639.912], [-29756.169, -11616.997], [-29753.143, -11612.939], [-29753.796, -11611.987], [-29742.785, -11600.749], [-29743.039, -11600.521], [-29740.789, -11597.987], [-29744.44, -11594.691], [-29747.447, -11596.549]]]}}, {"type": "Feature", "properties": {"nome": "515+", "codice": "12", "vertici": 11}, "geometry": {"type": "Polygon", "coordinates": [[[-30275.001, -11592.651], [-30269.853, -11597.726], [-30268.941, -11596.61], [-30266.342, -11598.767], [-30261.057, -11593.614], [-30263.574, -11591.028], [-30262.612, -11590.051], [-30267.057, -11585.573], [-30269.253, -11587.808], [-30269.795, -11587.281], [-30275.001, -11592.651]]]}}, {"type": "Feature", "properties": {"nome": "515+", "codice": "12", "vertici": 5}, "geometry": {"type": "Polygon", "coordinates": [[[-30278.615, -11597.812], [-30269.248, -11606.532], [-30266.873, -11603.983], [-30276.197, -11595.172], [-30278.615, -11597.812]]]}}, {"type": "Feature", "properties": {"nome": "875+", "codice": "12", "vertici": 7}, "geometry": {"type": "Polygon", "coordinates": [[[-30515.622, -11673.273], [-30515.941, -11677.331], [-30504.895, -11678.946], [-30504.82, -11678.314], [-30500.917, -11678.548], [-30500.446, -11675.062], [-30515.622, -11673.273]]]}}, {"type": "Feature", "properties": {"nome": "745+", "codice": "12", "vertici": 5}, "geometry": {"type": "Polygon", "coordinates": [[[-30201.607, -11686.178], [-30199.932, -11687.813], [-30196.878, -11684.593], [-30198.54, -11683.066], [-30201.607, -11686.178]]]}}, {"type": "Feature", "properties": {"nome": "703+", "codice": "12", "vertici": 5}, "geometry": {"type": "Polygon", "coordinates": [[[-30518.047, -11686.474], [-30516.971, -11694.002], [-30508.647, -11692.565], [-30509.675, -11685.35], [-30518.047, -11686.474]]]}}, {"type": "Feature", "properties": {"nome": "746+", "codice": "12", "vertici": 5}, "geometry": {"type": "Polygon", "coordinates": [[[-30207.378, -11689.032], [-30206.11, -11690.862], [-30203.433, -11688.974], [-30204.671, -11687.166], [-30207.378, -11689.032]]]}}, {"type": "Feature", "properties": {"nome": "747+", "codice": "12", "vertici": 5}, "geometry": {"type": "Polygon", "coordinates": [[[-30217.482, -11693.617], [-30216.497, -11695.433], [-30213.778, -11693.948], [-30214.786, -11692.042], [-30217.482, -11693.617]]]}}, {"type": "Feature", "properties": {"nome": "896+", "codice": "12", "vertici": 8}, "geometry": {"type": "Polygon", "coordinates": [[[-30205.659, -11798.406], [-30208.059, -11803.065], [-30203.296, -11805.699], [-30198.842, -11808.153], [-30194.823, -11799.488], [-30199.207, -11797.004], [-30203.634, -11794.52], [-30205.659, -11798.406]]]}}, {"type": "Feature", "properties": {"nome": "114+", "codice": "12", "vertici": 10}, "geometry": {"type": "Polygon", "coordinates": [[[-30397.428, -11533.389], [-30391.861, -11536.375], [-30388.476, -11528.87], [-30393.885, -11525.853], [-30394.921, -11525.34], [-30396.318, -11524.651], [-30398.316, -11528.277], [-30400.077, -11531.731], [-30398.271, -11532.861], [-30397.428, -11533.389]]]}}, {"type": "Feature", "properties": {"nome": "240+", "codice": "12", "vertici": 5}, "geometry": {"type": "Polygon", "coordinates": [[[-30082.081, -11979.197], [-30095.895, -11985.52], [-30091.256, -11996.51], [-30077.239, -11989.985], [-30082.081, -11979.197]]]}}, {"type": "Feature", "properties": {"nome": "894+", "codice": "12", "vertici": 9}, "geometry": {"type": "Polygon", "coordinates": [[[-29945.509, -11526.509], [-29944.527, -11524.648], [-29963.337, -11512.289], [-29967.037, -11518.146], [-29973.357, -11527.81], [-29956.462, -11538.574], [-29950.039, -11528.647], [-29947.317, -11530.445], [-29945.509, -11526.509]]]}}, {"type": "Feature", "properties": {"nome": "469+", "codice": "12", "vertici": 9}, "geometry": {"type": "Polygon", "coordinates": [[[-30417.102, -11682.201], [-30417.442, -11684.13], [-30415.467, -11684.451], [-30415.686, -11685.881], [-30410.172, -11686.698], [-30408.982, -11680.196], [-30414.346, -11679.289], [-30414.996, -11682.628], [-30417.102, -11682.201]]]}}, {"type": "Feature", "properties": {"nome": "80+", "codice": "12", "vertici": 9}, "geometry": {"type": "Polygon", "coordinates": [[[-30383.222, -11693.192], [-30382.164, -11693.413], [-30381.394, -11693.759], [-30372.575, -11695.607], [-30371.536, -11690.332], [-30371.926, -11689.668], [-30378.592, -11687.598], [-30382.069, -11686.881], [-30383.222, -11693.192]]]}}, {"type": "Feature", "properties": {"nome": "207+", "codice": "12", "vertici": 7}, "geometry": {"type": "Polygon", "coordinates": [[[-29909.508, -11651.781], [-29906.509, -11661.527], [-29902.097, -11659.988], [-29902.863, -11657.619], [-29899.555, -11656.463], [-29902.113, -11648.981], [-29909.508, -11651.781]]]}}, {"type": "Feature", "properties": {"nome": "212+", "codice": "12", "vertici": 5}, "geometry": {"type": "Polygon", "coordinates": [[[-29804.388, -11658.409], [-29799.514, -11663.995], [-29793.507, -11658.948], [-29798.322, -11652.953], [-29804.388, -11658.409]]]}}, {"type": "Feature", "properties": {"nome": "79+", "codice": "12", "vertici": 29}, "geometry": {"type": "Polygon", "coordinates": [[[-30416.747, -11663.832], [-30417.302, -11667.876], [-30416.139, -11668.11], [-30413.077, -11668.91], [-30413.078, -11669.239], [-30409.258, -11670.037], [-30409.159, -11669.549], [-30405.99, -11670.018], [-30401.08, -11670.876], [-30400.651, -11668.437], [-30400.178, -11668.535], [-30399.999, -11667.654], [-30397.345, -11668.09], [-30396.962, -11667.105], [-30394.303, -11666.982], [-30394.046, -11667.255], [-30393.348, -11662.794], [-30399.117, -11661.823], [-30398.869, -11660.601], [-30401.789, -11660.004], [-30402.238, -11662.776], [-30405.652, -11662.124], [-30405.107, -11659.771], [-30413.655, -11658.719], [-30414.076, -11662.739], [-30412.581, -11662.932], [-30412.821, -11664.384], [-30415.267, -11663.995], [-30416.747, -11663.832]]]}}, {"type": "Feature", "properties": {"nome": "214+", "codice": "12", "vertici": 5}, "geometry": {"type": "Polygon", "coordinates": [[[-29802.11, -11665.882], [-29809.084, -11671.74], [-29803.094, -11678.332], [-29796.445, -11672.127], [-29802.11, -11665.882]]]}}, {"type": "Feature", "properties": {"nome": "707+", "codice": "12", "vertici": 6}, "geometry": {"type": "Polygon", "coordinates": [[[-30396.962, -11667.105], [-30397.345, -11668.09], [-30394.309, -11668.605], [-30394.046, -11667.255], [-30394.303, -11666.982], [-30396.962, -11667.105]]]}}, {"type": "Feature", "properties": {"nome": "208+", "codice": "12", "vertici": 5}, "geometry": {"type": "Polygon", "coordinates": [[[-29932.096, -11671.524], [-29930.736, -11676.779], [-29926.482, -11675.923], [-29927.861, -11670.61], [-29932.096, -11671.524]]]}}, {"type": "Feature", "properties": {"nome": "80+", "codice": "12", "vertici": 13}, "geometry": {"type": "Polygon", "coordinates": [[[-30390.58, -11674.821], [-30390.68, -11676.328], [-30390.368, -11677.742], [-30389.919, -11677.713], [-30387.96, -11677.669], [-30387.966, -11677.3], [-30387.766, -11677.258], [-30387.046, -11680.698], [-30382.546, -11679.745], [-30382.58, -11679.392], [-30383.803, -11673.527], [-30388.022, -11674.285], [-30390.58, -11674.821]]]}}, {"type": "Feature", "properties": {"nome": "240+", "codice": "12", "vertici": 5}, "geometry": {"type": "Polygon", "coordinates": [[[-30105.307, -11972.872], [-30103.042, -11978.288], [-30100.693, -11977.408], [-30102.85, -11971.92], [-30105.307, -11972.872]]]}}, {"type": "Feature", "properties": {"nome": "470+", "codice": "12", "vertici": 13}, "geometry": {"type": "Polygon", "coordinates": [[[-29851.949, -11599.722], [-29856.069, -11603.604], [-29851.848, -11608.512], [-29842.056, -11599.553], [-29842.455, -11598.956], [-29839.604, -11596.308], [-29840.174, -11595.479], [-29835.886, -11591.542], [-29835.562, -11589.714], [-29840.097, -11584.454], [-29846.526, -11589.087], [-29854.719, -11596.085], [-29851.949, -11599.722]]]}}, {"type": "Feature", "properties": {"nome": "381+", "codice": "12", "vertici": 8}, "geometry": {"type": "Polygon", "coordinates": [[[-30089.735, -11967.223], [-30091.314, -11967.895], [-30087.294, -11977.99], [-30079.174, -11974.582], [-30081.337, -11970.482], [-30082.079, -11971.016], [-30084.289, -11966.087], [-30089.735, -11967.223]]]}}, {"type": "Feature", "properties": {"nome": "211+", "codice": "12", "vertici": 7}, "geometry": {"type": "Polygon", "coordinates": [[[-29810.536, -11651.582], [-29804.388, -11658.409], [-29798.322, -11652.953], [-29794.908, -11649.853], [-29801.169, -11643.331], [-29810.445, -11651.5], [-29810.536, -11651.582]]]}}, {"type": "Feature", "properties": {"nome": "213+", "codice": "12", "vertici": 7}, "geometry": {"type": "Polygon", "coordinates": [[[-29810.536, -11651.582], [-29819.508, -11659.763], [-29809.084, -11671.74], [-29802.11, -11665.882], [-29799.514, -11663.995], [-29804.388, -11658.409], [-29810.536, -11651.582]]]}}, {"type": "Feature", "properties": {"nome": "969+", "codice": "12", "vertici": 5}, "geometry": {"type": "Polygon", "coordinates": [[[-30970.137, -11467.144], [-30969.195, -11461.462], [-30975.687, -11460.365], [-30976.594, -11465.755], [-30970.137, -11467.144]]]}}, {"type": "Feature", "properties": {"nome": "550+", "codice": "12", "vertici": 7}, "geometry": {"type": "Polygon", "coordinates": [[[-29931.53, -11922.649], [-29932.101, -11923.075], [-29930.08, -11925.914], [-29929.475, -11925.517], [-29927.495, -11924.063], [-29929.52, -11921.225], [-29931.53, -11922.649]]]}}, {"type": "Feature", "properties": {"nome": "968+", "codice": "12", "vertici": 11}, "geometry": {"type": "Polygon", "coordinates": [[[-29960.861, -12000.821], [-29963.526, -11996.134], [-29968.411, -11998.877], [-29965.776, -12003.586], [-29958.994, -12015.381], [-29954.063, -12012.554], [-29953.097, -12011.904], [-29953.187, -12011.397], [-29955.916, -12006.75], [-29956.95, -12007.421], [-29960.861, -12000.821]]]}}, {"type": "Feature", "properties": {"nome": "444+", "codice": "12", "vertici": 6}, "geometry": {"type": "Polygon", "coordinates": [[[-29989.161, -12156.85], [-29992.932, -12163.316], [-29987.51, -12168.237], [-29982.578, -12160.305], [-29982.667, -12159.504], [-29989.161, -12156.85]]]}}, {"type": "Feature", "properties": {"nome": "1078+", "codice": "12", "vertici": 6}, "geometry": {"type": "Polygon", "coordinates": [[[-30296.539, -11595.292], [-30287.967, -11605.809], [-30279.396, -11616.327], [-30273.195, -11611.269], [-30290.33, -11590.298], [-30296.539, -11595.292]]]}}, {"type": "Feature", "properties": {"nome": "612+", "codice": "12", "vertici": 9}, "geometry": {"type": "Polygon", "coordinates": [[[-29957.735, -12083.611], [-29954.723, -12092.549], [-29950.131, -12091.058], [-29950.646, -12089.355], [-29948.517, -12088.864], [-29949.885, -12084.03], [-29950.568, -12084.11], [-29951.348, -12081.617], [-29957.735, -12083.611]]]}}, {"type": "Feature", "properties": {"nome": "374+", "codice": "12", "vertici": 5}, "geometry": {"type": "Polygon", "coordinates": [[[-29921.239, -12083.736], [-29920.296, -12087.539], [-29918.465, -12087.432], [-29919.557, -12083.627], [-29921.239, -12083.736]]]}}, {"type": "Feature", "properties": {"nome": "374+", "codice": "12", "vertici": 16}, "geometry": {"type": "Polygon", "coordinates": [[[-29920.968, -12062.054], [-29920.425, -12065.208], [-29920.523, -12065.706], [-29917.789, -12080.957], [-29915.491, -12080.624], [-29915.389, -12081.503], [-29909.416, -12080.706], [-29909.295, -12081.573], [-29908.05, -12081.492], [-29908.358, -12079.439], [-29908.393, -12079.058], [-29909.419, -12079.17], [-29912.213, -12063.918], [-29913.278, -12064.041], [-29913.841, -12061.077], [-29920.968, -12062.054]]]}}, {"type": "Feature", "properties": {"nome": "381+", "codice": "12", "vertici": 5}, "geometry": {"type": "Polygon", "coordinates": [[[-30091.174, -11978.478], [-30090.221, -11980.697], [-30088.954, -11980.15], [-30089.812, -11977.974], [-30091.174, -11978.478]]]}}, {"type": "Feature", "properties": {"nome": "339+", "codice": "12", "vertici": 5}, "geometry": {"type": "Polygon", "coordinates": [[[-30161.001, -11988.764], [-30160.254, -11992.0], [-30157.254, -11991.255], [-30158.254, -11988.272], [-30161.001, -11988.764]]]}}, {"type": "Feature", "properties": {"nome": "253+", "codice": "12", "vertici": 5}, "geometry": {"type": "Polygon", "coordinates": [[[-30015.77, -12015.118], [-30013.514, -12020.204], [-30008.997, -12018.303], [-30011.159, -12013.209], [-30015.77, -12015.118]]]}}, {"type": "Feature", "properties": {"nome": "374+", "codice": "12", "vertici": 7}, "geometry": {"type": "Polygon", "coordinates": [[[-29924.955, -12036.884], [-29924.773, -12038.758], [-29923.647, -12038.697], [-29923.424, -12041.6], [-29921.065, -12041.118], [-29922.038, -12036.186], [-29924.955, -12036.884]]]}}, {"type": "Feature", "properties": {"nome": "234+", "codice": "12", "vertici": 5}, "geometry": {"type": "Polygon", "coordinates": [[[-30076.779, -11904.185], [-30079.821, -11907.461], [-30075.189, -11912.026], [-30072.07, -11908.637], [-30076.779, -11904.185]]]}}, {"type": "Feature", "properties": {"nome": "234+", "codice": "12", "vertici": 7}, "geometry": {"type": "Polygon", "coordinates": [[[-30092.823, -11907.807], [-30088.596, -11924.636], [-30083.517, -11922.699], [-30086.418, -11910.117], [-30083.408, -11909.299], [-30084.452, -11905.11], [-30092.823, -11907.807]]]}}, {"type": "Feature", "properties": {"nome": "244+", "codice": "12", "vertici": 5}, "geometry": {"type": "Polygon", "coordinates": [[[-29985.162, -11908.368], [-29983.253, -11912.763], [-29979.155, -11911.02], [-29981.268, -11906.707], [-29985.162, -11908.368]]]}}, {"type": "Feature", "properties": {"nome": "334+", "codice": "12", "vertici": 5}, "geometry": {"type": "Polygon", "coordinates": [[[-30111.036, -11943.261], [-30111.253, -11946.561], [-30107.969, -11946.851], [-30107.692, -11943.373], [-30111.036, -11943.261]]]}}, {"type": "Feature", "properties": {"nome": "241+", "codice": "12", "vertici": 13}, "geometry": {"type": "Polygon", "coordinates": [[[-30094.367, -11950.309], [-30094.142, -11952.531], [-30093.58, -11956.71], [-30086.764, -11956.509], [-30086.864, -11951.951], [-30087.275, -11949.851], [-30087.763, -11945.018], [-30091.588, -11945.231], [-30094.168, -11945.228], [-30094.194, -11947.194], [-30091.404, -11947.096], [-30091.106, -11950.102], [-30094.367, -11950.309]]]}}, {"type": "Feature", "properties": {"nome": "340+", "codice": "12", "vertici": 11}, "geometry": {"type": "Polygon", "coordinates": [[[-30093.58, -11956.71], [-30093.678, -11957.711], [-30093.254, -11961.254], [-30091.167, -11960.73], [-30089.735, -11967.223], [-30084.289, -11966.087], [-30085.507, -11959.669], [-30086.071, -11959.672], [-30086.362, -11958.347], [-30086.764, -11956.509], [-30093.58, -11956.71]]]}}, {"type": "Feature", "properties": {"nome": "250+", "codice": "12", "vertici": 6}, "geometry": {"type": "Polygon", "coordinates": [[[-30065.707, -11973.675], [-30061.319, -11983.366], [-30058.626, -11982.14], [-30051.822, -11979.041], [-30056.376, -11969.6], [-30065.707, -11973.675]]]}}, {"type": "Feature", "properties": {"nome": "901+", "codice": "12", "vertici": 5}, "geometry": {"type": "Polygon", "coordinates": [[[-30031.743, -11869.189], [-30030.314, -11871.208], [-30027.778, -11869.721], [-30029.33, -11867.447], [-30031.743, -11869.189]]]}}, {"type": "Feature", "properties": {"nome": "901+", "codice": "12", "vertici": 5}, "geometry": {"type": "Polygon", "coordinates": [[[-30016.226, -11880.322], [-30014.686, -11882.989], [-30012.179, -11881.493], [-30013.777, -11879.015], [-30016.226, -11880.322]]]}}, {"type": "Feature", "properties": {"nome": "372+", "codice": "12", "vertici": 5}, "geometry": {"type": "Polygon", "coordinates": [[[-29954.803, -11886.837], [-29957.851, -11888.981], [-29951.621, -11897.252], [-29947.754, -11894.656], [-29954.803, -11886.837]]]}}, {"type": "Feature", "properties": {"nome": "1023+", "codice": "12", "vertici": 5}, "geometry": {"type": "Polygon", "coordinates": [[[-30146.255, -11905.017], [-30144.254, -11907.763], [-30141.609, -11907.026], [-30143.0, -11904.018], [-30146.255, -11905.017]]]}}, {"type": "Feature", "properties": {"nome": "253+", "codice": "12", "vertici": 16}, "geometry": {"type": "Polygon", "coordinates": [[[-29998.656, -12035.695], [-30000.778, -12029.403], [-30004.162, -12030.552], [-30002.254, -12036.281], [-30000.192, -12035.581], [-29996.554, -12046.21], [-29995.307, -12045.786], [-29995.659, -12044.765], [-29990.26, -12042.379], [-29985.051, -12040.524], [-29985.51, -12038.901], [-29982.603, -12037.94], [-29986.029, -12028.016], [-29994.776, -12030.897], [-29993.753, -12034.028], [-29998.656, -12035.695]]]}}, {"type": "Feature", "properties": {"nome": "602+", "codice": "12", "vertici": 7}, "geometry": {"type": "Polygon", "coordinates": [[[-29942.467, -12064.804], [-29946.992, -12066.6], [-29943.248, -12075.916], [-29936.61, -12073.253], [-29938.321, -12068.21], [-29940.723, -12069.155], [-29942.467, -12064.804]]]}}, {"type": "Feature", "properties": {"nome": "1025+", "codice": "12", "vertici": 5}, "geometry": {"type": "Polygon", "coordinates": [[[-30986.232, -11558.599], [-30982.059, -11562.058], [-30979.796, -11559.287], [-30983.97, -11555.827], [-30986.232, -11558.599]]]}}, {"type": "Feature", "properties": {"nome": "9+", "codice": "12", "vertici": 22}, "geometry": {"type": "Polygon", "coordinates": [[[-30951.774, -11469.67], [-30948.089, -11466.435], [-30954.31, -11459.136], [-30950.875, -11456.312], [-30954.404, -11452.653], [-30954.754, -11453.069], [-30957.122, -11455.196], [-30959.04, -11453.463], [-30963.164, -11449.778], [-30968.504, -11453.516], [-30963.284, -11459.861], [-30965.263, -11461.527], [-30964.923, -11463.851], [-30963.674, -11465.279], [-30962.727, -11464.484], [-30961.919, -11465.407], [-30960.297, -11464.04], [-30958.021, -11466.726], [-30956.39, -11465.461], [-30956.457, -11465.386], [-30955.935, -11464.94], [-30951.774, -11469.67]]]}}, {"type": "Feature", "properties": {"nome": "516+", "codice": "12", "vertici": 13}, "geometry": {"type": "Polygon", "coordinates": [[[-30259.737, -11570.427], [-30263.009, -11574.261], [-30257.368, -11578.961], [-30254.776, -11575.872], [-30255.628, -11575.16], [-30254.761, -11574.078], [-30253.25, -11575.293], [-30249.121, -11570.065], [-30255.601, -11565.143], [-30257.876, -11567.866], [-30258.74, -11567.1], [-30260.79, -11569.639], [-30259.737, -11570.427]]]}}, {"type": "Feature", "properties": {"nome": "908+", "codice": "12", "vertici": 5}, "geometry": {"type": "Polygon", "coordinates": [[[-30277.942, -11676.478], [-30279.368, -11680.785], [-30266.392, -11684.146], [-30264.858, -11679.836], [-30277.942, -11676.478]]]}}, {"type": "Feature", "properties": {"nome": "691+", "codice": "12", "vertici": 6}, "geometry": {"type": "Polygon", "coordinates": [[[-30249.652, -11675.292], [-30255.124, -11676.183], [-30254.89, -11680.045], [-30249.712, -11679.609], [-30249.58, -11675.931], [-30249.652, -11675.292]]]}}, {"type": "Feature", "properties": {"nome": "550+", "codice": "12", "vertici": 6}, "geometry": {"type": "Polygon", "coordinates": [[[-29935.55, -11910.737], [-29939.269, -11905.575], [-29944.32, -11909.17], [-29937.822, -11916.876], [-29933.369, -11913.601], [-29935.55, -11910.737]]]}}, {"type": "Feature", "properties": {"nome": "1063+", "codice": "12", "vertici": 14}, "geometry": {"type": "Polygon", "coordinates": [[[-30492.452, -11452.248], [-30493.507, -11448.971], [-30491.26, -11448.138], [-30494.159, -11439.952], [-30495.438, -11440.315], [-30496.76, -11436.581], [-30505.133, -11439.247], [-30502.878, -11445.417], [-30500.669, -11452.274], [-30498.917, -11451.793], [-30498.151, -11453.962], [-30497.873, -11454.802], [-30492.217, -11453.142], [-30492.452, -11452.248]]]}}, {"type": "Feature", "properties": {"nome": "153+", "codice": "12", "vertici": 7}, "geometry": {"type": "Polygon", "coordinates": [[[-30269.331, -11499.01], [-30271.207, -11501.072], [-30273.083, -11503.134], [-30272.592, -11503.525], [-30270.245, -11505.644], [-30266.589, -11501.655], [-30269.331, -11499.01]]]}}, {"type": "Feature", "properties": {"nome": "153+", "codice": "12", "vertici": 11}, "geometry": {"type": "Polygon", "coordinates": [[[-30292.249, -11507.436], [-30291.453, -11507.948], [-30283.179, -11513.937], [-30276.781, -11505.894], [-30281.139, -11502.673], [-30285.498, -11499.451], [-30286.158, -11500.225], [-30287.174, -11499.459], [-30287.92, -11500.42], [-30286.958, -11501.15], [-30292.249, -11507.436]]]}}, {"type": "Feature", "properties": {"nome": "256+", "codice": "12", "vertici": 7}, "geometry": {"type": "Polygon", "coordinates": [[[-30073.133, -12048.485], [-30076.659, -12049.49], [-30075.449, -12056.688], [-30068.585, -12055.392], [-30070.427, -12045.205], [-30073.564, -12045.783], [-30073.133, -12048.485]]]}}, {"type": "Feature", "properties": {"nome": "256+", "codice": "12", "vertici": 5}, "geometry": {"type": "Polygon", "coordinates": [[[-30077.879, -12047.626], [-30078.993, -12041.388], [-30081.967, -12041.97], [-30080.854, -12048.206], [-30077.879, -12047.626]]]}}, {"type": "Feature", "properties": {"nome": "447+", "codice": "12", "vertici": 7}, "geometry": {"type": "Polygon", "coordinates": [[[-29896.062, -12121.632], [-29903.945, -12117.5], [-29907.228, -12124.676], [-29902.38, -12126.972], [-29902.14, -12126.463], [-29899.021, -12127.841], [-29896.062, -12121.632]]]}}, {"type": "Feature", "properties": {"nome": "209+", "codice": "12", "vertici": 18}, "geometry": {"type": "Polygon", "coordinates": [[[-29787.181, -11645.585], [-29786.064, -11644.645], [-29782.018, -11649.544], [-29778.666, -11646.56], [-29777.882, -11647.531], [-29778.009, -11647.713], [-29777.867, -11647.815], [-29777.194, -11646.655], [-29777.798, -11645.818], [-29783.518, -11639.912], [-29789.763, -11633.018], [-29801.169, -11643.331], [-29794.908, -11649.853], [-29793.809, -11651.034], [-29791.018, -11648.756], [-29790.171, -11649.75], [-29786.382, -11646.506], [-29787.181, -11645.585]]]}}, {"type": "Feature", "properties": {"nome": "623+", "codice": "12", "vertici": 5}, "geometry": {"type": "Polygon", "coordinates": [[[-29967.331, -11863.05], [-29967.796, -11866.088], [-29963.044, -11866.753], [-29962.608, -11863.757], [-29967.331, -11863.05]]]}}, {"type": "Feature", "properties": {"nome": "232+", "codice": "12", "vertici": 5}, "geometry": {"type": "Polygon", "coordinates": [[[-30142.793, -11915.039], [-30141.0, -11923.509], [-30133.606, -11921.726], [-30135.182, -11913.46], [-30142.793, -11915.039]]]}}, {"type": "Feature", "properties": {"nome": "971+", "codice": "12", "vertici": 5}, "geometry": {"type": "Polygon", "coordinates": [[[-30870.618, -11448.303], [-30876.754, -11443.259], [-30879.944, -11447.033], [-30873.806, -11452.081], [-30870.618, -11448.303]]]}}, {"type": "Feature", "properties": {"nome": "972+", "codice": "12", "vertici": 5}, "geometry": {"type": "Polygon", "coordinates": [[[-30869.35, -11465.541], [-30873.284, -11466.05], [-30872.951, -11468.524], [-30869.017, -11468.016], [-30869.35, -11465.541]]]}}, {"type": "Feature", "properties": {"nome": "927+", "codice": "12", "vertici": 33}, "geometry": {"type": "Polygon", "coordinates": [[[-29952.763, -11642.845], [-29950.6, -11652.264], [-29950.129, -11654.232], [-29941.114, -11652.413], [-29940.701, -11652.276], [-29932.7, -11649.585], [-29927.077, -11646.975], [-29925.202, -11646.173], [-29912.212, -11639.847], [-29914.16, -11637.432], [-29911.031, -11634.938], [-29906.9, -11631.611], [-29913.193, -11624.133], [-29920.334, -11629.802], [-29920.709, -11630.103], [-29918.898, -11632.111], [-29920.04, -11632.93], [-29922.53, -11629.505], [-29924.814, -11630.932], [-29924.98, -11631.036], [-29924.223, -11632.488], [-29927.071, -11633.863], [-29928.237, -11634.294], [-29928.925, -11634.614], [-29937.918, -11638.802], [-29939.355, -11639.504], [-29940.01, -11638.06], [-29942.777, -11639.019], [-29942.417, -11640.551], [-29943.786, -11640.861], [-29946.129, -11641.341], [-29952.365, -11642.757], [-29952.763, -11642.845]]]}}, {"type": "Feature", "properties": {"nome": "926+", "codice": "12", "vertici": 5}, "geometry": {"type": "Polygon", "coordinates": [[[-29944.089, -11617.42], [-29953.628, -11618.66], [-29952.546, -11628.165], [-29943.016, -11626.933], [-29944.089, -11617.42]]]}}, {"type": "Feature", "properties": {"nome": "913+", "codice": "12", "vertici": 14}, "geometry": {"type": "Polygon", "coordinates": [[[-29990.627, -11618.198], [-29989.88, -11618.017], [-29989.931, -11617.287], [-29991.751, -11617.441], [-29992.074, -11612.825], [-29997.948, -11613.273], [-29998.413, -11613.304], [-29998.038, -11617.95], [-29999.533, -11618.066], [-29998.782, -11627.677], [-29989.808, -11626.916], [-29989.261, -11626.862], [-29989.868, -11618.207], [-29990.627, -11618.198]]]}}, {"type": "Feature", "properties": {"nome": "668+", "codice": "12", "vertici": 5}, "geometry": {"type": "Polygon", "coordinates": [[[-29798.396, -11678.209], [-29801.144, -11680.467], [-29796.894, -11685.11], [-29795.163, -11682.07], [-29798.396, -11678.209]]]}}, {"type": "Feature", "properties": {"nome": "209+", "codice": "12", "vertici": 5}, "geometry": {"type": "Polygon", "coordinates": [[[-29803.419, -11640.774], [-29802.565, -11641.745], [-29799.471, -11638.973], [-29800.302, -11637.981], [-29803.419, -11640.774]]]}}, {"type": "Feature", "properties": {"nome": "781+", "codice": "12", "vertici": 5}, "geometry": {"type": "Polygon", "coordinates": [[[-30049.879, -11441.135], [-30050.538, -11445.042], [-30044.743, -11445.863], [-30044.114, -11442.155], [-30049.879, -11441.135]]]}}, {"type": "Feature", "properties": {"nome": "14+", "codice": "12", "vertici": 5}, "geometry": {"type": "Polygon", "coordinates": [[[-30936.213, -11457.214], [-30934.996, -11458.925], [-30932.428, -11457.006], [-30933.793, -11455.267], [-30936.213, -11457.214]]]}}, {"type": "Feature", "properties": {"nome": "974+", "codice": "12", "vertici": 7}, "geometry": {"type": "Polygon", "coordinates": [[[-30362.961, -11489.606], [-30362.456, -11486.175], [-30365.147, -11486.191], [-30365.364, -11492.017], [-30363.583, -11492.402], [-30363.217, -11489.84], [-30362.961, -11489.606]]]}}, {"type": "Feature", "properties": {"nome": "974+", "codice": "12", "vertici": 15}, "geometry": {"type": "Polygon", "coordinates": [[[-30357.302, -11476.578], [-30356.166, -11472.894], [-30359.172, -11471.883], [-30359.888, -11473.625], [-30359.327, -11473.924], [-30359.845, -11475.806], [-30360.464, -11475.607], [-30361.609, -11480.023], [-30360.9, -11480.216], [-30361.682, -11482.523], [-30359.122, -11483.245], [-30358.119, -11480.92], [-30358.019, -11480.946], [-30356.896, -11476.686], [-30357.302, -11476.578]]]}}, {"type": "Feature", "properties": {"nome": "641+", "codice": "12", "vertici": 6}, "geometry": {"type": "Polygon", "coordinates": [[[-30096.072, -11938.561], [-30096.493, -11945.214], [-30094.168, -11945.228], [-30091.588, -11945.231], [-30091.763, -11938.509], [-30096.072, -11938.561]]]}}, {"type": "Feature", "properties": {"nome": "771+", "codice": "12", "vertici": 5}, "geometry": {"type": "Polygon", "coordinates": [[[-29940.671, -11961.608], [-29944.327, -11963.984], [-29938.086, -11974.39], [-29934.557, -11972.077], [-29940.671, -11961.608]]]}}, {"type": "Feature", "properties": {"nome": "773+", "codice": "12", "vertici": 5}, "geometry": {"type": "Polygon", "coordinates": [[[-30155.036, -11991.215], [-30153.728, -11994.343], [-30149.882, -11993.08], [-30151.039, -11989.826], [-30155.036, -11991.215]]]}}, {"type": "Feature", "properties": {"nome": "118+", "codice": "12", "vertici": 22}, "geometry": {"type": "Polygon", "coordinates": [[[-30353.762, -11548.792], [-30358.416, -11550.122], [-30358.156, -11551.02], [-30364.324, -11552.666], [-30362.472, -11559.529], [-30361.088, -11559.144], [-30359.295, -11565.382], [-30354.026, -11563.893], [-30354.578, -11561.986], [-30349.285, -11560.562], [-30350.621, -11555.789], [-30351.288, -11555.976], [-30351.856, -11553.875], [-30349.714, -11553.302], [-30350.685, -11549.944], [-30344.497, -11548.268], [-30347.42, -11537.993], [-30352.454, -11532.138], [-30360.974, -11539.146], [-30356.057, -11545.262], [-30354.873, -11544.928], [-30353.762, -11548.792]]]}}, {"type": "Feature", "properties": {"nome": "175+", "codice": "12", "vertici": 7}, "geometry": {"type": "Polygon", "coordinates": [[[-29925.523, -11493.156], [-29926.635, -11501.126], [-29918.287, -11502.683], [-29918.175, -11497.762], [-29915.151, -11498.128], [-29915.24, -11494.352], [-29925.523, -11493.156]]]}}, {"type": "Feature", "properties": {"nome": "633+", "codice": "12", "vertici": 11}, "geometry": {"type": "Polygon", "coordinates": [[[-29957.791, -11503.954], [-29960.003, -11507.402], [-29954.871, -11510.558], [-29953.72, -11510.145], [-29951.188, -11511.709], [-29948.976, -11508.018], [-29946.762, -11503.902], [-29955.647, -11498.754], [-29958.006, -11502.689], [-29958.503, -11503.453], [-29957.791, -11503.954]]]}}, {"type": "Feature", "properties": {"nome": "535+", "codice": "12", "vertici": 5}, "geometry": {"type": "Polygon", "coordinates": [[[-30453.939, -11508.335], [-30449.635, -11521.238], [-30441.356, -11518.798], [-30445.147, -11505.758], [-30453.939, -11508.335]]]}}, {"type": "Feature", "properties": {"nome": "534+", "codice": "12", "vertici": 5}, "geometry": {"type": "Polygon", "coordinates": [[[-30466.852, -11511.333], [-30465.112, -11517.041], [-30457.296, -11514.726], [-30458.973, -11508.821], [-30466.852, -11511.333]]]}}, {"type": "Feature", "properties": {"nome": "314+", "codice": "12", "vertici": 9}, "geometry": {"type": "Polygon", "coordinates": [[[-29676.549, -11546.1], [-29677.671, -11548.529], [-29674.843, -11550.519], [-29672.311, -11546.418], [-29670.211, -11543.059], [-29675.036, -11542.478], [-29675.197, -11542.458], [-29677.327, -11545.393], [-29676.549, -11546.1]]]}}, {"type": "Feature", "properties": {"nome": "741+", "codice": "12", "vertici": 5}, "geometry": {"type": "Polygon", "coordinates": [[[-30228.688, -11547.885], [-30229.177, -11549.981], [-30227.667, -11550.314], [-30227.177, -11548.189], [-30228.688, -11547.885]]]}}, {"type": "Feature", "properties": {"nome": "740+", "codice": "12", "vertici": 5}, "geometry": {"type": "Polygon", "coordinates": [[[-30544.451, -11551.342], [-30542.239, -11556.844], [-30538.576, -11555.543], [-30541.099, -11549.891], [-30544.451, -11551.342]]]}}, {"type": "Feature", "properties": {"nome": "190+", "codice": "12", "vertici": 23}, "geometry": {"type": "Polygon", "coordinates": [[[-30017.06, -11588.497], [-30017.73, -11590.555], [-30016.136, -11594.432], [-30012.05, -11593.225], [-30011.486, -11594.29], [-30007.844, -11593.269], [-30007.501, -11594.329], [-30004.363, -11593.464], [-30003.99, -11594.614], [-29998.805, -11592.922], [-30002.832, -11579.703], [-30003.057, -11578.788], [-30004.177, -11578.772], [-30005.533, -11574.605], [-30007.937, -11572.913], [-30009.147, -11568.315], [-30013.261, -11569.602], [-30013.723, -11573.109], [-30012.322, -11572.91], [-30011.246, -11575.063], [-30013.931, -11585.824], [-30014.793, -11587.592], [-30017.06, -11588.497]]]}}, {"type": "Feature", "properties": {"nome": "246+", "codice": "12", "vertici": 5}, "geometry": {"type": "Polygon", "coordinates": [[[-29967.106, -11926.536], [-29959.733, -11944.352], [-29950.319, -11940.581], [-29958.138, -11922.984], [-29967.106, -11926.536]]]}}, {"type": "Feature", "properties": {"nome": "246+", "codice": "12", "vertici": 5}, "geometry": {"type": "Polygon", "coordinates": [[[-29955.91, -11945.409], [-29955.008, -11947.685], [-29952.596, -11946.761], [-29953.525, -11944.499], [-29955.91, -11945.409]]]}}, {"type": "Feature", "properties": {"nome": "183+", "codice": "12", "vertici": 17}, "geometry": {"type": "Polygon", "coordinates": [[[-29997.605, -11550.934], [-30000.076, -11554.032], [-29989.467, -11563.911], [-29986.67, -11561.27], [-29983.718, -11564.43], [-29982.842, -11565.663], [-29981.803, -11565.444], [-29977.463, -11569.648], [-29975.838, -11568.656], [-29973.755, -11570.117], [-29969.643, -11566.517], [-29977.494, -11557.439], [-29991.171, -11541.5], [-29995.601, -11546.437], [-29996.953, -11548.288], [-29998.452, -11549.948], [-29997.605, -11550.934]]]}}, {"type": "Feature", "properties": {"nome": "131+", "codice": "12", "vertici": 15}, "geometry": {"type": "Polygon", "coordinates": [[[-30249.652, -11675.292], [-30249.58, -11675.931], [-30249.712, -11679.609], [-30248.219, -11683.244], [-30243.9, -11681.984], [-30244.033, -11681.332], [-30244.635, -11679.212], [-30238.851, -11678.19], [-30237.582, -11676.513], [-30235.958, -11676.413], [-30233.475, -11676.052], [-30233.84, -11673.644], [-30236.067, -11673.845], [-30236.115, -11672.637], [-30249.652, -11675.292]]]}}, {"type": "Feature", "properties": {"nome": "23+", "codice": "12", "vertici": 13}, "geometry": {"type": "Polygon", "coordinates": [[[-30810.813, -11540.361], [-30813.19, -11542.077], [-30813.472, -11542.331], [-30817.761, -11545.653], [-30810.649, -11554.539], [-30806.417, -11551.443], [-30803.138, -11549.203], [-30800.39, -11547.173], [-30803.209, -11543.262], [-30807.296, -11537.843], [-30809.456, -11534.884], [-30813.06, -11537.263], [-30810.813, -11540.361]]]}}, {"type": "Feature", "properties": {"nome": "180+", "codice": "12", "vertici": 13}, "geometry": {"type": "Polygon", "coordinates": [[[-29889.426, -11506.663], [-29894.679, -11520.484], [-29888.907, -11522.702], [-29888.384, -11521.719], [-29873.186, -11527.541], [-29873.749, -11529.131], [-29866.228, -11531.72], [-29860.658, -11516.436], [-29867.3, -11514.01], [-29868.098, -11516.661], [-29882.542, -11511.909], [-29881.276, -11509.433], [-29889.426, -11506.663]]]}}, {"type": "Feature", "properties": {"nome": "1022+", "codice": "12", "vertici": 5}, "geometry": {"type": "Polygon", "coordinates": [[[-30947.255, -11508.746], [-30950.509, -11512.746], [-30946.241, -11516.483], [-30943.458, -11512.276], [-30947.255, -11508.746]]]}}, {"type": "Feature", "properties": {"nome": "177+", "codice": "12", "vertici": 16}, "geometry": {"type": "Polygon", "coordinates": [[[-29933.465, -11524.199], [-29935.684, -11526.693], [-29926.683, -11533.376], [-29921.636, -11537.905], [-29916.767, -11532.589], [-29912.472, -11529.176], [-29911.367, -11530.655], [-29905.591, -11526.282], [-29909.503, -11519.807], [-29912.729, -11513.386], [-29916.795, -11515.984], [-29916.38, -11516.996], [-29923.333, -11521.03], [-29925.653, -11520.562], [-29932.124, -11524.413], [-29933.465, -11524.199]]]}}, {"type": "Feature", "properties": {"nome": "368+", "codice": "12", "vertici": 6}, "geometry": {"type": "Polygon", "coordinates": [[[-29816.364, -11517.594], [-29823.004, -11528.4], [-29813.754, -11533.87], [-29809.696, -11536.385], [-29803.176, -11525.478], [-29816.364, -11517.594]]]}}, {"type": "Feature", "properties": {"nome": "472+", "codice": "12", "vertici": 8}, "geometry": {"type": "Polygon", "coordinates": [[[-29788.858, -11521.64], [-29794.384, -11531.361], [-29788.107, -11538.681], [-29786.276, -11537.504], [-29779.587, -11544.724], [-29769.108, -11535.811], [-29785.933, -11518.817], [-29788.858, -11521.64]]]}}, {"type": "Feature", "properties": {"nome": "421+", "codice": "12", "vertici": 19}, "geometry": {"type": "Polygon", "coordinates": [[[-29908.248, -11543.289], [-29908.13, -11548.683], [-29907.954, -11556.731], [-29899.287, -11556.908], [-29890.62, -11557.074], [-29890.815, -11553.412], [-29891.831, -11553.336], [-29892.065, -11550.797], [-29893.588, -11550.699], [-29893.623, -11547.309], [-29896.069, -11547.075], [-29895.971, -11542.38], [-29897.303, -11542.463], [-29897.373, -11539.819], [-29901.531, -11539.803], [-29901.807, -11542.378], [-29904.749, -11542.305], [-29904.953, -11543.403], [-29908.248, -11543.289]]]}}, {"type": "Feature", "properties": {"nome": "465+", "codice": "12", "vertici": 27}, "geometry": {"type": "Polygon", "coordinates": [[[-29949.791, -11557.242], [-29948.228, -11558.246], [-29948.076, -11562.705], [-29943.94, -11564.554], [-29940.661, -11564.323], [-29940.397, -11562.416], [-29933.513, -11561.512], [-29933.613, -11558.976], [-29930.217, -11558.742], [-29929.96, -11557.492], [-29925.34, -11557.197], [-29925.172, -11556.103], [-29921.689, -11555.982], [-29921.173, -11550.636], [-29924.783, -11550.053], [-29926.327, -11550.162], [-29929.095, -11547.739], [-29930.772, -11547.683], [-29931.335, -11545.446], [-29935.457, -11545.712], [-29935.196, -11550.033], [-29939.472, -11549.917], [-29939.307, -11544.94], [-29940.468, -11544.338], [-29940.239, -11543.267], [-29943.795, -11541.765], [-29949.791, -11557.242]]]}}, {"type": "Feature", "properties": {"nome": "483+", "codice": "12", "vertici": 8}, "geometry": {"type": "Polygon", "coordinates": [[[-29813.738, -11569.6], [-29810.277, -11573.289], [-29787.854, -11553.4], [-29790.883, -11549.821], [-29792.912, -11549.767], [-29798.801, -11543.56], [-29800.943, -11545.087], [-29813.738, -11569.6]]]}}, {"type": "Feature", "properties": {"nome": "743+", "codice": "12", "vertici": 10}, "geometry": {"type": "Polygon", "coordinates": [[[-30301.869, -11725.135], [-30301.47, -11724.032], [-30303.143, -11723.38], [-30304.936, -11728.577], [-30303.927, -11728.975], [-30303.553, -11728.131], [-30302.982, -11728.425], [-30294.835, -11732.588], [-30293.116, -11730.076], [-30301.869, -11725.135]]]}}, {"type": "Feature", "properties": {"nome": "11+", "codice": "12", "vertici": 18}, "geometry": {"type": "Polygon", "coordinates": [[[-30942.178, -11451.988], [-30937.336, -11448.962], [-30932.494, -11445.936], [-30935.685, -11440.912], [-30936.707, -11441.556], [-30937.438, -11440.405], [-30938.427, -11438.841], [-30937.63, -11438.294], [-30940.061, -11433.479], [-30953.001, -11440.77], [-30952.245, -11441.87], [-30950.137, -11446.502], [-30946.725, -11444.284], [-30944.926, -11446.936], [-30945.26, -11447.143], [-30947.323, -11448.442], [-30944.267, -11453.254], [-30942.178, -11451.988]]]}}, {"type": "Feature", "properties": {"nome": "153+", "codice": "12", "vertici": 21}, "geometry": {"type": "Polygon", "coordinates": [[[-30267.429, -11510.525], [-30267.385, -11510.561], [-30263.582, -11513.703], [-30260.406, -11516.302], [-30259.734, -11516.881], [-30258.45, -11517.927], [-30255.251, -11513.898], [-30255.188, -11513.82], [-30252.697, -11510.72], [-30259.174, -11505.524], [-30260.646, -11507.393], [-30260.945, -11507.754], [-30261.667, -11508.663], [-30262.133, -11508.292], [-30264.857, -11506.137], [-30265.884, -11507.446], [-30266.038, -11507.639], [-30265.721, -11507.848], [-30265.752, -11507.886], [-30267.658, -11510.337], [-30267.429, -11510.525]]]}}, {"type": "Feature", "properties": {"nome": "50+", "codice": "12", "vertici": 15}, "geometry": {"type": "Polygon", "coordinates": [[[-30671.982, -11471.601], [-30671.879, -11471.742], [-30668.078, -11469.117], [-30669.108, -11467.618], [-30666.282, -11465.644], [-30668.81, -11462.154], [-30669.965, -11462.954], [-30672.873, -11459.099], [-30675.517, -11460.975], [-30674.699, -11462.14], [-30677.464, -11464.144], [-30678.148, -11463.211], [-30679.249, -11463.99], [-30673.084, -11472.379], [-30671.982, -11471.601]]]}}, {"type": "Feature", "properties": {"nome": "193+", "codice": "12", "vertici": 34}, "geometry": {"type": "Polygon", "coordinates": [[[-29909.175, -11581.292], [-29913.173, -11581.122], [-29913.308, -11584.642], [-29912.019, -11587.571], [-29909.421, -11587.671], [-29902.215, -11588.074], [-29901.019, -11587.099], [-29900.77, -11585.801], [-29898.311, -11585.911], [-29898.903, -11598.751], [-29884.355, -11599.241], [-29883.956, -11590.83], [-29885.781, -11590.653], [-29885.762, -11588.95], [-29881.716, -11589.564], [-29878.382, -11589.457], [-29877.706, -11583.727], [-29878.028, -11582.834], [-29879.587, -11580.98], [-29880.88, -11579.354], [-29884.927, -11578.943], [-29888.973, -11578.532], [-29896.537, -11578.068], [-29896.351, -11576.536], [-29896.236, -11574.221], [-29893.524, -11574.707], [-29893.063, -11569.621], [-29896.844, -11568.974], [-29897.182, -11568.42], [-29909.764, -11568.032], [-29909.77, -11577.469], [-29909.043, -11577.828], [-29909.1, -11579.351], [-29909.175, -11581.292]]]}}, {"type": "Feature", "properties": {"nome": "275+", "codice": "12", "vertici": 17}, "geometry": {"type": "Polygon", "coordinates": [[[-29836.585, -12277.868], [-29838.657, -12281.639], [-29823.601, -12293.804], [-29823.309, -12292.846], [-29819.254, -12296.254], [-29816.175, -12293.028], [-29819.353, -12289.744], [-29817.675, -12288.602], [-29821.294, -12285.245], [-29820.593, -12284.416], [-29827.837, -12278.41], [-29829.08, -12279.458], [-29832.011, -12276.945], [-29833.241, -12278.571], [-29835.195, -12276.876], [-29836.033, -12278.053], [-29836.585, -12277.868]]]}}, {"type": "Feature", "properties": {"nome": "275+", "codice": "12", "vertici": 5}, "geometry": {"type": "Polygon", "coordinates": [[[-29839.19, -12290.452], [-29837.862, -12291.737], [-29836.08, -12289.86], [-29837.254, -12288.527], [-29839.19, -12290.452]]]}}, {"type": "Feature", "properties": {"nome": "407+", "codice": "12", "vertici": 19}, "geometry": {"type": "Polygon", "coordinates": [[[-29853.122, -12314.678], [-29852.936, -12315.828], [-29852.33, -12316.838], [-29851.394, -12317.608], [-29850.308, -12318.009], [-29849.091, -12318.034], [-29848.011, -12317.673], [-29847.088, -12316.94], [-29846.493, -12315.948], [-29846.31, -12314.789], [-29846.514, -12313.632], [-29847.127, -12312.618], [-29848.062, -12311.847], [-29849.15, -12311.445], [-29850.361, -12311.425], [-29851.423, -12311.804], [-29852.334, -12312.546], [-29852.927, -12313.538], [-29853.122, -12314.678]]]}}, {"type": "Feature", "properties": {"nome": "278+", "codice": "12", "vertici": 9}, "geometry": {"type": "Polygon", "coordinates": [[[-29924.886, -12404.191], [-29925.724, -12412.015], [-29921.037, -12412.319], [-29920.943, -12411.127], [-29918.694, -12411.281], [-29918.357, -12406.301], [-29920.575, -12406.149], [-29920.449, -12404.587], [-29924.886, -12404.191]]]}}, {"type": "Feature", "properties": {"nome": "278+", "codice": "12", "vertici": 5}, "geometry": {"type": "Polygon", "coordinates": [[[-29920.175, -12414.289], [-29920.239, -12415.571], [-29918.74, -12415.658], [-29918.826, -12414.345], [-29920.175, -12414.289]]]}}, {"type": "Feature", "properties": {"nome": "266+", "codice": "12", "vertici": 5}, "geometry": {"type": "Polygon", "coordinates": [[[-29931.795, -12188.327], [-29933.79, -12190.537], [-29930.901, -12193.049], [-29929.196, -12190.243], [-29931.795, -12188.327]]]}}, {"type": "Feature", "properties": {"nome": "378+", "codice": "12", "vertici": 5}, "geometry": {"type": "Polygon", "coordinates": [[[-29901.282, -12160.228], [-29906.99, -12169.788], [-29900.172, -12173.983], [-29894.833, -12164.607], [-29901.282, -12160.228]]]}}]}